shot,file,n_rows,t_start,t_end,t_span,ti_obs_frac,ti_spike_frac,ti_held_frac,ti_clean_n,ti_clean_frac,ti_std,ti_range,ti_transient,vt_obs_frac,vt_spike_frac,vt_held_frac,vt_clean_n,vt_clean_frac,vt_std,vt_range,vt_transient,bes_n_ch,bes_dead_ch,bes_ac1,bes_hf_ratio,bes_dyn_range,ecei_n_ch,ecei_dead_ch,ecei_ac1,ecei_hf_ratio,ecei_dyn_range,bes_crash_n,bes_crash_period_s,bes_step_rel,mc_rms,mc_rms_trim_ratio,mc_kurt,mc_ac1,mc_sustained_frac,mc_hot_frac,mc_env_coh,mc_bes_coupling,split_s42,split_s1,split_s7,split_s123,n_test_seeds,seq_CES_TI_vs_pchip,seq_CES_TI_vs_persistence,seq_CES_VT_vs_pchip,seq_CES_VT_vs_persistence,win_CES_TI_vs_pchip,win_CES_TI_vs_persistence,win_CES_VT_vs_pchip,win_CES_VT_vs_persistence,pass_gate,artifact_free,mc_value,label_value,crash_ok,diag_value,score,label_value_v2,transient_value,score_v2,literature
31915,s31915.csv,845,3.512,11.992,8.48,0.8248520710059172,0.008284023668639,0.0,690,0.8165680473372781,267.05435420021433,663.843771,2.3079007505302336,1.0,0.0,0.2307692307692307,650,0.7692307692307693,12.193479890733324,36.704926500000006,1.428632355301713,9,0,0.6241694870329328,0.6200191433670739,5.060018986020841,4,0,0.8611618649986456,0.3637549384863969,4.083682518550629,22,0.08,0.7286038044675737,11.336821461348764,0.9082838193454544,8.141756863769809,-0.0511761156316526,0.2343195266272189,0.2414201183431952,0.7249287615874603,0.5397883064121531,train,train,train,test,1,0.2836665638767049,0.4708408736825118,-0.8666897262432445,0.0128456951347337,0.3315430367652467,0.5044544642501465,-0.3800268401276778,0.0139527887076064,False,True,0.8429822028296915,0.9617004680187208,1.0,0.8199647946712921,0.8776283731983319,0.9606864274570983,0.4550300889586604,0.8284184643762397,none
31921,s31921.csv,508,3.512,8.612,5.1,0.8799212598425197,0.0019685039370078,0.0,446,0.8779527559055118,406.1201188985793,1265.763185,6.951454647732725,0.702755905511811,0.0,0.1200787401574803,296,0.5826771653543307,76.0465042608453,67.13289,6.287822567573673,9,0,0.6845464304169395,0.5695227670408416,8.52633741130427,4,0,0.8916297448482474,0.3229294308629096,12.092407180545436,22,0.0499999999999998,0.6201342752690848,5.011939703258109,0.8210746396226771,15.334322684773898,-0.0671731766638596,0.2125984251968504,0.2125984251968504,0.8259985632622932,0.5751329591159284,test,test,train,train,2,-0.0983122050912102,0.2517019933724875,0.3663144128481749,0.3460442599261229,-0.5718095745951256,-0.0726585550810072,0.2579571899274502,0.2394907452914714,True,True,0.7379599097773325,0.7471528861154446,1.0,0.8894537971043762,0.7866256176937848,0.7748829953198128,0.8970761381475667,0.7993206613489163,confirmed
32098,s32098.csv,645,3.012,9.492,6.48,0.9829457364341084,0.0,0.0,634,0.9829457364341084,376.1607438768678,1243.8244045,2.0133191148308764,1.0,0.0,0.1581395348837209,543,0.8418604651162791,11.333184215016194,44.39321699999998,2.690428613030954,9,0,0.8175895915077666,0.42161968901575,5.02769374539673,4,0,0.9175354074992816,0.2711315534451357,8.012449508917708,12,0.2400000000000002,0.7041088665856936,3.681884318533295,0.4309173904927759,296.80405531447,0.0060247649526166,0.1550387596899224,0.165891472868217,0.9359083506566526,0.0939620800824608,train,test,train,train,1,-0.0013536663644728,0.3244315390188165,-0.1158099470758768,0.147159605571905,-0.1604499585028451,0.192927980920741,-0.2997553399870327,0.0274864742512283,True,False,0.5649489865837417,0.9031591263650546,1.0,0.8666923052825273,0.7738455311168368,0.9316692667706709,0.6058673469387755,0.7630363505165862,none
31911,s31911.csv,845,3.512,11.992,8.48,0.7739644970414201,0.008284023668639,0.0,647,0.7656804733727811,271.05137905529904,703.4894839999997,2.1589242161836832,1.0,0.0,0.6615384615384615,286,0.3384615384615385,27.333010145120653,90.2663775,2.376433496363836,9,0,0.5968515241562009,0.6354805584658152,3.898343585066396,4,0,0.8280345368172132,0.4100096223250312,3.917347586518661,26,0.1099999999999994,0.5718221342172097,10.684597930980017,0.892898029199303,11.30373874207226,-0.0259768709583887,0.1751479289940828,0.18698224852071,0.5798039356679763,0.3869650788369235,train,test,train,train,1,0.2423290046159507,0.4181585698767461,0.1936359946368795,0.3158697165787882,0.3483766563676553,0.4937264213281012,-0.1330103794663657,0.0346188338369188,False,True,0.7684417251743082,0.877613104524181,1.0,0.7174505268067966,0.7913543484365101,0.8396255850234009,0.5918203819989534,0.7627733878825154,none
32091,s32091.csv,645,3.012,9.492,6.48,0.8449612403100775,0.0,0.0,545,0.8449612403100775,295.3137434754543,1108.9694839999995,3.117637197923581,0.8217054263565892,0.0,0.0806201550387596,478,0.7410852713178294,43.680143641696375,64.03935649999998,2.7628154512995837,9,0,0.3695516235701143,0.8043192874329997,6.714588745537407,4,0,0.8962386703890137,0.3058662478777414,10.66007045868488,29,0.0999999999999996,0.8148987540714754,10.23938112162932,0.1816027825370467,343.41973261322,-0.0119327193348366,0.0542635658914728,0.0651162790697674,0.6197051125302372,0.0098972549615001,val,test,val,val,1,0.2906694092526842,0.439380820851595,0.3329332829904486,0.6574370454392664,0.2656799979896972,0.4190961962600088,0.2632115619715026,0.6207622910789234,False,False,0.4796423106231006,0.8583073322932918,1.0,0.9053460586234198,0.7398861926077632,0.8770670826833074,0.7524692569335427,0.7433918235937975,none
31407,s31407.csv,833,0.502,8.892,8.389999999999999,0.9243697478991596,0.0156062424969987,0.0,757,0.9087635054021608,462.8361436422341,1550.0362179999995,2.0418841811330477,0.2496998799519807,0.0,0.0,208,0.2496998799519807,36.06313611440558,123.73418449999993,2.3214670566718185,9,0,0.9655760448719124,0.1726941054152843,4.886261203916865,4,0,0.8715637436205826,0.3588032611691817,7.688581948789147,23,0.1550000000000002,0.1718477698171515,9.567183732950454,0.5926812396807455,264.08515829451767,-0.0795441685668073,0.1608643457382953,0.1632653061224489,0.8532856363982152,0.2341688923845662,train,val,train,train,0,,,,,,,,,True,False,0.7198433850641469,0.8706318252730109,1.0,0.7164479910784957,0.7716007209415539,0.8241809672386895,0.5646094976452118,0.737784025723276,none
32097,s32097.csv,643,3.012,9.492,6.48,0.9813374805598756,0.0,0.0,631,0.9813374805598756,465.1231170224068,1567.727855,1.4758312295165996,0.833592534992224,0.0,0.4898911353032659,221,0.343701399688958,49.04155212663929,125.73505000000002,1.721526644528356,9,0,0.8219665639694883,0.4040933040263338,6.6724622909703175,4,0,0.9505903550650752,0.2144592310280988,17.225502991118763,8,0.9399999999999996,0.7692272863106617,17.260702755520988,0.8677786530518067,16.770533227962886,0.1067077521356033,0.2223950233281493,0.2223950233281493,0.9292478642208988,0.0545339214564897,val,train,train,train,0,,,,,,,,,True,True,0.8243607932749112,0.8097113884555381,0.0,0.7653299842601798,0.8015242588837113,0.7918876755070202,0.3671343537414966,0.7339329588855329,none
31914,s31914.csv,845,3.512,11.992,8.48,0.9349112426035504,0.0011834319526627,0.0,789,0.9337278106508876,269.63107675116265,777.0481039999997,2.063078664781954,1.0,0.0,0.3585798816568047,542,0.6414201183431952,13.20384257285693,43.100868,1.944462927562907,9,0,0.5468809754418881,0.6691240971073327,3.388916928739394,4,0,0.7999843084406411,0.4303255454753059,3.549754450028133,7,0.5649999999999995,0.9430992494591718,8.820098000521734,0.9272178176138826,4.435103210247524,-0.0245324198871759,0.0402366863905325,0.0449704142011834,0.4330036366763573,0.2626124150611496,val,train,train,val,0,,,,,,,,,True,True,0.6033048589584596,0.975195007800312,0.0,0.5867984185205974,0.7285144789217493,0.9741029641185648,0.49973835688121404,0.7336131596452355,none
31879,s31879.csv,693,4.012,10.992,6.980000000000001,1.0,0.0,0.0,693,1.0,156.88764977632133,488.8431619999999,2.162938800299828,0.7388167388167388,0.0,0.0317460317460317,490,0.7070707070707071,154.07983224909162,149.98497749999984,3.858176613184059,9,0,0.4326487275029796,0.7378288778770248,3.3953885111943296,4,0,0.1228393294560386,0.9430070946626454,3.769162479049632,6,1.5,0.7169086492288576,10.046352706996828,0.3270478693058555,279.597605493103,0.0033467144493144,0.1269841269841269,0.1428571428571428,0.6617403818440769,0.039350474963118,val,train,val,test,1,0.1179676388021765,0.3225321799067862,0.5625189711836005,0.5298277735832498,-0.1774698246783923,0.0831129817939969,0.5640336039845609,0.5297156112147285,False,False,0.5737276223995165,0.9305772230889237,0.0,0.462696238946753,0.6653155676049798,0.9438377535101404,0.7013670852956567,0.7242628867602726,none
31368,s31368.csv,833,0.502,8.892,8.389999999999999,0.8871548619447779,0.0060024009603841,0.0,734,0.8811524609843937,438.297451859675,1637.0539665,1.4927796163409823,0.7863145258103241,0.0,0.1812725090036014,504,0.6050420168067226,52.32732838499214,141.7771905,1.915023104521748,9,0,0.9228433338403962,0.2686530951747652,7.219616198733484,4,0,0.8863096616824278,0.3400566396280393,3.263128754851698,13,0.4849999999999999,0.355099833467818,5.144484101182631,0.8514634347064989,23.122534735995394,0.0349434501249613,0.141656662665066,0.1452581032412965,0.7949322289434758,0.0638922741674699,val,train,train,val,0,,,,,,,,,True,True,0.6552163141397935,0.9568252730109204,0.0,0.5328351370718087,0.7240650966242925,0.95600624024961,0.4116300366300366,0.7206371663970588,none
31942,s31942.csv,512,4.022,9.192,5.17,0.939453125,0.0078125,0.0,477,0.931640625,464.0859633200212,1507.544976,2.251298088328306,0.88671875,0.0,0.005859375,451,0.880859375,49.1559501694682,56.09949499999999,2.912574926039244,9,0,0.7012229735715931,0.5147881976238748,4.619782640957885,4,0,0.6896180336967539,0.5506740078794272,3.7655177094975447,20,0.0100000000000006,0.8543920236219348,7.927936730618834,0.9143160846004452,3.703677536742216,0.0638641413733472,0.1171875,0.125,0.5671835683520047,-0.1171628645833047,train,train,train,train,0,,,,,,,,,True,True,0.5852945843276591,0.8017940717628705,0.0,0.675141331864108,0.6880234291909177,0.8514820592823713,0.6833137100994244,0.719949455305776,none
32212,s32212.csv,298,3.512,6.492,2.98,0.953020134228188,0.0167785234899328,0.0,279,0.9362416107382552,326.95707512715444,605.4089539999986,4.356408023498786,0.7684563758389261,0.0,0.0067114093959731,227,0.761744966442953,40.37872034303219,147.5419209999999,1.9842130330978796,9,0,0.1757529059528461,0.9153038379033376,7.10034747010559,4,0,0.6269634786144357,0.5961448409796063,3.077734047514679,7,0.2600000000000002,1.0995967103409552,12.21612280901221,0.8903693177444558,4.705913520826702,-0.1401293491149605,0.3087248322147651,0.3087248322147651,0.970840289276962,0.120132135742813,train,test,test,train,2,0.0555249809976564,0.2995528244321728,-1.0813827529043722,-0.2449073243050847,0.050217384844038,0.2891464205676954,-1.0830651436515022,-0.241064980138023,False,True,0.872435694609137,0.5796411856474258,0.0,0.5906643362410379,0.6854262089621084,0.6438377535101404,0.676903453689168,0.7094009782763282,none
31250,s31250.csv,675,3.512,10.292,6.779999999999999,0.9985185185185184,0.0,0.0,674,0.9985185185185184,175.5603918737714,655.0671090000004,1.596437915538744,0.8770370370370371,0.0,0.1244444444444444,508,0.7525925925925926,35.740393127204115,104.48515099999996,2.080445955479296,9,0,0.7998158232041165,0.4361592325242376,3.5933144673871165,4,0,0.7780909802389647,0.4706220832369558,4.102969033623912,18,0.1199999999999992,0.8645144831744707,3.50124369150086,0.8114923391511228,20.77464614797812,0.018791580848365,0.0666666666666666,0.0696296296296296,0.5336791978152868,0.212889126588631,train,val,train,train,0,,,,,,,,,True,True,0.4859885509666953,0.9179407176287052,1.0,0.7781312104412107,0.7248146071407533,0.9354134165366614,0.4671964939822083,0.706761087568186,none
31274,s31274.csv,796,3.012,10.992,7.98,1.0,0.0,0.0,796,1.0,136.2533251847065,418.763485,1.3958116808079677,0.7663316582914573,0.0,0.3768844221105528,310,0.3894472361809045,19.07336732220714,50.18875600000001,2.801118152001472,9,0,0.8725177251520662,0.3571925102377919,10.383779542804024,4,0,0.6535713730896997,0.5864816039021079,3.6500988031702057,11,0.2550000000000001,0.6971694716947171,3.235566627858803,0.9126395633383187,6.603177900201995,0.0092007751545472,0.0653266331658291,0.0753768844221105,0.4204730885453263,0.170665656734834,val,train,train,train,0,,,,,,,,,True,True,0.4764819180507409,0.918798751950078,1.0,0.820927042378836,0.7346263472139374,0.9006240249609984,0.5242510465724751,0.7049708987423183,none
32408,s32408.csv,447,3.512,7.992,4.48,0.9373601789709172,0.0022371364653243,0.0,418,0.9351230425055927,344.44467722668685,746.6362039999997,10.22834174676151,0.70917225950783,0.0,0.2796420581655481,192,0.4295302013422818,23.82682177967609,66.37135749999999,2.477694825608733,9,0,0.7030377455227979,0.5091634782593312,11.20898691306981,4,0,-0.0865598570006607,1.0454906072196346,3.664949309425228,13,0.0649999999999999,1.021872962828645,6.151566569197279,0.7500434642436739,22.474086674452412,0.0153257816138939,0.1364653243847874,0.1431767337807606,0.7753068631805792,0.15499117737547,train,test,val,train,1,0.1395687757516809,0.3797938144357412,-0.027173009888632,0.1344004754689745,0.1335503187989817,0.3733091358703108,-0.1734242848318925,0.0099147836209191,False,True,0.6616786678774755,0.664235569422777,1.0,0.7689185908959988,0.6947455603238879,0.677223088923557,0.796883176347462,0.7042631010191845,none
31074,s31074.csv,746,0.502,7.992,7.49,0.9865951742627346,0.0,0.0,736,0.9865951742627346,190.4633239631652,627.2183725,1.0665947439757035,0.8310991957104558,0.0,0.2332439678284182,446,0.5978552278820375,22.46073296794237,80.5779325,2.190279757254766,9,0,0.9056851957688236,0.28322071701507,5.1184224826400255,4,0,0.8807366415180616,0.334416515520527,2.8789647744524336,19,0.3200000000000003,0.6734967893840218,4.289611829925028,0.7423020425384241,36.003499053400695,-0.0351871860674218,0.0804289544235924,0.0831099195710455,0.7417638450991114,0.1085692708669469,train,val,val,test,1,-0.0047757670166847,0.2827112472411944,-0.0706221488808447,0.2079810918783721,-0.3789471589123216,0.0761348732635089,-0.203735201351308,0.0410552978630877,True,True,0.5412182982279001,0.9370904836193448,1.0,0.686047481887366,0.7232223182127454,0.9418096723868954,0.38441915227629514,0.6996593535476774,none
31912,s31912.csv,845,3.512,11.992,8.48,0.7763313609467456,0.0023668639053254,0.0,654,0.7739644970414201,258.0722925847086,656.6325745,2.944101749067193,1.0,0.0,0.2047337278106508,672,0.7952662721893491,17.343399296488826,61.11986149999999,0.8764227433098748,9,0,0.5169181073953062,0.699288757879222,4.055795592188331,4,0,0.8130585587087316,0.4356543827267408,3.001358633800686,10,0.0099999999999997,0.7101303803479686,9.309845999177355,0.8495199712430024,20.062869380432065,-0.024319140432905,0.059171597633136,0.0662721893491124,0.3740054770860098,0.2206006671569461,train,test,test,train,2,0.3183168114118428,0.4523805861173448,-0.5996997363326471,-0.0732500261651543,0.3074250762437024,0.4474240509232792,-0.7587653407937387,-0.2015346511095012,False,True,0.5805780605119093,0.9495319812792512,0.0,0.5261238505668706,0.6933756697969673,0.9471138845553821,0.44883241758241754,0.6992624121981189,none
31940,s31940.csv,641,4.002,10.442,6.44,0.9797191887675508,0.0031201248049922,0.0,626,0.9765990639625584,413.23724125884826,1406.95493,2.7091647741582667,1.0,0.0,0.0031201248049922,639,0.9968798751950078,5.672071424115602,17.457743999999998,0.7500992805324727,9,0,0.565940078218248,0.6081429063617589,4.940313415972091,4,0,0.7382498352551338,0.5045684254956498,4.377530186463841,8,1.0,0.8814339175067991,10.134342339634747,0.9548998115007206,0.6551980303583045,-0.0054913409239496,0.0,0.0,0.4396372509309182,0.0048689908432505,train,train,train,test,1,0.4599977608477041,0.5543325807365165,-1.0143038919894738,-0.8007822120729755,0.4682299363513573,0.5614157378623016,-0.3673568670507763,-0.0671304795865095,True,True,0.5128874774604073,0.9019890795631824,0.0,0.7271459403504148,0.7133505770633808,0.9347893915756631,0.41527668759811615,0.6991453940606671,none
32090,s32090.csv,645,3.012,9.492,6.48,0.8775193798449612,0.0015503875968992,0.0,565,0.875968992248062,258.30275303276346,919.9651039999997,3.0898903923587997,0.9906976744186048,0.0,0.2356589147286821,487,0.7550387596899225,23.376978044698912,68.46603799999998,1.1196810745122665,9,0,0.9131517743037028,0.2942048768206957,6.980586332845154,4,0,0.8060545677697513,0.4206675096361216,8.048586238738052,11,0.145,0.8600712272589546,2.793238622988602,0.706723466505339,63.6408187525971,0.0037537097701751,0.0697674418604651,0.0728682170542635,0.5033818330512793,0.2641901575092245,train,val,val,train,0,,,,,,,,,True,True,0.419729753402448,0.8726599063962558,1.0,0.93917159134984,0.7340878583344983,0.8939157566302652,0.48570774463631605,0.6972171290707638,none
32308,s32308.csv,596,2.012,7.992,5.98,0.947986577181208,0.0050335570469798,0.0,562,0.9429530201342282,191.82389756265465,593.5197769999996,2.4254998801689527,1.0,0.0,0.25,447,0.75,23.763883395983605,90.97820699999995,1.911977281944277,9,0,0.4033767693742462,0.7687787371050765,3.600059603859721,4,0,0.9180543507288866,0.2851774358434875,3.6425969945246814,6,0.7999999999999998,1.250914533685557,1.828951929673781,0.9142935568421644,4.817077116070584,-0.0098263558844185,0.1526845637583892,0.1644295302013423,0.6676003980974727,0.1306052411930517,val,val,train,val,0,,,,,,,,,True,True,0.5522550221161948,0.8535101404056162,0.0,0.6228831087946913,0.6788827395210413,0.882839313572543,0.5577904238618524,0.6959132619623571,none
31362,s31362.csv,833,0.502,8.892,8.389999999999999,0.8595438175270108,0.0,0.0,716,0.8595438175270108,379.5971933547985,1290.8270225,1.9792783511328311,0.8499399759903962,0.0,0.2112845138055222,532,0.6386554621848739,14.852127766407888,51.36844,1.5710521592432802,9,0,0.961414190856253,0.1839115389917387,9.044856521097644,4,0,0.7725351276575978,0.4755667162977192,3.205970202235581,8,1.0,0.26384251108008,5.76704036002219,0.6579445834372681,116.13348211202252,0.0150566233071765,0.0888355342136854,0.0912364945978391,0.8216092250073671,0.1225269919932873,train,train,val,train,0,,,,,,,,,True,False,0.5929070775691107,0.9553042121684868,0.0,0.4948657805950381,0.6903336855866704,0.9553822152886116,0.4110086342229199,0.6959061716088715,none
31406,s31406.csv,833,0.502,8.892,8.389999999999999,0.9339735894357744,0.0108043217286914,0.0,769,0.9231692677070829,471.4270178222425,1670.5850579999997,1.1669995662696084,0.2220888355342136,0.0,0.0012004801920768,184,0.2208883553421368,41.5235201408092,97.38535249999998,11.234229042474016,9,0,0.9593653290342696,0.1831336620196181,10.662773342218756,4,0,0.6940319517257496,0.5551829112238433,3.063013080406264,9,0.995,0.2308233339676694,10.456703951135452,0.7746174583535782,64.94820511739196,-0.0120494699177313,0.2665066026410564,0.2677070828331332,0.5095858545316939,0.241618349078086,train,val,train,train,0,,,,,,,,,True,True,0.7044057103196926,0.8561232449297972,0.0,0.4759422273020685,0.688967802527942,0.802028081123245,0.5841182626896912,0.6911420190439698,none
31894,s31894.csv,642,4.012,10.492,6.480000000000001,1.0,0.0,0.0,642,1.0,116.76405380118146,345.01421250000004,1.985190409431848,0.9065420560747663,0.0,0.2959501557632398,392,0.6105919003115264,87.25213796016234,140.07976399999995,7.5519051781436515,9,0,0.6022931445994087,0.628701379879484,4.940083204479146,4,0,0.6297675273456305,0.6032824285305408,3.712351136777392,7,1.0,0.5278375972664874,2.492570602389283,0.7546358012455813,32.58802738396966,0.0005027554342032,0.1573208722741433,0.160436137071651,0.6049920805038979,0.0911038143002887,train,test,train,train,1,0.0727328449894891,0.302254910294504,-1.4201950248281126,-0.3669838558448026,-0.1295716525757051,0.1607438135157268,-0.6660666276793756,0.0578312188610561,True,True,0.4800906754568554,0.8718408736349454,0.0,0.5900837784972519,0.6502011757313059,0.8789391575663027,0.6987997121925693,0.6889353892670509,none
32301,s32301.csv,447,3.512,7.992,4.48,0.8478747203579419,0.0,0.0,379,0.8478747203579419,220.5816991948907,378.0217019999999,1.017746793450044,1.0,0.0,0.0,447,1.0,12.149554460467687,17.780086000000004,3.404978456402017,9,0,0.8859928978640623,0.317268292246658,15.719279777622258,4,0,0.813019605654807,0.429943475180827,5.475771614348968,5,0.7450000000000001,0.926736162680079,4.817011936113227,0.7441269930088289,34.43211496010372,0.0268115061261796,0.2572706935123042,0.2729306487695749,0.7091588261269723,-0.0121493432637487,train,train,train,val,0,,,,,,,,,False,True,0.5834256409273759,0.7383385335413417,0.0,0.8064835393853478,0.7045625228796555,0.7957878315132605,0.4956828885400314,0.6886677890723238,none
31943,s31943.csv,450,4.002,8.522,4.5200000000000005,0.9466666666666668,0.0044444444444444,0.0,424,0.9422222222222222,412.880257318543,1434.6591259999998,1.790818897673654,1.0,0.0,0.0088888888888888,446,0.9911111111111112,20.238576476770763,62.34787749999998,2.0103194375738305,9,0,0.8478134142478887,0.3646957955488786,5.370691562267559,4,0,0.8617335585893059,0.368835127646116,4.74030451400025,8,0.4500000000000002,0.811475182078365,10.884233778995227,0.7939166395220623,16.681306373185173,0.034595047380025,0.1044444444444444,0.1266666666666666,0.4911125259612219,0.0470903288853166,train,train,train,val,0,,,,,,,,,True,True,0.5921430863367704,0.7691497659906396,0.0,0.7359032350439714,0.6972234688277849,0.819188767550702,0.4797553636839351,0.687667222730498,none
32088,s32088.csv,645,3.012,9.492,6.48,0.9286821705426356,0.0015503875968992,0.0,598,0.9271317829457364,208.0499900761172,707.50523,2.288721414039256,1.0,0.0,0.1581395348837209,543,0.8418604651162791,15.5405788770254,53.99840599999996,2.0368656813281785,9,0,0.9023344666392744,0.3014566369799455,7.230388270180799,4,0,0.9226464889345738,0.2630573702625348,8.444317404888757,11,0.4950000000000001,0.866897705283642,2.469278730110568,0.7367856657675572,77.99558025071487,-0.000965449613414,0.0821705426356589,0.0930232558139534,0.3777888991190572,0.1128892703682382,train,train,train,train,0,,,,,,,,,True,True,0.367292327242628,0.8982449297971918,0.0,0.8050234489206802,0.6844450746401409,0.9260530421216848,0.5742739403453689,0.6875035234113698,none
31637,s31637.csv,596,3.512,9.492,5.98,1.0,0.0,0.0,596,1.0,137.58993076638495,526.7395349999999,1.7227172163387998,1.0,0.0,0.0889261744966442,543,0.9110738255033556,15.83979708507573,48.402102,2.267427757555585,9,0,0.6192008130701295,0.6040510567472012,5.697541108305965,4,0,0.3664776144189599,0.8004514487016952,4.4559398733049065,5,1.4949999999999994,1.0949608373189137,4.391503081513843,0.5289178885506867,197.8920500169946,0.0154549417495248,0.0302013422818791,0.0369127516778523,0.5620231893929603,0.2164433685509849,train,test,train,train,1,-0.227456504173405,0.0470439325548465,0.056835598238136,0.2750399228846479,-0.554083207445583,-0.1173974065479193,-0.1667858872698604,0.0900721003786581,True,False,0.4310816869924006,0.8834633385335413,0.0,0.7452495358507499,0.6836656196893046,0.9223088923556942,0.5060014390371533,0.6859357092731835,none
31747,s31747.csv,545,3.012,8.492,5.48,0.8844036697247707,0.0018348623853211,0.0,481,0.8825688073394495,360.1341091400858,1082.86311,0.7985382620533791,0.9541284403669724,0.0,0.6568807339449542,162,0.2972477064220183,59.6896447515576,193.8923705,1.6043139844680967,9,0,0.9297320098242609,0.2562160042331423,3.7003404159847855,4,0,-0.0133978252653228,1.0054429261230604,3.2272399044603666,18,0.1699999999999999,0.9146887550200802,31.62668666769196,0.9276970028702454,4.246249863394057,-0.0128299057523,0.4807339449541284,0.4825688073394495,0.943307720395554,0.3792078085390223,train,train,val,train,0,,,,,,,,,False,True,0.9580476081732076,0.702418096723869,1.0,0.5970849817078521,0.7602884912263324,0.6887675507020281,0.22220041862899004,0.6858141127832998,kstar
31890,s31890.csv,642,4.012,10.492,6.480000000000001,1.0,0.0,0.0,642,1.0,142.43935635694208,403.04208299999976,2.204088240672303,0.9984423676012462,0.0,0.5389408099688473,295,0.4595015576323987,23.36308779310327,22.18596100000009,10.11358254025482,9,0,0.690589262513582,0.5419491898159339,5.520378614146306,4,0,0.3807410161506697,0.7861365998798758,4.817302830293586,7,1.2599999999999991,0.4660616743922872,3.2783001659013538,0.7150710604810835,53.1136546906124,-0.0175610665259844,0.1355140186915887,0.1401869158878504,0.6050858129681482,-0.0005810256813273,val,train,test,val,1,0.0943304136840159,0.3675372929841911,0.0538687271511136,0.321714702636527,-0.1402490322112413,0.1830241995298751,-0.28564177345816,0.0923546028494582,True,True,0.4553366886575766,0.8515600624024962,0.0,0.622006676227395,0.644015865739244,0.8485179407176288,0.7610544217687075,0.68346734758374,none
31746,s31746.csv,545,3.012,8.492,5.48,0.979816513761468,0.0,0.0,534,0.979816513761468,313.1194164617461,964.282732,1.1894139706729585,0.6330275229357798,0.0,0.5743119266055046,32,0.0587155963302752,232.93801512038695,703.3852304999998,29.574831302458723,9,0,0.9409218689763882,0.2273549542797872,6.860245745705567,4,0,0.9082698069145378,0.3040953255558333,3.7478783238468103,17,0.1399999999999996,0.9195870323441327,35.79340052449732,0.9717520775252764,-0.3281258346243378,0.1062968130579992,0.0055045871559633,0.0055045871559633,0.8748035137406638,0.4712542734389123,train,test,test,val,2,0.1163221043272795,0.3789851400994842,,,-0.1176862213040973,0.1908114377699596,,,False,True,0.7919138048430625,0.621606864274571,1.0,0.8568086660281204,0.7517748339996079,0.5628705148205928,0.6101354003139717,0.6827639573324698,none
31273,s31273.csv,796,3.012,10.992,7.98,0.9987437185929648,0.0,0.0,795,0.9987437185929648,104.47765339770974,312.610363,1.844672708963512,1.0,0.0,0.1557788944723618,672,0.8442211055276382,8.732503971585684,28.19643999999999,0.7396487598994086,9,0,0.8388623626852483,0.398772390282305,7.952588577967988,4,0,0.6724968007711456,0.5620153425804197,3.5191451371350606,14,0.3199999999999998,0.7351238591916558,4.816917097627358,0.7503046297192677,54.103357420682656,0.0383007450125656,0.0439698492462311,0.0439698492462311,0.359905481383893,0.0850694899642404,val,train,train,test,1,-0.0643642166879769,0.1578086005899618,-1.0548941504269678,-0.1402549464111808,-0.4373240803160161,-0.1325891519309154,-0.6863249545623058,-0.0891373867886597,True,True,0.4144333081253958,0.9754680187207488,1.0,0.8132459427357512,0.7304392472168759,0.9861154446177847,0.27971284667713237,0.6827199886966652,none
31373,s31373.csv,396,2.502,6.482,3.98,0.6111111111111112,0.0126262626262626,0.0,237,0.5984848484848485,366.4222744669533,1136.2352179999996,3.506814234284984,0.9974747474747476,0.0,0.005050505050505,393,0.9924242424242424,39.50014466598829,118.17409,1.1675828965558506,9,0,0.7819545837313495,0.4702550633511287,3.08558692231594,4,0,0.7116116709330673,0.5375462913424016,8.053096442209227,29,0.0500000000000007,0.4135633527066222,6.04725539362119,0.8721548869228543,6.0947707851654815,-0.0324233546069793,0.1742424242424242,0.1843434343434343,0.7353774182263664,0.5833770157276394,train,train,test,test,2,0.2996928610117136,0.3969528428415149,-0.8278252496221618,-0.1221757750036748,0.3465963953832542,0.4607411540277125,-0.5575351277000854,0.0124591479763532,False,True,0.7483053663320316,0.645436817472699,1.0,0.6587694740930576,0.685440606559573,0.7018720748829953,0.5141941391941391,0.6811849818458872,none
31364,s31364.csv,833,0.502,8.892,8.389999999999999,0.8619447779111644,0.0,0.0,718,0.8619447779111644,351.2322362596552,1269.2193269999998,1.808180022005228,0.5690276110444178,0.0,0.3745498199279712,162,0.1944777911164465,47.71923429060129,55.836403,3.535909012647973,9,0,0.9339973739474476,0.2331302204479466,9.865990267440878,4,0,0.7631530215266961,0.4708293876446641,3.646248018637364,7,1.0,0.5335868929198362,8.788617294763867,0.8482435243804428,24.46455569353739,0.0225958085610422,0.0240096038415366,0.0312124849939975,0.61375833756954,0.2386010789480231,train,val,train,train,0,,,,,,,,,True,True,0.6023634774053735,0.8372464898595944,0.0,0.6232364867214943,0.690834434559187,0.778003120124805,0.6318681318681318,0.680175984059978,none
31677,s31677.csv,476,4.612,9.392,4.779999999999999,0.98109243697479,0.0,0.0,467,0.98109243697479,197.23404454987397,748.8724709999998,2.8517822121246064,1.0,0.0,0.1134453781512605,422,0.8865546218487395,22.41928320035989,76.928071,1.951555315723312,9,0,0.7040245428481442,0.531639678209988,6.309280706330688,4,0,0.7293868930717323,0.5116123444218574,5.779327301318162,12,0.0099999999999997,0.6057986051069227,3.134397515506911,0.6239570198254701,70.36856168262916,0.0024392966278966,0.1008403361344537,0.1092436974789916,0.7132498271327237,0.2066096027897696,train,val,test,val,1,-0.1793330150758241,0.2211333920375217,0.1763206552812601,0.2947746236334601,-0.3417552399059256,0.1469091458376231,-0.1144335194328343,0.0428788127080245,True,True,0.5034439981977317,0.7814352574102964,0.0,0.7025573424848421,0.6604749422082625,0.8277691107644307,0.6136675824175825,0.6795745825004554,none
32299,s32299.csv,447,3.512,7.992,4.48,0.9395973154362416,0.0044742729306487,0.0,418,0.9351230425055927,276.6925995485207,380.48451349999993,4.764633495611442,1.0,0.0,0.0067114093959731,444,0.9932885906040269,11.627150525958411,38.11585199999999,1.8597286112317424,9,0,0.603276813989172,0.6356287895425411,14.897570849330265,4,0,0.8326030887254477,0.404922956964023,5.748490650308743,8,0.0100000000000006,0.9284332688588006,2.2848618923996007,0.7953800048068577,16.91830141361602,-0.0441980845444901,0.1297539149888143,0.1364653243847874,0.7671948062549137,-0.0750850482864955,train,train,test,train,1,-0.3222296155749825,0.1080294066037391,-0.8318203254223469,-0.1402591960003945,-0.1895176001802403,0.1955445778694294,-0.4572960439343299,-0.0141872800239093,True,True,0.4478987653454528,0.7550312012480499,0.0,0.8086118469989856,0.6636090424074216,0.8134165366614665,0.6475994243851386,0.678167934975841,none
31114,s31114.csv,506,4.002,9.082,5.080000000000001,1.0,0.0,0.0,506,1.0,346.8309589691355,1079.7923325000002,1.4572385004545916,0.616600790513834,0.0,0.0019762845849802,311,0.6146245059288538,79.00292125216478,192.796945,11.802176681570634,9,0,0.8886182923021683,0.3011263830722283,7.84929538862977,4,0,0.6382443125124759,0.5897955911101099,3.799362843895026,8,1.04,0.5659153299401998,8.003231459508479,0.8757491294824508,10.870241171148844,-0.0161969759963957,0.075098814229249,0.0830039525691699,0.6241917518586076,-0.1884736217596568,test,val,val,train,1,0.2567265973559621,0.458324733719567,0.1561384561666259,0.2666982492524522,-0.1047771720945813,0.1873856453265736,0.1140057245279234,0.2375419639257249,True,True,0.5399330269853864,0.7719188767550703,0.0,0.6463586623191626,0.6530557650049086,0.8053042121684868,0.6438873626373627,0.6776384967064895,none
31265,s31265.csv,1445,0.502,14.992,14.49,0.9889273356401383,0.0,0.0,1429,0.9889273356401383,131.59578130010686,461.7379120000001,1.1078829524167486,0.7335640138408305,0.0,0.6048442906574395,186,0.128719723183391,66.81706400778621,130.00881750000002,7.812102801422023,9,0,0.8851392688326453,0.3291453014659627,4.9057667082818135,4,0,0.9263462534184478,0.2653517339618075,3.947852704541404,19,0.3999999999999994,0.871821925061842,3.580587722963245,0.6625923397960951,138.42759014341274,0.0345924914660906,0.1051903114186851,0.1100346020761245,0.5796070677211252,0.0902952680087202,val,train,train,train,0,,,,,,,,,True,False,0.4687195210054186,0.8755460218408736,1.0,0.8427406757042958,0.723315142707491,0.8165366614664586,0.5579212454212454,0.6773298090570402,none
31268,s31268.csv,796,3.012,10.992,7.98,1.0,0.0,0.0,796,1.0,74.72577062374718,227.06394750000004,1.691473171904739,0.9974874371859296,0.0,0.5050251256281407,392,0.4924623115577889,22.555075990435743,67.43718199999999,2.3587235363976937,9,0,0.4572799639285719,0.7170603155587806,3.650509449388292,4,0,0.5024090092892034,0.6968729018104399,4.162812433755371,7,0.995,0.6226223008090915,7.526641447635717,0.4005867598374765,231.9582385345013,0.010759969873763,0.1444723618090452,0.1532663316582914,0.3969606002588587,0.0213375194498601,val,train,train,val,0,,,,,,,,,True,False,0.4775829844403119,0.93408736349454,0.0,0.5813814823784261,0.668499066490726,0.9235569422776911,0.5155514128728415,0.6772376065308602,none
32092,s32092.csv,645,3.012,9.492,6.48,0.7705426356589147,0.0,0.0,497,0.7705426356589147,296.3327043546057,1117.987598,1.4549357015734623,1.0,0.0,0.8480620155038759,98,0.151937984496124,4.792780479523763,16.4035455,2.7005454294738547,9,0,0.92430468600265,0.2725548108668361,3.1479595783181646,4,0,0.971896370661109,0.1547248836503368,4.572482771055485,13,0.3400000000000003,0.9766199411284152,20.50161470938599,0.9436981420998743,1.822444699672999,0.0299117939304775,0.0604651162790697,0.0620155038759689,0.9215756920332892,0.1977300658662496,train,test,test,train,2,0.2867562241079578,0.4071107156367707,-2.376349593741375,-0.6419490640359465,0.0743687694926264,0.2199752198107344,-0.9122688732987498,-0.0842775426598367,False,True,0.8026323408660093,0.6861544461778472,1.0,0.7221127569749228,0.7377092025578266,0.6229329173166926,0.5254120879120879,0.6770915959195315,none
32303,s32303.csv,560,2.102,7.992,5.890000000000001,0.9982142857142856,0.0,0.0,559,0.9982142857142856,89.42528726855474,193.078613,2.7563890732713965,1.0,0.0,0.25,420,0.75,23.523412952971952,93.78634149999992,2.931386240697667,9,0,0.6404020987709639,0.5717092033353905,5.284788512851643,4,0,0.3695105658970553,0.7964534609777227,3.2475302829673174,9,0.0849999999999999,0.265338488092887,1.6987362129867702,0.7270320324959314,30.682163839588963,-0.0096777954509326,0.1428571428571428,0.1571428571428571,0.7308845659884455,-0.0233178457433821,train,train,test,train,1,0.2430288955528625,0.404022581543101,-0.2483901713492712,0.0776021933570169,-0.1967313882020849,0.0991589109164515,-0.264120030778993,0.0404389354595424,True,True,0.4268412327365113,0.8269110764430578,1.0,0.6135597031218938,0.6228812191494173,0.8606864274570982,0.7491660125588697,0.6767357981559072,none
31884,s31884.csv,357,3.412,6.992,3.58,1.0,0.0,0.0,357,1.0,289.3472422148949,1001.595964,2.3704786028769265,0.9971988795518208,0.0,0.011204481792717,352,0.9859943977591036,66.14986099633116,190.376899,1.3078105723373787,9,0,0.7298084827020159,0.4749299255086249,6.340022907242317,4,0,0.8350238235490335,0.3994379883215687,5.8100141641313545,7,0.2450000000000001,0.6770622648485253,28.898949136124045,0.0728451943462574,227.88123367538105,-0.0526365232661777,0.0700280112044818,0.0868347338935574,0.8869016139887879,0.157410827913032,val,test,train,test,2,-0.0353956460206819,0.244298663077992,-0.8577248014517913,-0.1013719243740899,-0.6412173665998803,-0.1918620527362015,-1.414790914774806,-0.3946569601103357,True,False,0.6673614953275911,0.6774570982839314,0.0,0.725581241769038,0.6883608802947443,0.7472698907956318,0.4515633176347462,0.6756880888270976,none
31092,s31092.csv,675,3.512,10.292,6.779999999999999,1.0,0.0,0.0,675,1.0,59.29342345628361,178.91779199999996,2.069323545601017,0.1851851851851851,0.0,0.0725925925925926,76,0.1125925925925925,113.56823856123118,49.69990500000001,7.702584093479091,9,0,0.7493852065311182,0.4754045963334558,6.587798551004649,4,0,0.4818850178670648,0.7221244400007455,4.904487410512521,13,0.1299999999999999,0.8747945720529039,5.006278602906951,0.9541064049518398,0.769065709699281,-0.0214802598103697,0.0266666666666666,0.0325925925925925,0.8042065692585355,-0.0412985492311959,train,train,train,val,0,,,,,,,,,True,True,0.5424786295761359,0.7417316692667707,1.0,0.908607858891081,0.7220559622623416,0.6697347893915757,0.716902145473574,0.6744640052841693,none
32093,s32093.csv,510,3.012,8.132,5.119999999999999,0.8117647058823529,0.0,0.0,414,0.8117647058823529,382.7647276412818,1308.5324894999997,1.9053640247121175,0.6627450980392157,0.0,0.1019607843137254,286,0.5607843137254902,143.14731666121338,296.080435,19.80878647905539,9,0,0.9272918534306832,0.2592646997442971,5.279809560146397,4,0,0.948960566189439,0.2211711330410529,10.26411504200128,11,0.1549999999999998,0.8033544907652085,2.38863263075182,0.8727869291417478,8.88301898062236,-0.0484956523030905,0.0470588235294117,0.0509803921568627,0.5012375799175001,0.3210438215077142,val,train,train,val,0,,,,,,,,,False,True,0.4453472051549664,0.7212948517940718,1.0,0.8933807228181114,0.6763389367775967,0.7416536661466459,0.7236231030873888,0.6728162018909732,none
32096,s32096.csv,417,3.012,7.222,4.210000000000001,0.7889688249400479,0.0071942446043165,0.0,326,0.7817745803357314,370.8433946991378,1003.75409,1.379640098054132,1.0,0.0,0.1175059952038369,368,0.882494004796163,16.98345243751281,54.114582,1.3658140631132498,9,0,0.2322086885739542,0.9073324713052264,3.3112759264141283,4,0,0.9699634190200584,0.167408164182747,27.4950169631274,6,0.6800000000000006,1.1280308248235658,23.75112340640773,0.8679522613169138,11.452235143896797,-0.1267094886250448,0.2613908872901678,0.2661870503597122,0.9217474918133493,-0.044679829949294,train,train,val,train,0,,,,,,,,,False,True,0.8041226588058075,0.6936817472698908,0.0,0.5859436690529216,0.7000146428423708,0.7482059282371294,0.2927295918367347,0.6723201580700424,none
31270,s31270.csv,796,3.012,10.992,7.98,0.993718592964824,0.0,0.0,791,0.993718592964824,161.91065849392214,545.4662149999999,1.394223178100297,1.0,0.0,0.4409547738693467,445,0.5590452261306532,9.202227051967778,25.652227999999965,7.171859475783768,9,0,0.6691045160400333,0.5471037406342903,3.428082192516147,4,0,0.6330321036728326,0.5752353755547508,2.367223063285876,6,1.2699999999999996,0.7387576779567302,4.000898808405482,0.8250065650041319,19.831900310231028,0.0186154642614493,0.0565326633165829,0.0565326633165829,0.4959078163185292,0.0528425817632225,train,train,val,train,0,,,,,,,,,True,True,0.4426495637452484,0.9515990639625588,0.0,0.4459591584309483,0.6217747672270169,0.9507020280811233,0.6081076661433804,0.6711857040421731,none
31569,s31569.csv,546,3.502,8.982,5.48,1.0,0.0,0.0,546,1.0,110.02622701776517,341.1801975,1.6945639042551914,0.9945054945054944,0.0,0.4578754578754578,293,0.5366300366300366,30.91644591245815,68.93650199999996,18.68411590893569,9,0,0.8389985901936174,0.3977242344024329,2.7300462129028995,4,0,0.5431752339670486,0.6765173879863262,3.4863634836761808,10,0.0700000000000002,0.6222763263976772,4.292405572873197,0.4888473342109614,176.23557132348952,0.0241292974537551,0.0641025641025641,0.0641025641025641,0.825630379783374,0.1927260228320829,test,train,train,val,1,-0.1220654604107268,0.1353667505201879,0.0888094519199632,0.3324012151249508,-0.2253113772634183,0.0899821964698899,-0.1824693274634645,0.1334790716458823,True,False,0.5208202804346148,0.7820982839313572,1.0,0.5926672211175892,0.6338216638633669,0.8054602184087363,0.6910975928833072,0.6709948935940134,none
31369,s31369.csv,833,0.502,8.892,8.389999999999999,0.9039615846338536,0.0060024009603841,0.0,748,0.8979591836734694,398.7753650014959,1354.4345354999998,2.155383473678212,0.8211284513805522,0.0,0.5858343337334934,196,0.2352941176470588,15.198201802669589,46.82959000000001,1.441417336371568,9,0,0.9174901970310908,0.2656367458760138,7.881949128408043,4,0,0.7018925402509963,0.5327425185617274,2.349721196105868,16,0.3100000000000005,0.6869297203866145,16.322345388144758,0.3297867927196222,303.85418241900135,0.0017262368489038,0.1008403361344537,0.1068427370948379,0.6596299123503753,0.0518101052874865,train,test,train,test,2,0.3094847968060955,0.4754483302963002,-0.33162518496285,0.095663382628329,0.1420371805916858,0.3473832530194216,-0.4417771360003371,0.0335533278112468,True,False,0.5899738647687035,0.8615444617784711,1.0,0.698325599128928,0.7175290940301894,0.8112324492979719,0.42520277341705914,0.6700143950316979,none
31913,s31913.csv,845,3.512,11.992,8.48,0.8828402366863906,0.0059171597633136,0.0,741,0.8769230769230769,238.93777079904245,657.71859,2.134401602008455,1.0,0.0,0.8840236686390532,98,0.1159763313609467,6.31829627459134,15.827588999999996,1.6199132191953325,9,0,0.4609414745036807,0.7374454244667891,3.1766745109027497,4,0,0.8206387190773741,0.4260757397405411,3.7346439431240577,4,0.25,0.71385090885105,13.107980075034074,0.9027639144756552,10.605930798772434,-0.002806725069932,0.18698224852071,0.1905325443786982,0.5813427720053373,0.4014697321153373,val,train,val,train,0,,,,,,,,,True,True,0.7946969940259784,0.7992979719188767,0.0,0.5296119603195129,0.7167818261765531,0.7127925117004681,0.445578231292517,0.6698046316297853,none
31902,s31902.csv,706,0.502,7.722,7.220000000000001,0.9957507082152974,0.0,0.0,703,0.9957507082152974,280.92860639923634,966.4460379999996,1.7752169057309504,0.8286118980169972,0.0,0.245042492917847,412,0.5835694050991501,18.554751024317724,70.41658099999997,1.8393621608366304,9,0,0.7186738682692092,0.5084183318618856,6.156156722671525,4,0,0.6388951657610112,0.6000797335086945,4.246181084911939,10,0.6099999999999994,0.4914978047499686,2.855637795676921,0.853334211802126,12.63323258320727,0.0360628537949936,0.0722379603399433,0.0864022662889518,0.556341893292294,0.1772980860934649,test,test,train,val,2,0.4064744566704831,0.4919398081031765,-0.0742332768658683,0.1890689153267596,0.2055943545361402,0.3119059822823534,-0.2506312710886614,0.0799733594495301,True,True,0.4801525139170836,0.9106084243369736,0.0,0.6391563451087259,0.6785132319215377,0.9107644305772231,0.42647828362114076,0.6681967207154944,none
31604,s31604.csv,735,6.012,13.392,7.38,0.9782312925170068,0.0040816326530612,0.0,716,0.9741496598639456,171.1727894212241,568.3650700000001,1.3116869752996372,1.0,0.0,0.4217687074829932,425,0.5782312925170068,9.116734127952071,29.56696799999998,1.1133076014419845,9,0,0.8680361761687987,0.3476791716917502,4.7667460863520255,4,0,0.5897299086194134,0.5341551963681042,2.751765212024745,6,1.5,0.329563017164741,21.30892939062865,0.9803754904471944,-0.9179451649384692,0.0104825346864027,0.0,0.0,0.5009165142141663,0.3143478354282205,train,train,train,train,0,,,,,,,,,True,True,0.6554912465314063,0.9177457098283932,0.0,0.4401058437455176,0.682664687849585,0.9198127925117004,0.2411695447409733,0.6667637992370757,none
31359,s31359.csv,297,4.002,6.982,2.9800000000000004,0.7946127946127947,0.0067340067340067,0.0,234,0.7878787878787878,454.76564356449103,1530.8645885,5.59181716709155,1.0,0.0,0.1717171717171717,246,0.8282828282828283,31.85324971572258,92.3104775,0.5818285326361942,9,0,0.6803762567633375,0.5505253754092451,4.202004381998448,4,0,0.7333506864032479,0.5200771854536534,10.843213550447858,22,0.0499999999999998,0.7054248037093682,8.30893924519717,0.729027973571088,32.49085179251594,-0.0663725454101713,0.1616161616161616,0.1683501683501683,0.7923870434617833,0.3162141045706117,val,train,val,train,0,,,,,,,,,False,True,0.7257125576837905,0.5695397815912636,1.0,0.8460479736839976,0.7071527108514682,0.6299531981279252,0.4673109628466771,0.6666988870359085,confirmed
31245,s31245.csv,1445,0.502,14.992,14.49,0.997923875432526,0.0,0.0,1442,0.997923875432526,224.58456384790696,777.8443929999999,1.2831135297360554,0.8740484429065744,0.0,0.5467128027681661,473,0.3273356401384083,30.66568835400621,98.36744799999998,1.4905651578073993,9,0,0.9018100221463096,0.2931867205077026,5.189465476292687,4,0,0.8372868097066815,0.3714077004209892,2.010025607638512,13,0.9899999999999998,0.4578479845805752,3.874038291756264,0.7396142508805811,86.73725346897893,-0.0203769919892661,0.1404844290657439,0.1467128027681661,0.5661621418442355,0.183204135914525,train,val,test,train,1,-0.0827159991867685,0.2749915095566011,-0.1193015133872587,0.1979670000383021,-0.1920732397396696,0.2171681240499448,-0.3503358044766664,0.0395466879584627,True,False,0.548038802656729,0.9809672386895476,0.0,0.4556290861075212,0.6718408403034531,0.9737909516380656,0.2931057038199895,0.6662382399413715,none
32407,s32407.csv,447,3.512,7.992,4.48,0.9955257270693512,0.0022371364653243,0.0,444,0.9932885906040269,301.69217048124017,346.5782299999994,10.906420147038498,0.9865771812080536,0.0,0.4720357941834452,230,0.5145413870246085,29.372145839086496,93.54099899999996,1.7297386992856554,9,0,0.3023596128336005,0.8127615827249566,4.502778973303718,4,0,-0.1418417097842702,1.0708516971711306,3.4140133290274943,6,0.0699999999999994,1.032042520880787,6.13564482530408,0.721048875588609,27.310126109057,-0.0295947188306043,0.3736017897091722,0.378076062639821,0.7138091262384593,0.0760486329577203,train,test,val,val,1,-0.2360923547115714,0.2374762575350044,-0.9984637835271146,-0.6825549334585812,-0.1960359903104487,0.265217428104872,-2.250720698060635,-1.2928931481375314,False,True,0.6647165982062243,0.6948907956318253,0.0,0.5119421953954042,0.6294452464619387,0.7195007800312012,0.6672880690737834,0.6640998311447259,none
31947,s31947.csv,517,4.002,9.192,5.19,0.9516441005802708,0.0019342359767891,0.0,491,0.9497098646034816,455.38645580566646,1438.121445,2.2255826696667027,0.851063829787234,0.0,0.0135396518375241,433,0.8375241779497099,96.42520851637968,144.406354,1.797727634081178,9,0,0.1747204349063954,0.9173552229402144,5.240543452030074,4,0,0.649299959062734,0.5848276016503902,3.5571779895172746,5,1.08,0.8207998480549851,7.971804813655426,0.8789787353804476,7.903483006376408,0.0244376352386883,0.04642166344294,0.0502901353965183,0.50896929192789,0.0591966528356634,val,test,train,train,1,0.3890864414832918,0.5013040067480427,0.0668161733272029,0.504856606636179,0.5203832544390772,0.6101633358849736,0.2767601463481536,0.6164797576619885,False,True,0.5468728625992331,0.7962948517940717,0.0,0.590874479478682,0.6473710438812612,0.8396255850234009,0.4980049712192569,0.6632440103938211,none
31862,s31862.csv,745,3.712,11.192,7.48,0.9369127516778524,0.0067114093959731,0.0,693,0.9302013422818792,198.58547295664363,435.7000499999999,1.9994307079497295,0.9986577181208054,0.0,0.4295302013422818,424,0.5691275167785235,9.107817615579624,13.894888999999992,3.475425985279838,9,0,0.0728296624506019,0.9696287509972442,3.3752125552706285,4,0,0.3013042323034242,0.8394983330492047,3.1008992265871926,4,2.9899999999999998,0.735031347962384,12.883033975739725,0.9759164729157748,-0.8359445117625756,0.0223679843520172,0.0,0.0,0.2924487443830095,-0.0218944410292583,val,train,test,train,1,0.3627497825189568,0.4922001924058664,0.020300219132042,0.3247313951301395,-0.705815951864285,-0.322385903241642,-0.2267764502989502,0.0844872877193864,False,True,0.4956679829030502,0.9137285491419656,0.0,0.3358438415428228,0.5940419386786023,0.9138845553822154,0.6552851909994768,0.6629235719051462,none
31905,s31905.csv,741,0.522,8.372,7.85,0.9878542510121456,0.0,0.0,732,0.9878542510121456,332.18147813660755,1151.4243169999995,2.169009877647118,0.835357624831309,0.0,0.2753036437246963,415,0.5600539811066126,5.336309550006392,12.900791999999996,1.390895939514333,9,0,0.7798679653617708,0.4473923575171503,5.908555198814102,4,0,0.5642193170245939,0.642079329492055,3.821926788894069,14,0.3899999999999997,0.3169946400500011,6.611013531156547,0.4305108910915752,275.3189159079077,0.0026434857498,0.1012145748987854,0.1120107962213225,0.1860195085978446,0.0623058040299687,train,val,train,train,0,,,,,,,,,True,False,0.4158069087256362,0.9255070202808112,1.0,0.711108008400803,0.6827922776724975,0.9188767550702028,0.42315868655154365,0.6624327788886241,none
31624,s31624.csv,396,4.002,7.982,3.98,0.6717171717171717,0.0227272727272727,0.0,257,0.648989898989899,498.9424204181756,1486.793086,2.353702302640537,1.0,0.0,0.1262626262626262,346,0.8737373737373737,8.418104178642855,23.40314,3.191911308180151,9,0,0.4330052354590391,0.7341503995829914,3.6596657325709545,4,0,0.698270782220699,0.5502084588776046,6.494188335564894,1,,0.624546305180912,11.483866383346076,0.8415078721735947,25.885243785381597,-0.0233917096141164,0.0126262626262626,0.0126262626262626,0.4592431227119456,0.2695879375058405,train,train,train,val,0,,,,,,,,,False,True,0.5848203454775062,0.6503510140405617,0.0,0.6232991848354904,0.6192997312819708,0.7035881435257411,0.7157411041339612,0.6577374043989661,none
31937,s31937.csv,1482,0.0,15.242,15.242,0.9986504723346828,0.0006747638326585,0.0,1479,0.9979757085020244,200.55722425915224,333.3443109999997,0.8082402736345227,0.6093117408906883,0.0,0.122132253711201,722,0.4871794871794871,21.859625447535254,57.32841249999997,1.1039441332399058,9,0,0.8919079341853323,0.3193486346619295,9.283411831848694,4,0,0.9941051599325385,0.0630917962609361,20.253777904408643,11,1.0599999999999994,0.4064110975724065,1.7015990200871367,0.8324281821593971,56.46409838974671,-0.0846298054953132,0.048582995951417,0.0506072874493927,0.7891763854423176,0.2606847908070429,train,test,val,train,1,-0.7109456960265632,-1.168829130193147,-0.1759247269020111,0.1064198191965566,-2.166274239182682,-1.9803281205551089,-0.2414864365777924,0.0439314149993059,True,True,0.4814069343186737,0.9993759750390016,0.0,0.605149509251729,0.6998188710507051,0.9990639625585024,0.1488749345892203,0.6571513318951454,none
31409,s31409.csv,734,0.502,7.892,7.390000000000001,0.9264305177111716,0.0,0.0,680,0.9264305177111716,470.3177673179172,1694.094065,1.2289488810269389,0.4904632152588556,0.0,0.1702997275204359,235,0.3201634877384196,28.78144977751364,60.00638799999993,18.60361979340516,9,0,0.9486542369642608,0.1994584398363336,7.679437822622265,4,0,0.6600328948566145,0.5626171061130478,2.7529218553317283,10,0.8399999999999999,0.4926398077141935,9.348005217031204,0.4041724626016632,264.82996031012857,-0.0192281575960202,0.1226158038147139,0.1280653950953678,0.4640900373401297,0.106937179076161,test,train,train,train,1,0.1923735048655691,0.4409807330429321,0.1896241936719756,0.3584232595130584,-1.866107116318751,-0.9571455066973412,-0.0274797905992663,0.1722777993468309,True,False,0.5407661265019094,0.8510140405616224,0.0,0.4953168556192271,0.6357181151580042,0.8213728549141965,0.6096938775510203,0.6565305898917886,none
31944,s31944.csv,517,4.002,9.192,5.19,0.9709864603481624,0.0,0.0,502,0.9709864603481624,426.8006756205611,1466.7266344999998,1.4862107163261813,0.5473887814313346,0.0,0.0,283,0.5473887814313346,26.18011195867712,88.8804,2.5756703767053843,9,0,0.6907543535539852,0.549234185565712,4.348698509390785,4,0,0.7455366454168633,0.4975435706779652,3.720021155582428,4,1.3100000000000005,0.5403895128341367,10.420543694930572,0.9259861713170876,2.881248443569612,0.0351047739341426,0.0638297872340425,0.0715667311411992,0.7097468802402473,-0.1281837639056196,train,val,val,train,0,,,,,,,,,True,True,0.6011896760899633,0.7554992199687987,0.0,0.5761104930921326,0.6476742615482064,0.7770670826833073,0.5230736525379382,0.6560613577448225,none
31215,s31215.csv,592,2.512,8.482,5.969999999999999,0.8530405405405406,0.0050675675675675,0.0,502,0.847972972972973,282.08992097922686,524.9437825,2.848834548934602,0.3513513513513513,0.0,0.0,208,0.3513513513513513,30.005352314807105,96.11673499999996,2.35521341359985,9,0,0.3005834541647678,0.8139153113161272,3.1359540806530557,4,0,0.5130777254836228,0.6715397165654435,2.621773703531397,26,0.0899999999999998,0.3163012770337352,6.31164324976884,0.910395671407982,4.544378497018334,-0.0539660269830927,0.0692567567567567,0.0777027027027027,0.6791498399088673,0.2495064790559329,train,train,train,train,0,,,,,,,,,False,True,0.6574534191363414,0.7387675507020282,1.0,0.4235648336649088,0.615746789542902,0.7312012480499219,0.6817438513867086,0.6555128277186137,none
31909,s31909.csv,845,3.512,11.992,8.48,0.7266272189349112,0.0106508875739644,0.0,605,0.7159763313609467,266.83701274472014,656.5991559999998,2.248040243347416,1.0,0.0,0.4745562130177514,444,0.5254437869822485,7.792196456721398,27.541510999999986,1.1753136428960267,9,0,0.3712242667316851,0.7935446232227595,4.322556437028765,4,0,0.8395029076306962,0.4142964344182092,3.0250878836713437,12,0.0099999999999997,0.9703679331101088,8.550920702951018,0.8431616090788702,23.261894429520986,-0.0149934018133434,0.0485207100591716,0.0532544378698224,0.4215124444471124,-0.007297295290318,train,train,train,val,0,,,,,,,,,False,True,0.4910110257540501,0.915132605304212,0.0,0.5769856944069977,0.6652459791924911,0.8992199687987519,0.41130298273155413,0.6552345968164985,none
31260,s31260.csv,675,3.512,10.292,6.779999999999999,1.0,0.0,0.0,675,1.0,73.77043121569845,249.69322799999983,2.033415893806989,1.0,0.0,0.5614814814814815,296,0.4385185185185185,4.609370204270726,11.0787475,1.4821669492906804,9,0,0.6230578426276602,0.6139630680693681,4.362885121609893,4,0,0.823155014240778,0.4247581057870932,13.757851952210869,6,1.4900000000000002,1.6871830525110405,3.4792174781676675,0.9606631665949378,0.5081983907763656,0.0233798235974733,0.0133333333333333,0.0148148148148148,0.588035269222985,-0.0303246798459547,val,test,val,train,1,-1.4624088796779025,-0.7990120982070354,-0.4607821096903715,0.0128539537622641,-0.6708964329070624,-0.186573534067947,-0.6304344143238922,-0.1786682128685008,True,True,0.4327351051990731,0.8709048361934477,0.0,0.7877000874118734,0.6925840057109443,0.8634945397815912,0.4104199372056515,0.6549363511649872,none
31567,s31567.csv,546,3.502,8.982,5.48,0.9926739926739928,0.0,0.0,542,0.9926739926739928,127.54624209215513,386.5228415,1.7753705283178949,0.7106227106227107,0.0,0.2307692307692307,262,0.4798534798534798,16.460050335137172,23.367962499999948,4.917422894722036,9,0,0.637110969645168,0.5845857475082203,3.937777506523796,4,0,0.5852874739895397,0.6478826268968529,4.606525540623205,7,0.7450000000000001,1.0456718088082484,5.134447436590003,0.493558711413407,208.44821384055507,0.0041510875027272,0.0274725274725274,0.0311355311355311,0.7947015176051315,0.0705965612712126,train,train,val,test,1,-0.2234508212435441,0.1734825971935152,-0.5080530910487215,0.1239813693945636,-0.1694986622831946,0.2055865441269943,-0.6483167863940229,0.0438630865267172,True,False,0.469884135903067,0.7561232449297971,0.0,0.7160514982265249,0.6439180327594599,0.7686427457098284,0.6504938513867086,0.6534041414968365,none
31939,s31939.csv,514,4.002,9.192,5.19,0.9785992217898832,0.0019455252918287,0.0,502,0.9766536964980544,307.82677959707337,1010.4241865,1.8442214440031,1.0,0.0,0.1050583657587548,460,0.8949416342412452,23.04128219894837,71.69340349999999,1.118770869532023,9,0,0.688035387984366,0.5505737959064597,6.86552583449872,4,0,0.7499520830769433,0.4894086782651751,4.221900066527936,17,0.0250000000000008,0.696321317172271,8.043718631915574,0.95295986358205,0.4690987834516364,-0.0366901476665243,0.0,0.0,0.6406661135145596,-0.092635426546226,train,val,val,train,0,,,,,,,,,True,True,0.5090339938427081,0.8119734789391575,0.0,0.7052183607730896,0.6739181237055798,0.8617784711388455,0.3273809523809524,0.652311483581457,none
31091,s31091.csv,675,3.512,10.292,6.779999999999999,1.0,0.0,0.0,675,1.0,32.99810244573414,106.925295,2.112829418853494,0.9955555555555556,0.0,0.7807407407407407,145,0.2148148148148148,47.72294810672951,41.007098,2.261035680889915,9,0,0.6190587087734658,0.58052682148087,6.140491910714744,4,0,0.4718711056733521,0.7175682150065645,3.8987657341962594,13,0.4449999999999998,0.7667274800456076,2.7638248105134826,0.8880820703735219,9.581175032063747,0.0405991235001992,0.2029629629629629,0.2118518518518518,0.5934587830741465,0.0961638497908198,train,train,val,train,0,,,,,,,,,True,True,0.563281830526149,0.7838533541341653,0.0,0.6969664551736576,0.6805872511832073,0.7329173166926677,0.5656233647305076,0.6515399488205366,none
31508,s31508.csv,596,4.512,10.492,5.980000000000001,1.0,0.0,0.0,596,1.0,216.75908195231344,748.2924000000002,0.9753709789376136,1.0,0.0,0.6694630872483222,197,0.3305369127516778,6.424723802061028,7.54898399999999,3.065973091800945,9,0,0.9182111287988975,0.2735771991682792,3.867944577309902,4,0,0.5957231422052024,0.6366264421399772,3.84461428880436,6,1.2200000000000006,0.4914690725544426,3.961430224440517,0.9160196250188803,4.470561656852205,-0.0058539597577565,0.0922818791946308,0.1006711409395973,0.6849985952919395,0.2805214902437744,train,train,train,val,0,,,,,,,,,True,True,0.6287166042965733,0.7839703588143525,0.0,0.5493939583015646,0.6592586245792933,0.7645865834633385,0.47458791208791207,0.648046895232729,none
31904,s31904.csv,750,0.522,8.362,7.84,0.9946666666666668,0.0,0.0013333333333333,745,0.9933333333333332,327.2296952625356,1111.4057879999998,1.7688195792902033,0.8373333333333334,0.0,0.22,463,0.6173333333333333,12.000927042642315,37.452647,1.0516906731241853,9,0,0.7043978157695185,0.5150201727595745,6.239211204579524,4,0,0.6514466832114333,0.5895158434761838,4.133789819642276,22,0.2200000000000006,0.4024149519921964,3.289944986428688,0.7892589683486455,50.09986240452837,-0.0117653036532563,0.1,0.104,0.3239789520278086,-0.0435972848467426,train,train,test,test,2,0.3465062807362775,0.4668047678511765,-0.7617893331392178,-0.0531464130072554,0.2060778527423887,0.3619071280665765,-0.5481621939519762,0.0402083546193943,True,True,0.3629162530870138,0.947659906396256,1.0,0.7520720901851917,0.6843232828747019,0.9513260530421217,0.30195251177394034,0.6475089874368227,none
31597,s31597.csv,546,3.502,8.982,5.48,1.0,0.0,0.0,546,1.0,125.76611957890462,393.6749125000001,2.2370907398923885,1.0,0.0,0.2087912087912088,432,0.7912087912087912,12.340351915010018,39.42456,1.302383819651108,9,0,0.3853778333078467,0.7814752637804977,3.1221238728540968,4,0,0.1417166189508511,0.9200459550037956,4.10203787329993,4,1.5,0.6371905002526533,7.253913699502338,0.5058880088797476,86.55597994009571,-0.0093817429916591,0.1593406593406593,0.1593406593406593,0.5119362032713336,0.2378793261727357,val,train,train,train,0,,,,,,,,,False,False,0.5821075237881144,0.8164196567862715,0.0,0.4340985121976257,0.6197140668603227,0.8569422776911078,0.4318583202511774,0.6473026930801978,none
31354,s31354.csv,297,3.002,5.982,2.9800000000000004,0.98989898989899,0.0067340067340067,0.0,292,0.9831649831649832,401.2568081159677,1251.3557224999988,4.704422709107475,1.0,0.0,0.9057239057239056,28,0.0942760942760942,8.514387471634404,24.68095050000001,1.388832186173263,9,0,0.904324981451056,0.3114464485966563,8.704705788363365,4,0,0.9458312833313796,0.2355328222140546,25.308866114383992,9,0.1,0.7765019690961923,12.255568402396335,0.5071391414877279,58.17067256532164,0.3662131767161811,0.1750841750841751,0.1750841750841751,0.9738892694987492,0.7195869349539323,train,train,test,train,1,0.5195511509767128,0.5344092286461124,-0.042082904622909,0.3739775734207938,0.5910142369275612,0.6344600885293696,-0.255649685725132,-0.0954563189693105,False,False,0.789224031901282,0.466185647425897,1.0,0.932985783158174,0.7192891227119649,0.4630265210608424,0.5677165096807953,0.6470831619205669,none
31070,s31070.csv,746,0.502,7.992,7.49,0.9664879356568364,0.0,0.0,721,0.9664879356568364,226.53109333424288,715.91461,1.4618090089386864,0.6729222520107239,0.0,0.3873994638069705,213,0.2855227882037534,137.18659657006089,179.09128399999972,12.566031319794352,9,0,0.9529117602910424,0.1966728227371698,5.024026909080338,4,0,0.884272760885829,0.3240143805569839,2.907739657956062,7,1.4899999999999998,0.4502585438765495,4.127475502189047,0.7211289090749162,63.94870446676211,-0.007295172251414,0.0978552278820375,0.1018766756032171,0.6357246775432466,0.0946095458489643,test,train,val,train,1,0.0854144696348198,0.3273848674986905,0.7986799983025424,0.8477079533224149,0.0365051030228059,0.2400856885966126,0.7536514367679605,0.8127138460708683,True,True,0.514441166838596,0.8534711388455538,0.0,0.4536393243085379,0.6148611042820138,0.8179407176287052,0.6496435112506541,0.6470010624369397,none
31686,s31686.csv,733,2.512,9.872,7.359999999999999,0.9959072305593452,0.0013642564802182,0.0,729,0.9945429740791268,259.4932042293413,814.3571679999999,1.1931387380012086,0.7789904502046384,0.0,0.0,571,0.7789904502046384,4.294592301711308,13.689445000000005,1.4332318366365828,9,0,0.7845315689764208,0.4278449761203068,2.884698313302585,4,0,0.4603952672933945,0.7301395142976159,3.117805133855066,15,0.2049999999999996,0.4423243879381858,4.980485320072541,0.8139742100520045,19.49991872149665,-0.0225728050755113,0.0995907230559345,0.1036834924965893,0.4810343176747353,-0.0106746620124747,test,val,train,train,1,-0.8986433044801712,0.0357544179284958,-0.7527018021200544,0.0906881401529484,-0.5328156204436887,0.2128967243310091,-22.21724895495546,-17.197096853671084,True,True,0.4818974741829851,0.9496099843993762,1.0,0.5056765491194979,0.6527305752396758,0.9669266770670827,0.2639979068550497,0.6467910814779109,none
31559,s31559.csv,447,3.502,7.982,4.48,1.0,0.0,0.0,447,1.0,210.4008482360991,845.6006479999999,2.982598632985852,0.9910514541387024,0.0,0.5838926174496645,182,0.407158836689038,8.063104580371967,20.4839035,2.7259669159239297,9,0,0.6465915480600329,0.5426637312788266,3.859780390301016,4,0,0.0879595852218009,0.9705029673043998,5.095715618143888,7,0.0100000000000004,1.1301467723080911,3.966511485345792,0.5632694731214127,58.82699998717271,-0.0032205718464912,0.1409395973154362,0.1565995525727069,0.8429758111859966,0.0678716113937147,test,train,train,train,1,0.0045426408825838,0.2129230929806007,-0.3549152362442367,-0.0639552329269146,0.1528850235720753,0.3375736709707247,-0.4211537291248286,0.0224783110131973,False,False,0.5565071258609977,0.6769110764430577,0.0,0.6186880790121916,0.6173027945100769,0.6889235569422777,0.7395015698587126,0.646250007865846,none
31719,s31719.csv,596,5.712,11.692,5.98,0.9966442953020134,0.0,0.0,594,0.9966442953020134,139.1073850261995,409.967175,0.8211821018274761,1.0,0.0,0.25,447,0.75,12.25778291204882,35.268370000000004,1.3988478617908218,9,0,0.7330899791302415,0.508794938546237,2.8838016175878827,4,0,0.8262379027307309,0.4218166153819048,2.415655631166679,15,0.0350000000000001,0.2297511370024017,8.449396976660793,0.6554818176040547,44.953719968892926,0.0723975601365523,0.0939597315436241,0.098993288590604,0.8999441814261246,0.0846398146705665,train,train,train,train,0,,,,,,,,,True,True,0.6420278500207963,0.8638845553822152,1.0,0.429531227660912,0.6559287101893276,0.8946957878315132,0.20087650444793304,0.645047829955171,none
31216,s31216.csv,592,2.512,8.482,5.969999999999999,0.9121621621621622,0.0050675675675675,0.0,537,0.9070945945945946,270.7855095004331,793.04418,2.656089256374021,0.8344594594594594,0.0,0.527027027027027,182,0.3074324324324324,59.08637114441195,158.7235455,2.1337851811883244,9,0,0.2415695911188081,0.8431902319335305,2.854550738251244,4,0,0.4443951393154159,0.7373415981858026,3.3327295243837445,7,1.35,1.0688147376143382,6.538114806392746,0.6159154369029614,60.8232692103965,-0.0743451335575282,0.1097972972972973,0.1097972972972973,0.8935720699504857,0.1223013711262002,train,train,train,val,0,,,,,,,,,True,True,0.6378409041036551,0.7269890795631826,0.0,0.488818083746628,0.6243359194073815,0.7113884555382215,0.6338304552590267,0.6443049342972333,none
31891,s31891.csv,645,4.012,10.492,6.480000000000001,1.0,0.0,0.0,645,1.0,111.89192516771848,339.674712,1.4968113994713002,0.9953488372093025,0.0,0.2031007751937984,511,0.7922480620155039,32.77802555892723,101.14004,1.854545152047312,9,0,0.6226790492948037,0.602551663536357,5.281935434201724,4,0,0.5413948484670386,0.67510639685493,3.783481236518941,8,1.0300000000000011,0.5409201600278313,2.9984810904967305,0.5961588163150819,132.10672552499955,-0.0152513963361025,0.1364341085271317,0.1395348837209302,0.3187608704124273,0.1453794248250023,val,val,val,train,0,,,,,,,,,True,False,0.4034822993252487,0.9059282371294852,0.0,0.6089700377880112,0.6409846990955602,0.9294851794071763,0.39584968602825743,0.6435617201328855,none
31509,s31509.csv,596,4.512,10.492,5.980000000000001,1.0,0.0,0.0,596,1.0,194.69680204811263,694.2456099999999,1.1687176557259988,0.9832214765100672,0.0,0.25,437,0.7332214765100671,26.718087964003203,84.572722,0.6885290043099279,9,0,0.9169921825063536,0.279220458886088,3.6748177295083546,4,0,0.3004943732169907,0.8500576634214424,3.9208405034272937,5,1.4,0.5675033570912091,4.279188394946554,0.8868792336099598,6.200068165552816,0.0321204984735384,0.1174496644295302,0.1208053691275167,0.6284608860960981,0.2037541548743114,train,val,test,train,1,0.099768840857772,0.3350835121968337,-0.2301603549304562,0.2041040275600618,-0.0776579315017094,0.2202116318146179,-0.4684447643977054,0.0292616346237716,True,True,0.6234727926128104,0.8666536661466459,0.0,0.5047433231400917,0.6729672575078373,0.8886115444617785,0.15922619047619047,0.6420818826109969,none
31272,s31272.csv,796,3.012,10.992,7.98,0.993718592964824,0.0,0.0,791,0.993718592964824,218.10858349557148,701.2864500000001,1.2699749831777345,0.993718592964824,0.0,0.2688442211055276,577,0.7248743718592965,43.84847373225165,133.07325399999996,1.0647457002290874,9,0,0.603281495454453,0.5835177976201342,3.256784955203323,4,0,0.4296572032574738,0.7535323723336511,3.1137431099467734,6,1.9799999999999995,0.6924241448173678,7.326645309112177,0.7162021491879955,102.39358410482066,0.0224109144256633,0.0464824120603015,0.0477386934673366,0.6376833527881824,-0.0094536961409559,val,train,val,train,0,,,,,,,,,True,False,0.4870239609767081,0.9715678627145086,0.0,0.4581837046197337,0.647962249677846,0.9806552262090483,0.22565083725798013,0.6409444600582889,none
32412,s32412.csv,149,3.512,4.992,1.48,0.959731543624161,0.0,0.0,143,0.959731543624161,258.0806852790151,273.7926980000001,7.23148470862211,0.9664429530201344,0.0,0.0067114093959731,143,0.959731543624161,19.16184347153585,59.247724,2.0198566324167246,9,0,0.3234077874721116,0.7850562479790573,5.649843027258057,4,0,0.7144655735638494,0.5282029936993389,9.391828088711964,5,0.0249999999999999,0.6539957567185275,11.120142443555494,0.592557448140534,15.03823562718024,-0.3520350727852442,0.2348993288590604,0.2348993288590604,0.9666879544786556,0.4514093098839549,test,train,train,train,1,0.2694169617697906,0.4507179585801165,0.2510814132201664,0.2820546538767849,0.2342511813325509,0.4262949443853717,0.0784381881328677,0.1394909127004161,False,False,0.8018034950510995,0.3642355694227769,0.0,0.7137150207975745,0.6222281788051292,0.4592823712948518,0.7174090790162219,0.6389226120053401,none
31910,s31910.csv,845,3.512,11.992,8.48,0.7976331360946746,0.0118343195266272,0.0,664,0.7857988165680473,363.9708474217381,925.8086000000004,3.0066321043942925,0.5171597633136095,0.0,0.4994082840236686,15,0.0177514792899408,328.525602959858,1021.901453,61.62264248058181,9,0,0.3210990988110273,0.8326880394053696,3.930148422081339,4,0,0.853140252753727,0.3818307543300778,3.514713142846185,3,0.5500000000000003,0.7348222523542176,8.803049082844373,0.8294361421579556,30.79570151555048,0.0439438209553431,0.0520710059171597,0.0579881656804733,0.6583266952239247,0.1538094440226553,val,train,test,train,1,0.2056315895121542,0.3709615888874205,,,0.2415836230654519,0.3930787988495254,,,False,True,0.6164350289797974,0.7165366614664587,0.0,0.5531081024021456,0.6324725223768333,0.5970358814352574,0.8809360282574568,0.6388514808669825,none
32094,s32094.csv,645,3.012,9.492,6.48,0.9085271317829458,0.0,0.0,586,0.9085271317829458,444.58016746676,1554.1505774999998,1.7468646245659625,1.0,0.0,0.7705426356589147,148,0.2294573643410852,5.238495520232429,11.863848500000003,1.9761731940150296,9,0,0.922849630198728,0.2655921175222074,5.658692178267025,4,0,0.9273186009265916,0.2668970601122208,9.554446144198462,27,0.0750000000000001,0.4425880988682976,3.0802254677507603,0.7935308455072667,27.18210080990421,0.0138083340957549,0.1007751937984496,0.1023255813953488,0.7033826227899569,0.3102698901208116,test,train,train,val,1,0.2951274151238814,0.5062787099535632,-0.3102750329661375,-0.0845848640638995,0.2293841309361967,0.4512796852812537,-0.8281913465736797,-0.3817585396050518,True,True,0.5534944170415498,0.7464898595943837,1.0,0.8090644373740836,0.6977138280348018,0.703588143525741,0.46153846153846156,0.6380740173596431,none
31558,s31558.csv,447,3.502,7.982,4.48,0.9753914988814316,0.0,0.0,436,0.9753914988814316,242.4842879180553,905.9584225,2.400656941496748,0.9977628635346756,0.0,0.0111856823266219,441,0.9865771812080536,21.931399278825,71.10664,2.0238613133655536,9,0,0.6296664934531885,0.5957863878195238,4.684110007531856,4,0,0.5075690208524993,0.6938960875381028,6.456567182497079,8,0.4700000000000006,0.9726733717577024,3.0417255912941155,0.8052552319476444,25.90951985065364,0.0558591735279396,0.0268456375838926,0.0335570469798657,0.3525049955433382,0.1251063902707533,train,val,train,train,0,,,,,,,,,True,True,0.3617206399670856,0.7580343213728549,0.0,0.7625949699733334,0.6206927274609791,0.8160686427457098,0.5880756148613291,0.6375442368136089,none
31338,s31338.csv,592,2.512,8.482,5.969999999999999,0.8277027027027027,0.0135135135135135,0.0,482,0.8141891891891891,331.0267700863475,963.9920584999992,4.396385297883948,1.0,0.0,0.3378378378378378,392,0.6621621621621622,4.79636442735556,15.702973,1.6370981117800756,9,0,0.4983414673951981,0.6924508814854918,2.4560176402382403,4,0,0.1631787028749644,0.9312272633127062,3.1790307528342403,12,0.25,0.3694175659123165,5.259124753318675,0.8202304446016024,18.47679330205284,-0.0001622909336739,0.081081081081081,0.089527027027027,0.6283040264670973,0.0414343296150828,train,train,val,test,1,0.2464590529272112,0.3947821463350095,-5.004155358277881,-0.3070909059940445,0.2405635468433452,0.3924889156570229,-1.642385564921094,-0.0892087198254032,False,True,0.5372883915454487,0.7940327613104524,1.0,0.3863976447310197,0.5818816969188713,0.8165366614664586,0.5998986132914704,0.6357456207535915,none
31211,s31211.csv,592,2.512,8.482,5.969999999999999,0.9273648648648648,0.0,0.0,549,0.9273648648648648,224.2635032576411,635.3542880000002,1.9325680755439183,0.8834459459459459,0.0,0.0878378378378378,471,0.7956081081081081,30.09729241809072,93.03755,1.8967298925163043,9,0,0.1964445732131335,0.8665630207040932,3.179904660240917,4,0,0.4453922687031505,0.7426740953107206,3.4670530600322973,6,0.8300000000000001,0.7393538913362732,6.390907555013314,0.4401482031980038,160.35076987948904,-0.022046342678416,0.1604729729729729,0.1655405405405405,0.3791146654040559,0.0547009551365717,train,train,train,val,0,,,,,,,,,False,False,0.4794247761656788,0.8443447737909516,0.0,0.457559758899642,0.6005872701547132,0.883619344773791,0.4653486394557823,0.6357114305125338,none
31745,s31745.csv,297,3.012,5.992,2.98,0.7878787878787878,0.0,0.0,234,0.7878787878787878,380.0781907432212,1214.8437909999998,0.7575858787473863,1.0,0.0,0.2727272727272727,216,0.7272727272727273,10.034379209283328,34.06527749999999,2.180547992677736,9,0,0.9543757759500772,0.2131995387477955,2.228326084948732,4,0,0.8441173766323644,0.3952207378864562,3.066399561840427,9,0.2050000000000005,0.9675722830939234,16.577585495837486,0.7904157658732486,10.859138449133969,-0.0100842905545797,0.3198653198653198,0.3198653198653198,0.9616060124701744,0.1158729784887049,val,val,train,val,0,,,,,,,,,False,True,0.8408158135283751,0.5526911076443057,1.0,0.5834245847007006,0.6627547978206484,0.6117004680187208,0.33506671899529045,0.6346986268203993,none
32718,s32718.csv,645,3.512,9.992,6.48,0.993798449612403,0.0046511627906976,0.0,638,0.9891472868217054,213.81713267519632,353.8152405,2.594399146020469,1.0,0.0,0.7705426356589147,148,0.2294573643410852,36.23392299588839,16.509798499999995,3.4919087237929847,9,0,0.4081123262283925,0.7691071407216498,3.916563636656146,4,0,0.7581662209483635,0.4657863717623716,3.3433951762216254,8,0.9999999999999996,0.3199827987255411,2.187467865414109,0.8527743425919279,13.41137940554644,-0.0629649045328291,0.2403100775193798,0.2403100775193798,0.913638437157742,-0.0884430659978222,val,test,val,train,1,0.2823677859248716,0.4284047879577718,-1.7973997192898317,-0.7173836060326702,0.1874488095828043,0.3469731447747834,-0.0716015880563964,0.0056914733208266,True,True,0.540281806767002,0.7664196567862714,0.0,0.4548404033770071,0.5937976332567477,0.726365054602184,0.7575222396650968,0.6344849603272897,none
31256,s31256.csv,675,3.512,10.292,6.779999999999999,1.0,0.0,0.0,675,1.0,73.96462423261889,223.76081600000003,1.1682520193876813,0.8118518518518518,0.0,0.3807407407407407,291,0.4311111111111111,24.14773570967812,37.861445,13.35611548320045,9,0,0.7555745913318396,0.4789008113958263,3.0336778118213275,4,0,0.6731756219161973,0.5763667502425958,2.8684946638872555,8,0.8000000000000003,0.717821326708988,2.7733385227646608,0.8463494928734517,13.548901649310748,-0.0195298518864172,0.0666666666666666,0.0725925925925926,0.549738701004381,0.1579017145274782,train,test,train,train,1,-1.4641751183094385,-0.5363038066902539,0.1599548882139232,0.3557352961121104,-0.9285350863576928,-0.1472458643095491,-0.1520753461211741,0.118182933681207,True,True,0.4602882388710874,0.8656006240249611,0.0,0.4264445791634441,0.5919944757626502,0.8555382215288612,0.5920983778126635,0.6330832038192868,none
31565,s31565.csv,546,3.502,8.982,5.48,1.0,0.0,0.0,546,1.0,122.03872884020728,424.815895,2.182296448941678,1.0,0.0,0.1886446886446886,443,0.8113553113553114,18.353610633894885,62.038728999999975,1.5697807891456088,9,0,0.6067976360362927,0.610518861799436,4.3393754970055065,4,0,0.0912381328032576,0.956539998429058,4.115094604728185,10,0.2000000000000001,0.8860860137332838,3.03574483662255,0.8711269865110228,11.124086150494284,-0.0402123304611859,0.0366300366300366,0.0366300366300366,0.3489602257956299,0.0294371903164487,test,train,train,val,1,-0.1786952651186141,0.1253324551433796,0.2094597709366394,0.3063843838939299,-0.3779647072603906,-0.0047292580761051,-0.0539636563220184,0.091788279432496,False,True,0.3610221119280944,0.8217238689547582,1.0,0.740716166570713,0.6361759432802123,0.8648985959438378,0.44979722658294086,0.6328430809290115,none
31589,s31589.csv,595,3.502,9.482,5.98,0.9243697478991596,0.0016806722689075,0.0,549,0.9226890756302522,198.0196184234433,655.983076,0.8131090727329654,0.8352941176470589,0.0,0.2470588235294117,350,0.5882352941176471,33.62021912991443,53.110100500000016,4.084153555759688,9,0,0.4619333779157007,0.7202373140031184,4.161200073613841,4,0,0.8355065344738545,0.4048092053874514,7.13685458751572,13,0.1849999999999996,0.4804746954952751,3.072051210533183,0.795388705336853,21.3358808651963,-0.0139034553285573,0.0957983193277311,0.1058823529411764,0.3468959658014518,0.0028604332992634,train,train,train,val,0,,,,,,,,,True,True,0.3754542651774253,0.8125975039001561,1.0,0.7656661597451746,0.6455179671007059,0.8307332293291732,0.483712715855573,0.6323364026250089,none
31087,s31087.csv,675,3.512,10.292,6.779999999999999,1.0,0.0,0.0,675,1.0,53.06476937347024,171.04744199999993,1.1385228848388949,0.8281481481481482,0.0,0.0044444444444444,556,0.8237037037037037,26.02029178361296,90.04191,1.813750595723424,9,0,0.6167064207794604,0.5969974883682713,2.8939455370391505,4,0,0.6865059281820961,0.5541653004904257,2.381399983515878,7,1.1449999999999998,0.7880247246976944,2.8571611856978043,0.780805617263395,29.831754458061965,0.0238883834877242,0.1511111111111111,0.1585185185185185,0.6181105463737193,0.0065075066213398,train,train,test,train,1,-1.028817096892268,-0.489983364140079,-0.2610607546223369,0.0562544157055719,-1.2091910352173567,-0.5959859714556348,-0.2644757763927667,0.0106519452435863,True,True,0.4713224644863523,0.9286271450858034,0.0,0.4176448702154007,0.6152758244148747,0.9500780031201248,0.3173567503924647,0.6316781836851354,none
31684,s31684.csv,833,4.612,12.992,8.38,0.9915966386554622,0.0012004801920768,0.0,825,0.9903961584633854,159.10955383424343,526.928408,1.1888494759651926,0.9963985594237696,0.0,0.6362545018007203,300,0.3601440576230492,4.4999437823398445,10.8755825,2.5812100511686435,9,0,0.68495909249397,0.5348262078564828,3.1467974400270053,4,0,0.7561029926628775,0.4240850399523258,2.0115182394337405,7,1.125,0.7821307396516635,6.1224180845161245,0.4711452139702031,297.70057872265863,-0.0184197460504443,0.1284513805522208,0.1320528211284513,0.4087329291767538,0.0194067424591736,val,train,test,val,1,-0.1919231796126618,0.2766366103199867,-2.76574474212036,-1.737239102718068,-0.3792716476496647,0.2220289294983236,-1.2408175730282802,-0.0832057927564491,True,False,0.4557809240565884,0.9221918876755072,0.0,0.4253594008460457,0.6098983043600471,0.9017160686427457,0.46392595499738354,0.6308135080505892,none
31361,s31361.csv,833,0.502,8.892,8.389999999999999,0.8451380552220888,0.0024009603841536,0.0,702,0.8427370948379351,323.2556204155561,1120.9728349999998,1.832214172036644,0.2737094837935174,0.0,0.0624249699879951,176,0.2112845138055222,90.6682957937501,245.965455,0.6180256843914261,9,0,0.9495840814963002,0.2102556044340348,9.346120460844851,4,0,0.8052628123655253,0.4403860625565001,3.3862799237545183,9,1.0,0.3562169579257501,25.910126064202235,0.1260658868585889,735.9715953211797,-0.0025671103656078,0.1020408163265306,0.1032412965186074,0.9860179724263772,-0.0116373121723097,test,train,train,val,1,0.2332094939590936,0.4642550022512107,0.3026294299787148,0.2745335115411113,0.2600319633239228,0.488786314344485,0.1639044415054925,0.1266555791526138,False,False,0.6622405623723073,0.8379485179407176,0.0,0.5408988708599711,0.68733583936755,0.7800312012480499,0.25832352171637885,0.6305680080973646,none
31878,s31878.csv,695,4.012,10.992,6.980000000000001,1.0,0.0,0.0,695,1.0,138.6969562442097,379.177466,2.645206227011162,0.6158273381294964,0.0,0.0115107913669064,420,0.60431654676259,110.10187709262392,142.61805549999997,1.6598290100540851,9,0,0.0996700299437433,0.9458490622080796,3.572448150483583,4,0,0.2523790877559869,0.8636969904800957,3.1225864770605685,6,1.5,0.980332074396064,4.196891584735568,0.7904083681039397,35.90232221196764,0.0435649021951646,0.1021582733812949,0.1093525179856115,0.2867327744836628,-0.0214606191211634,val,train,test,train,1,0.2845110000539245,0.4226492137947362,-0.565378760123445,-0.0213358375627856,-0.0250324465256139,0.1631899419683046,-0.361118768123212,0.0976750359137984,False,True,0.4074564178698032,0.9104134165366616,0.0,0.4097046855960151,0.5841658477210672,0.9131045241809672,0.534962061747776,0.6291787471348965,none
31382,s31382.csv,396,2.212,6.192,3.98,0.9772727272727272,0.0,0.0,387,0.9772727272727272,209.4463969202375,676.609931,2.6696067091958056,1.0,0.0,0.3257575757575757,267,0.6742424242424242,17.108920181354048,61.66827999999999,2.979729359029985,9,0,0.4726285016772441,0.692499454320686,3.1064484649639392,4,0,0.3006132812755532,0.833655064700731,3.4793914252909963,4,1.0,0.6077192982456151,8.43159882133523,0.6118930750220848,79.9316611175938,-0.0321241582857146,0.0479797979797979,0.053030303030303,0.8725970052021548,0.0590587119563579,train,test,train,train,1,0.5705343591411766,0.6741897285190838,-0.2782118433676455,0.1011087003097174,0.3939593905951239,0.546869471217604,-0.4313204103969201,0.0327713058362439,True,True,0.5669882050721953,0.6566692667706708,0.0,0.4296086239147286,0.5571627023194217,0.7062402496099844,0.7454539508110937,0.6288519475745257,none
31337,s31337.csv,592,2.512,8.482,5.969999999999999,0.929054054054054,0.0101351351351351,0.0,544,0.918918918918919,296.64867111474075,799.4294430000002,3.104045052744133,0.6081081081081081,0.0,0.2567567567567567,208,0.3513513513513513,48.66103266022276,47.086272,2.430650179026908,9,0,0.3136191137959331,0.8067481915867492,2.828607644471638,4,0,0.5036100655657589,0.7036514754037544,2.941699471444509,12,0.3400000000000007,0.4437213016570157,4.617651080782587,0.8301129732844009,15.519657430248463,-0.0015355074704737,0.0675675675675675,0.0760135135135135,0.6309382358055491,0.0825335818065425,val,train,val,val,0,,,,,,,,,True,True,0.5288060359396074,0.7472308892355695,1.0,0.4538466765535779,0.5827669267773853,0.7408736349453978,0.7041470434327577,0.6286903227579916,none
32009,s32009.csv,387,3.502,7.392,3.890000000000001,0.9767441860465116,0.0025839793281653,0.0,377,0.9741602067183462,68.3602804726489,200.99609400000003,2.184560239647425,0.9870801033591732,0.0,0.6201550387596899,142,0.3669250645994832,7.474670768521862,23.138791,1.5527550170940745,9,0,0.6475925371620205,0.5474112143721179,5.185515103694499,4,0,0.8132912818757049,0.4078943311776375,8.621480106363103,7,0.435,0.9960207741742636,10.21018372157702,0.6402182207256193,33.0523856146482,0.0421913949030573,0.1937984496124031,0.1989664082687338,0.9163906827924264,-0.0172031799094667,train,train,val,val,0,,,,,,,,,True,True,0.6744909401308685,0.5794071762870515,0.0,0.794761853891094,0.6772928969136002,0.5968798751950077,0.44932299843014123,0.6277119599654489,none
31214,s31214.csv,592,2.512,8.482,5.969999999999999,0.8277027027027027,0.0016891891891891,0.0,489,0.8260135135135135,222.1094533125949,593.620824,3.235463775746147,1.0,0.0,0.5844594594594594,246,0.4155405405405405,3.783312407741752,12.1965625,0.9587225576365912,9,0,0.4189288273772536,0.7556886215946045,3.2795769871628973,4,0,0.6949127241608821,0.5304145355277985,3.050716049388122,20,0.1200000000000001,0.2825008861442546,6.846848780497721,0.8352079619409561,13.598635804523855,-0.017456564028313,0.0743243243243243,0.0861486486486486,0.6299227407632048,0.1391898008664983,train,val,train,train,0,,,,,,,,,False,True,0.6049993352782752,0.7515600624024961,1.0,0.4924716129052717,0.6225372730598514,0.7519500780031201,0.47651753008895864,0.6276282032338653,none
32184,s32184.csv,288,6.312,9.192,2.88,0.6597222222222222,0.0659722222222222,0.0,171,0.59375,545.968795725905,1637.7605300000002,8.68413997736786,0.5798611111111112,0.0,0.0,167,0.5798611111111112,143.5998163547221,123.97909099999998,8.962490663759906,9,0,-0.1541116843580247,1.0809134103176463,5.576609940348393,4,0,0.435891526689978,0.7601578125040396,3.6799426815887055,0,,0.7120019675356585,13.652198361632095,0.8510170636314764,4.815726660827018,0.0144703129569819,0.0798611111111111,0.0798611111111111,0.5643213956357495,0.0919119532523486,train,test,train,train,1,0.412254546887281,0.4479832970693979,0.4035710699204086,0.3714259669948111,0.4613561541375983,0.4876161394387789,0.3881533356380757,0.3558408142688131,False,True,0.652588832193225,0.4803432137285492,0.0,0.5315554474301191,0.5559928503016567,0.5329173166926677,0.9232731554160125,0.6271678667619542,none
31946,s31946.csv,530,4.002,9.382,5.38,0.9735849056603774,0.0,0.0,516,0.9735849056603774,482.9079610425496,1625.3111575,1.8107929986279043,0.4358490566037736,0.0,0.0716981132075471,193,0.3641509433962264,7.239913859979643,17.954421999999997,4.044910509368036,9,0,0.1829631568630072,0.8942403456092985,4.044737402831577,4,0,0.6572416805346493,0.5774310901283773,3.769761549957969,8,0.9400000000000004,0.641778545527525,9.633765002714783,0.9300416945147244,2.088943988039813,-0.024072894049827,0.0264150943396226,0.0264150943396226,0.5746593858194851,-0.0589400617188685,train,train,test,test,2,0.4394460105526302,0.5163964711466632,-0.5442709435482576,-0.1090847121255906,0.5302041058588549,0.6049027248284836,-0.6616670608131617,-0.1778906298258389,False,True,0.5401969893267398,0.7230889235569422,0.0,0.5238987175262856,0.5993196847671743,0.7230889235569422,0.6467000261643119,0.6268844777743884,none
32309,s32309.csv,596,2.012,7.992,5.98,0.9899328859060402,0.0,0.0,590,0.9899328859060402,143.46857863851747,470.881255,0.9287593344625388,1.0,0.0,0.6677852348993288,198,0.3322147651006711,18.589762698130105,60.46739800000002,2.0507757947700544,9,0,0.9046035467948026,0.2989062299771668,3.714527333154293,4,0,0.9268805191021426,0.2679419920686858,3.24290946541101,10,0.3399999999999998,0.5872434099104279,1.4996042843838695,0.8908955830634505,6.645639205830413,-0.0345014099127671,0.174496644295302,0.1946308724832214,0.7069448619884199,0.424186664844284,test,test,train,train,2,-1.0874866328195345,-0.5735708095754104,0.110490169274365,0.2559280382149507,-2.048632824127385,-1.2136720575754731,-0.2455151550121548,-0.0559986301458106,True,True,0.5927100851038902,0.7711778471138846,1.0,0.6330123243335777,0.6672644735762945,0.7570982839313574,0.3417222658294087,0.6268625276281581,none
31570,s31570.csv,546,3.502,8.982,5.48,1.0,0.0,0.0,546,1.0,127.83451979141212,407.73574500000007,2.0735409878498494,0.978021978021978,0.0,0.336996336996337,350,0.6410256410256411,26.788650766207283,39.78111099999998,1.617002096668826,9,0,0.6925227327785011,0.5249804239946134,4.9400236844046175,4,0,0.3227097927662571,0.8014974825102017,4.034065573454398,9,0.1900000000000001,0.5744961557708934,2.539388763823726,0.8654920441484985,19.68035698528308,-0.0142926058156755,0.0329670329670329,0.0347985347985348,0.3287853189332916,0.342871730673826,train,train,train,val,0,,,,,,,,,True,True,0.3971912434387304,0.7958268330733229,1.0,0.742842037811484,0.6404089381226638,0.826053042121685,0.437892464678179,0.6266887652537426,none
31867,s31867.csv,594,6.012,11.992,5.980000000000001,0.9983164983164984,0.0016835016835016,0.0,592,0.9966329966329966,131.04692483211554,446.35435099999984,1.994373588802453,0.67003367003367,0.0,0.005050505050505,395,0.664983164983165,65.61763606976986,92.98530799999963,4.663228285142227,9,0,0.6955075897838937,0.5538099082714296,4.712580566800421,4,0,0.5338896329634285,0.680128973705722,3.2799360625910885,15,0.0100000000000006,0.5321417601544557,2.460582746936816,0.9289543965851352,3.235448581911061,-0.0234112439433277,0.0218855218855218,0.0235690235690235,0.2498528724020446,0.0400739420157904,val,val,train,train,0,,,,,,,,,True,True,0.3275873846750431,0.8480499219968799,0.0,0.5377829837847177,0.5728079524705884,0.8633385335413417,0.6804683411826269,0.6263493275641513,none
31896,s31896.csv,502,3.352,8.492,5.140000000000001,0.9900398406374502,0.0,0.0,497,0.9900398406374502,138.14273892566737,474.25986000000006,2.0874152091148197,0.9920318725099602,0.0,0.1235059760956175,436,0.8685258964143426,25.72194361272338,79.49631749999999,1.9780906275896533,9,0,0.7075841009920616,0.5309444704375764,5.676022868317069,4,0,0.7726958956804877,0.4775058436362063,6.856626295927062,11,0.3250000000000002,0.3882586328110463,2.406944604318822,0.7336393285897767,29.454558631538543,0.0457904392496868,0.099601593625498,0.1035856573705179,0.387323357569695,-0.0608125654975206,train,test,train,train,1,0.1354594282192709,0.2333509667375589,-0.6312394991896944,-0.0131117519515071,-0.4577985237526742,-0.2875109939826961,-0.7699842217968187,-0.0947533787981844,True,True,0.3115917385366017,0.7971138845553821,1.0,0.7836199985349752,0.6231329676426869,0.8429017160686427,0.5173011512297226,0.6257763804531423,none
31104,s31104.csv,843,0.502,8.972,8.469999999999999,0.9620403321470936,0.0011862396204033,0.0,810,0.9608540925266904,270.05239336184786,852.5071965,0.4295459658161486,0.9383155397390271,0.0,0.2384341637010676,590,0.6998813760379596,11.979546903348648,37.850992,0.7718495808692353,9,0,0.9331185659664786,0.2433645910837796,4.566734226793958,4,0,0.8913815171799541,0.3075261428915029,2.379129343855653,10,0.75,0.3907545679721432,3.639776824483629,0.7777506986605364,36.074048000283454,-0.0029624724881946,0.1186239620403321,0.1304863582443653,0.588589190917766,0.1253556408622826,train,train,test,test,2,0.0407331552265542,0.2758032277197225,0.0319852032048874,0.2770525196460709,-0.081579741831521,0.1995705589984007,-0.3469833106864378,-0.0001145414870795,True,True,0.5280999827570175,0.9829173166926678,0.0,0.4227865288043451,0.6556920134486933,0.9862714508580344,0.062058477237048666,0.6256653260765281,none
30810,s30810.csv,438,4.002,8.392,4.39,0.9452054794520548,0.0342465753424657,0.0,399,0.910958904109589,300.0187791769092,636.0493649999999,2.376018377865577,0.997716894977169,0.0,0.0958904109589041,395,0.9018264840182648,8.285438675976865,12.697259999999993,3.106854351129206,9,0,0.8104222834781029,0.4106455870107734,3.784016410146759,4,0,0.5850841051424855,0.6484348882420149,3.913945784449637,3,1.5,0.3077047707421972,6.12460450484211,0.4689226297013854,146.3403117991092,-0.024432098890579,0.1324200913242009,0.1347031963470319,0.1749719618676642,0.0206283549530156,train,train,train,train,0,,,,,,,,,False,False,0.4173307341878381,0.7267550702028082,0.0,0.5049424811380103,0.5519127758781293,0.7868954758190327,0.7171964939822083,0.6232782568519973,none
32324,s32324.csv,240,3.512,5.912,2.4,0.8833333333333333,0.0041666666666666,0.0,211,0.8791666666666667,260.1849922201748,734.567375,1.4459579948659464,1.0,0.0,0.2041666666666666,191,0.7958333333333333,11.449629776077506,37.85558499999999,2.519949688663872,9,0,0.6308165523874646,0.5949027209812456,2.817778514020205,4,0,0.80830022949123,0.4343044442393331,4.388061185990007,4,0.33,0.4287289494787492,10.653281174814303,0.7510642983728635,13.384984505536538,-0.1421128939321727,0.4041666666666667,0.4041666666666667,0.9314472920974318,0.2351567843903357,val,train,train,train,0,,,,,,,,,False,True,0.8255299163455788,0.5016770670826833,0.0,0.4627674160209858,0.6033526690061874,0.5769110764430577,0.5003761119832548,0.6228949346815329,none
32179,s32179.csv,396,2.212,6.192,3.98,1.0,0.0,0.0,396,1.0,196.8672103965132,633.8466174999999,2.2624692393180985,0.6691919191919192,0.0,0.0025252525252525,264,0.6666666666666666,20.158329163318456,73.537698,4.584382606782355,9,0,0.5447177908376423,0.6639156268301316,3.474818767265495,4,0,0.5544760600594696,0.6387685220237392,3.3089641952631514,5,0.995,0.702684755853226,5.222572808746247,0.8762382407384269,4.9507176714645365,-0.0304848232550731,0.0429292929292929,0.0454545454545454,0.5654670980879907,0.0105994812640608,val,train,val,val,0,,,,,,,,,True,True,0.4990722280018334,0.6642355694227768,0.0,0.512816626097536,0.5610027169278744,0.7138845553822153,0.737686420722135,0.6228509475763867,none
31322,s31322.csv,790,1.002,8.942,7.94,0.9962025316455696,0.0,0.0,787,0.9962025316455696,53.12115222181421,183.065486,0.9477213372630364,0.8886075949367088,0.0,0.2215189873417721,527,0.6670886075949367,28.93865090106725,52.284223,2.553500127996873,9,0,0.8164480451517574,0.413018952564972,2.391740544697953,4,0,0.894624411515877,0.3174454391773086,6.679152045400529,7,1.4999999999999998,0.3788409384678537,0.9010960256543226,0.9357593257892274,4.337372936017351,-0.0235138077753692,0.0075949367088607,0.010126582278481,0.2793604532217227,0.2884385626938855,train,val,val,val,0,,,,,,,,,True,True,0.3370703869521042,0.9617784711388456,0.0,0.4637073774036304,0.5937093135529214,0.968798751950078,0.41493328100470955,0.6204367156269135,none
32192,s32192.csv,288,6.312,9.192,2.88,0.6319444444444444,0.0347222222222222,0.0,172,0.5972222222222222,516.5950728187589,1129.4112299999974,14.657652567262058,0.9444444444444444,0.0,0.0,272,0.9444444444444444,80.82596074325262,134.91456399999998,2.5481202283060997,9,0,0.0705114680716328,0.961943259042206,4.17995133347763,4,0,0.212736521944,0.8605850739635721,2.793692712388629,0,,0.6798830029249262,13.366932975800044,0.8197143874168438,7.116442303951364,0.0265721716978806,0.1180555555555555,0.1284722222222222,0.6585660831533346,0.0333808801309066,val,train,train,test,1,0.3201456737553942,0.4391311868345089,0.1620120444978862,0.2312468055535358,0.3056172991948693,0.4280953131669369,0.1066934957562594,0.1883470494561346,False,True,0.6753260866577945,0.5267550702028082,0.0,0.3551770243177383,0.5272815121965324,0.6023400936037442,0.8239141810570382,0.6203975442450524,none
31502,s31502.csv,497,4.002,8.992,4.990000000000001,0.9798792756539236,0.0,0.0,487,0.9798792756539236,210.0315556037342,703.7657939999999,0.7845708644480978,1.0,0.0,0.2072434607645875,394,0.7927565392354124,11.320024090977624,35.13471199999996,2.622801943181708,9,0,0.8760596735421049,0.3277728345040003,3.5294116391491506,4,0,0.6895731004278973,0.558079156396194,4.1685194344936205,4,0.5,1.2662829666326665,10.054595099203604,0.2315650882461941,128.60542946600566,-0.006891962028189,0.056338028169014,0.0724346076458752,0.3493260890975031,0.0730712806123104,val,train,train,val,0,,,,,,,,,True,False,0.4388652157674079,0.7808892355694228,0.0,0.6621971583237787,0.6255732054650243,0.8224648985959438,0.40044479330193616,0.6200418169124571,none
32489,s32489.csv,107,5.012,6.072,1.0600000000000005,0.9345794392523364,0.02803738317757,0.0,97,0.9065420560747663,198.1909449030073,457.4043819999999,2.9290308661237017,1.0,0.0,0.0,107,1.0,5.478805472713908,11.676200999999992,2.871313823234018,9,0,0.5388301800359895,0.682959924980957,11.646853332320887,4,0,0.7497572598546585,0.4991645310753729,9.749381485020043,6,0.1500000000000003,0.654194691299144,12.6855961141085,0.5222726387535602,11.878471964896193,-0.0574085735736279,0.2242990654205607,0.2242990654205607,0.9488651152580688,0.2207338618272465,train,test,train,train,1,0.1805636475731235,0.3816995586602799,-0.0164152096065626,0.2990651941878606,0.3025186069571521,0.4760678308446743,-0.1860268547184422,0.091999367086665,False,False,0.7749386019873641,0.3051092043681747,0.0,0.7626395289848446,0.6068085909198919,0.40218408736349454,0.7448979591836735,0.6194858387668848,none
31901,s31901.csv,592,0.502,6.632,6.13,1.0,0.0,0.0,592,1.0,286.8875855318821,940.0176955,1.6796532799378894,0.9881756756756755,0.0,0.4307432432432432,330,0.5574324324324325,38.3400092670236,120.969178,0.5535204011141254,9,0,0.8218196113553387,0.4043279511407965,6.851897887852347,4,0,0.682425780687204,0.5602718903684568,4.475582377311397,11,0.425,0.6103936111489019,2.6621580609447206,0.8726111860389145,10.197400028451176,-0.0236006962400977,0.1131756756756756,0.1199324324324324,0.4786365652997752,0.1136997721590628,test,train,val,train,1,0.2683036672722043,0.4315179723577439,-0.7517975432990703,0.0099139023361731,-0.0055039906284612,0.2037456743769733,-0.7348725900618045,0.0106048237206033,True,True,0.4821189696999031,0.8339703588143526,0.0,0.6878169888077806,0.6669763616223237,0.8390015600624026,0.2303113553113553,0.6179555665528024,none
31046,s31046.csv,447,6.002,10.482,4.48,1.0,0.0,0.0,447,1.0,37.67877126611853,132.44762599999996,1.735104166904765,0.9149888143176734,0.0,0.5570469798657718,160,0.3579418344519016,65.73416123046721,50.46994699999984,37.47074713611443,9,0,0.4692180053453472,0.7001595890818,4.096336663011864,4,0,0.6740605136445516,0.5663109127597558,3.987412403520262,4,1.5,0.7527868912511368,3.0842331298406997,0.7625912194785945,19.532802146831337,0.0242365364659987,0.1387024608501118,0.1431767337807606,0.5459848373390848,0.0689208002946593,val,val,test,train,1,-2.422013643479431,-1.6551595093958509,-0.4622860371680405,-0.0697785257124601,-1.4507501565814875,-0.8859771195597692,-0.5099713128458125,-0.1203403922782353,True,True,0.4782638517395979,0.6620904836193447,0.0,0.6447066369673872,0.5925360084658461,0.6795631825273012,0.7048338566195709,0.6177355025708435,none
31770,s31770.csv,378,3.502,7.292,3.79,0.992063492063492,0.0,0.0,375,0.992063492063492,151.08716715152894,252.420378,1.5481735703138904,0.8492063492063492,0.0,0.0079365079365079,318,0.8412698412698413,25.19199823022005,84.40751999999998,1.7973402252178148,9,0,0.4313830417037635,0.7083183293933695,3.7612222052399424,4,0,0.6712977624977674,0.5667396529213022,4.72395445594282,3,1.1550000000000002,0.7342755869310514,4.337616198198934,0.8414087843257013,7.504200554558551,-0.0225323677956698,0.1375661375661375,0.1455026455026455,0.7594854361874048,-0.1159758484237158,train,val,train,train,0,,,,,,,,,True,True,0.5522386969272527,0.6739469578783152,0.0,0.6455581745158213,0.6228324315366951,0.7394695787831513,0.3861525379382522,0.6162160474595474,none
31376,s31376.csv,189,3.502,5.392,1.8900000000000008,0.8677248677248677,0.0899470899470899,0.0,147,0.7777777777777778,688.5070286143681,1966.1863319999995,2.6252892971697976,1.0,0.0,0.0,189,1.0,3.287249238537171,7.916889999999995,2.237291526715512,9,0,0.7860538067492787,0.442830710892067,3.5556049919153137,4,0,0.8597886831687804,0.3634875077590846,3.493150857368322,17,0.0349999999999997,0.8082942622620473,14.318922056002489,0.4535162147384962,62.72920031669136,0.0578802059058525,0.1798941798941798,0.1851851851851851,0.6514312565199092,0.2151034219227328,train,val,test,train,1,-0.0275592152977881,0.2120341628344045,-0.8955045348358527,-0.4496120602614899,0.3098324651287475,0.4666133546333237,-0.8403486482222251,-0.3547799161261797,False,False,0.6828444068177368,0.4313182527301091,1.0,0.7141428742316308,0.6041997931112353,0.5177847113884555,0.6451301674515961,0.6158581628531873,none
32406,s32406.csv,447,3.512,7.992,4.48,0.883668903803132,0.0089485458612975,0.0,391,0.8747203579418344,396.52105661917534,933.221305,6.830865445205176,1.0,0.0,0.7807606263982103,98,0.2192393736017897,19.47199742277457,32.48819999999998,5.646595873326172,9,0,0.0469332406965789,0.9880275701575212,4.975067903134719,4,0,-0.0594674529022184,1.0311361839548367,3.275536678545563,10,0.4799999999999995,1.2897013438312557,5.092373183415095,0.7649497037632558,28.10875460682124,-0.0525293571248724,0.3042505592841163,0.3109619686800894,0.8337928740528874,-0.0240968104506904,train,train,train,val,0,,,,,,,,,False,True,0.6362173271226024,0.5862324492979719,0.0,0.4317242681629272,0.5573747021960791,0.5664586583463339,0.8892431972789117,0.6155937812915901,none
32374,s32374.csv,227,6.312,8.582,2.2700000000000005,0.7797356828193832,0.0088105726872246,0.0,175,0.7709251101321586,248.36204905234,764.030903,2.3870016052235017,0.8502202643171806,0.0,0.0,193,0.8502202643171806,32.04836464348061,77.39160399999996,2.947141371850431,9,0,0.7318871810509006,0.4651320354612659,4.92029009106925,4,0,0.72328542741849,0.5223641347908037,5.014796107419923,2,,0.6060836673954674,21.68145432673493,0.8727252983948056,3.273450291461528,0.0019105942705686,0.013215859030837,0.026431718061674,0.6611132805857401,0.0208821743365596,val,val,train,train,0,,,,,,,,,False,True,0.6247105523473214,0.4748829953198128,0.0,0.6691791105466497,0.5856114748474919,0.553978159126365,0.7071722919937206,0.615457139735798,none
31321,s31321.csv,762,1.002,8.662,7.660000000000001,0.9973753280839897,0.0,0.0,760,0.9973753280839897,48.41760852848889,167.73629799999998,1.0963252469757478,0.9868766404199476,0.0,0.0026246719160104,750,0.984251968503937,44.05047196857281,144.49659699999998,1.2831633806616831,9,0,0.7399625519929733,0.4879994191837095,2.8502391951266604,4,0,0.8882822996245958,0.3253465914895457,5.518820122411727,14,0.0199999999999995,0.3358335833583368,0.9109348383584698,0.8531621066167364,51.07360440039476,0.0226922416605315,0.0170603674540682,0.0183727034120734,0.500118920159599,0.6248027883019065,train,train,train,test,1,-4.799837440913298,-2.0070393002057925,-1.299456649726256,-0.3078205397393352,-6.228888578217966,-3.48570119943561,-0.8865287264615798,-0.1861079760847652,True,True,0.378789777761469,0.96996879875195,0.0,0.4720002633280467,0.6136655807781106,0.984399375975039,0.22931384092098378,0.6125937993558109,none
31596,s31596.csv,546,3.502,8.982,5.48,1.0,0.0,0.0,546,1.0,100.74732776705876,304.8851925,2.37717252523175,1.0,0.0,0.2802197802197802,393,0.7197802197802198,29.75245435252089,90.839966,1.180285209356965,9,0,0.4501367014746457,0.703461326451952,3.5778498390291205,4,0,0.1459618860023751,0.9252517004603814,3.9288325859619873,5,1.5,0.7410502079619727,4.622520475102679,0.4703927796115462,103.83745124375314,-0.0256193279780368,0.1007326007326007,0.1043956043956044,0.3907700313270434,0.1771237489138499,train,train,train,val,0,,,,,,,,,False,False,0.447736227460386,0.805811232449298,0.0,0.5098673276160838,0.5917018092532145,0.8410296411856475,0.4335590005232863,0.6122466739332804,none
31088,s31088.csv,675,3.512,10.292,6.779999999999999,1.0,0.0,0.0,675,1.0,51.592551701991816,185.083444,1.4555707869899448,0.8577777777777778,0.0,0.2414814814814815,416,0.6162962962962963,68.16649575104472,93.7521,1.8002330920401617,9,0,0.6418250048883848,0.5862275539398555,3.0352392670207906,4,0,0.7394703340776483,0.50988131749288,2.674349461981631,7,1.09,0.899229882275904,2.087236986265125,0.8743290430574019,13.208050748601156,-0.0258488170959679,0.0859259259259259,0.0933333333333333,0.3737927214698831,0.1418055295224224,train,val,val,train,0,,,,,,,,,True,True,0.4165675960708868,0.8974258970358814,0.0,0.4588753072007114,0.5975603147475823,0.9032761310452417,0.3739534275248561,0.6112050414481979,none
31075,s31075.csv,746,0.502,7.992,7.49,0.967828418230563,0.0,0.0,722,0.967828418230563,181.91520514645055,607.6404564999999,1.0931812146015512,0.853887399463807,0.0,0.2037533512064343,485,0.6501340482573726,20.25609948125945,77.24107799999999,1.0165923567137511,9,0,0.9299862275661396,0.237491540192345,5.674448432718734,4,0,0.8936778132055471,0.3282699932786554,3.444897068539128,11,0.5550000000000002,0.680149900618375,3.756305306763247,0.7494385085260804,47.8650174296328,-0.0008239770880273,0.0536193029490616,0.0603217158176943,0.2392241583233998,0.0790649032115384,test,train,train,test,2,-0.0014771999140407,0.2889748778829497,-0.6332262140545193,-0.2378163302137413,-0.3927431773930552,0.0084094745835933,-4.520641346560595,-3.2694435855597,True,True,0.3674574989067484,0.94106864274571,0.0,0.620590930214068,0.6441614286425807,0.9491419656786271,0.18689495028780745,0.6110169180187567,none
31601,s31601.csv,553,3.502,9.062,5.56,0.929475587703436,0.0578661844484629,0.0,482,0.8716094032549728,276.3836190737444,641.5227444999999,1.5895047677843563,0.2911392405063291,0.0,0.0036166365280289,159,0.2875226039783002,231.523079799267,708.775101,11.123935466777494,9,0,0.8005611711547141,0.4240110106459084,3.8643928747816143,4,0,0.9014870446771146,0.3145739377943042,7.4246082139019585,17,0.0999999999999996,0.4562665012939374,4.284510685552082,0.7153409352886284,85.87915061018433,0.0467763573649376,0.0614828209764918,0.0723327305605786,0.6349555741383673,-0.0615859428640427,train,val,train,train,0,,,,,,,,,False,False,0.4160178954217184,0.7026911076443058,1.0,0.7443870368026858,0.6148642621139142,0.6859594383775351,0.6653748037676609,0.6106534200630815,none
32404,s32404.csv,447,3.512,7.992,4.48,0.9552572706935124,0.0022371364653243,0.0,426,0.953020134228188,144.6825217990362,351.2623575,3.125510692041942,1.0,0.0,0.8232662192393736,79,0.1767337807606264,18.82440258375395,63.31123199999999,1.584136215614728,9,0,0.6248128820626034,0.6094264115611641,8.21749529733424,4,0,-0.1393206012900122,1.0676623772706633,3.249532584207334,7,0.5950000000000002,1.149776495218696,7.229475022571017,0.5512652802040039,87.53065134706205,-0.0115722572751223,0.203579418344519,0.2080536912751678,0.8707369091334016,0.2410028779693769,train,train,val,train,0,,,,,,,,,False,False,0.7010616275628091,0.5957098283931357,0.0,0.5798985035948684,0.6278395606630411,0.5731669266770671,0.5581174777603349,0.6102876561429501,none
31426,s31426.csv,363,4.002,7.652,3.65,0.9669421487603306,0.0,0.0,351,0.9669421487603306,173.95076582016688,496.3776849999998,1.5498222862086175,1.0,0.0,0.0082644628099173,360,0.9917355371900828,7.082954984480308,22.975489000000003,0.845398994233567,9,0,0.9262889111341928,0.2622039189849579,10.08877732334236,4,0,0.4525426263798601,0.7451493804726843,3.564317737761949,6,0.9899999999999992,0.2183897727124638,5.8280571905394485,0.5828481776653124,45.83213503108392,-0.023175278173895,0.1074380165289256,0.1074380165289256,0.7727210724610897,0.2816514142747246,val,train,test,val,1,0.4234681943694443,0.5088202830324451,-0.3188023164168155,0.1009407919102559,0.1167935415818982,0.2121868696621369,-0.3497422835242343,-0.0052158039734981,True,False,0.6188293975174006,0.6790951638065523,0.0,0.5698323165785749,0.625223291436956,0.7491419656786271,0.25510204081632654,0.6090457591359063,none
31863,s31863.csv,745,3.712,11.192,7.48,0.9100671140939596,0.010738255033557,0.0,670,0.8993288590604027,150.9630430461772,378.4519579999999,2.2258272204564444,1.0,0.0,0.6281879194630873,277,0.3718120805369127,22.412351751711856,85.16341599999998,1.2651967251899945,9,0,0.3950737097182605,0.7621196480172857,3.3462333449389767,4,0,0.6799464214482251,0.5534704155361077,3.1780325408427297,10,0.8900000000000006,1.0356050626670674,13.775973786455683,0.8409204072290524,60.72394790663357,-0.0008181770330312,0.0067114093959731,0.0067114093959731,0.1857335803792092,-0.0627609410387681,train,train,val,val,0,,,,,,,,,True,True,0.437484815479136,0.8573322932917317,0.0,0.5402347369777754,0.6152564091631362,0.8333853354134164,0.422275641025641,0.6089761355096198,none
31872,s31872.csv,754,5.412,13.002,7.590000000000001,1.0,0.0,0.0,754,1.0,98.90316517125513,334.24123150000014,1.5765758626751154,0.8713527851458885,0.0,0.5013262599469496,279,0.3700265251989389,40.69964249654302,137.24174099999996,1.9384596251907424,9,0,0.7139345307104096,0.5095162832279079,4.230310344020074,4,0,0.8002661254733924,0.3953681939554501,3.586023021368855,17,0.0450000000000003,0.6579261102890986,2.529485664949997,0.9571645188390528,1.945742597175375,-0.0081251758321512,0.006631299734748,0.006631299734748,0.3223445886557582,-0.0879094930579742,train,train,train,test,1,-0.161706697964458,0.1957857343977654,0.1063799907676326,0.2603285287040994,-0.4477600992892101,0.061171975501044,-0.1120572441910034,0.0603598281788748,True,True,0.2931300774361578,0.8895865834633386,1.0,0.73576346605937,0.6346798711326347,0.8648985959438378,0.4290783621140764,0.6086247358343995,none
32139,s32139.csv,596,6.492,12.472,5.98,0.75,0.0067114093959731,0.0,443,0.7432885906040269,455.30026584607015,1387.5760029999994,6.002550428249499,1.0,0.0,0.3171140939597315,407,0.6828859060402684,25.18932732108206,72.26408699999998,0.5438405782593553,9,0,0.1324801378185028,0.9347375012592716,4.062960486439769,4,0,0.8808460577190876,0.2465732942841924,3.4662251671285484,3,2.055,0.7622620380739081,3.149824791043862,0.4630311080676406,112.92798413957736,-0.0281531246774653,0.1291946308724832,0.1291946308724832,0.8907816893267921,-0.0256677232256585,train,val,train,train,0,,,,,,,,,False,False,0.4681948499516988,0.7834243369734789,0.0,0.5116228909404494,0.5915535827059469,0.8021840873634944,0.4649398220826792,0.6078164968843767,none
31437,s31437.csv,228,1.002,3.292,2.29,0.7368421052631579,0.0043859649122807,0.0,167,0.7324561403508771,436.98756742203705,1195.1302989999992,2.167349025024618,0.9912280701754386,0.0,0.0043859649122807,225,0.986842105263158,20.75631460564908,57.88168,0.7357361936897983,9,0,0.9382756748378592,0.2456253732371667,1.997604431602509,4,0,0.9335046185008192,0.2575684555914375,4.551199177466657,17,0.0500000000000002,0.4648109298733526,18.115536393676493,0.5639685270803854,23.204977887321164,0.0975701004920966,0.3464912280701754,0.3464912280701754,0.9196410674705292,0.1829868787253648,train,train,test,train,1,-0.2825354179758282,0.1475909560505695,-0.6132485714284374,-0.0561186766923067,-0.3012894464438829,0.1480749201022573,-0.4778848012733765,-0.0315678009692335,False,False,0.8035291250328119,0.4883775351014041,1.0,0.5851001467601806,0.6276973750750298,0.5728549141965679,0.33052066980638406,0.6075438256734556,none
32661,s32661.csv,447,3.012,7.492,4.48,0.9977628635346756,0.0022371364653243,0.0,445,0.9955257270693512,204.10525494615413,499.2576959999995,4.032211063868059,0.9552572706935124,0.0,0.1610738255033557,355,0.7941834451901566,25.089280660916263,28.862787000000004,3.104646919288183,9,0,0.0092591488270528,0.996472476468985,3.444530301580227,4,0,0.2982474321515657,0.8266742821920564,3.837840567454162,3,1.4999999999999998,0.7840909090909092,0.5737461420336292,0.9047348941963892,3.7068395509463135,-0.0519373727649264,0.0425055928411633,0.058165548098434,0.4748345848187902,0.1015759900147064,val,train,test,train,1,0.1565440155282267,0.3774947618938041,0.2330246574161637,0.395504239657632,0.0078528073444377,0.2746782518397839,0.168651282216186,0.3624109738662255,False,True,0.3473670562488177,0.7422776911076443,0.0,0.4311502309629041,0.5107207308636329,0.7897035881435257,0.8128761119832548,0.6066955035739794,none
31635,s31635.csv,447,3.512,7.992,4.48,0.9932885906040269,0.0,0.0,444,0.9932885906040269,216.4699384130204,746.4879469999998,0.8231795701313895,0.9910514541387024,0.0,0.0111856823266219,438,0.9798657718120806,22.383275056609243,72.97940649999998,1.9593487552888071,9,0,0.7178042551580937,0.533171394961899,3.664303781339078,4,0,0.4389438276113708,0.7578096959781583,3.376610905299628,6,0.4400000000000004,0.915064461435108,2.8630189720027994,0.8399148315932617,15.467532380708327,0.0527555029358848,0.058165548098434,0.0604026845637583,0.7446560384065921,0.0702076526294492,train,val,val,test,1,-0.1894835276332027,0.1081018668103119,-0.1435122100303112,0.1826283805702757,-0.2131070834995547,0.0994720581433341,-0.3297191768676981,0.0182745475733188,True,True,0.4787681281824724,0.7622854914196568,0.0,0.5890033456559105,0.6110697705575183,0.8205928237129485,0.307070905285191,0.6062787055810863,none
32312,s32312.csv,596,2.012,7.992,5.98,0.7466442953020134,0.011744966442953,0.0,438,0.7348993288590604,196.19078007938728,263.64967849999994,2.148162025397038,1.0,0.0,0.2550335570469799,444,0.7449664429530202,5.084178562995757,12.519952999999989,1.6444926127993065,9,0,0.6916100222378604,0.5410953645404548,4.134447106231288,4,0,0.578929000820387,0.6521017956785318,2.8230936132456828,9,0.0550000000000001,0.56065617587117,0.8929729066832068,0.8448786622346547,12.743886440516278,-0.0329638779912459,0.0704697986577181,0.0788590604026845,0.7756646587967664,-0.0190512913456204,train,train,train,train,0,,,,,,,,,False,True,0.392198673494847,0.7997659906396256,1.0,0.6166062745585488,0.60216951481463,0.8199687987519501,0.45213566195709054,0.60595841202658,none
32138,s32138.csv,338,1.002,4.412,3.41,0.742603550295858,0.0088757396449704,0.0,248,0.7337278106508875,657.2121502155921,2211.434760499999,0.7335395079029129,0.7011834319526628,0.0,0.5828402366863905,40,0.1183431952662721,17.90714249369588,54.75296899999999,4.29698275990307,9,0,0.892215320644946,0.330009929577362,3.378161070148062,4,0,0.8935430633369914,0.3194734244328722,7.51307686999908,22,0.04,0.526242373132183,19.31685589760906,0.7358895842775869,15.13195816113105,0.1781173456334416,0.272189349112426,0.272189349112426,0.8458934308706365,0.2478528124005624,test,train,train,test,2,0.1064371130147587,0.3212582475859918,-0.0368059912841581,0.1654495396078093,0.115228908619133,0.3493218448557559,0.0677949481189434,0.2718883558010582,False,True,0.8276965696609792,0.4674336973478938,1.0,0.7128657307501272,0.6671553126781437,0.44929797191887677,0.4673600209314495,0.6050620224180809,none
31623,s31623.csv,396,4.002,7.982,3.98,0.8459595959595959,0.0277777777777777,0.0,324,0.8181818181818182,324.0269162254432,847.6482359999992,3.3376798278309576,0.98989898989899,0.0,0.0025252525252525,391,0.9873737373737372,24.933538163541304,82.03318000000002,1.2867800071279942,9,0,0.3725138781339866,0.781687862998159,3.604703321760471,4,0,0.379811873734359,0.8030619104671601,7.01940964804131,0,,0.7224544785344247,8.608785279278063,0.8620876532642152,13.828128927176577,0.0539953787663626,0.0126262626262626,0.0202020202020202,0.263123439225363,-0.0149830873085763,val,train,test,train,1,0.3123659386046796,0.4585120686990265,-0.5856565201062651,-0.0138545424839713,0.332001032042771,0.4870377024866357,-0.5052539707415609,-0.0001967399548292,False,True,0.4401853722829303,0.6892745709828394,0.0,0.610440782359073,0.5784432148507412,0.7508580343213729,0.5302688383045526,0.603505268512972,none
32099,s32099.csv,306,3.012,6.082,3.07,0.9215686274509804,0.0032679738562091,0.0,281,0.9183006535947712,382.53708138478623,1209.49753,0.8410084463509854,0.9183006535947712,0.0,0.0620915032679738,262,0.8562091503267973,71.7502157496099,198.217619,1.1485253167883007,9,0,0.8629239413716209,0.3675352017427358,1.810154673533359,4,0,0.9363553587158452,0.2486485299991319,10.038303869895737,7,0.1049999999999995,0.596992273730684,26.406564672856128,0.8074421153107751,11.169630305891344,-0.1040759088991935,0.284313725490196,0.284313725490196,0.9255021833248076,-0.0854453021407166,train,val,train,train,0,,,,,,,,,True,True,0.7796565082190277,0.606591263650546,0.0,0.5257166896683061,0.6429017270548426,0.6634945397815912,0.16741889063317633,0.6032651054235671,none
32410,s32410.csv,447,3.512,7.992,4.48,0.6375838926174496,0.017897091722595,0.0,277,0.6196868008948546,459.31777171275473,1505.11207,5.774872711043896,0.7114093959731543,0.0,0.5570469798657718,69,0.1543624161073825,13.74832398618864,36.42331599999999,1.0576298722892636,9,0,0.3088631541489032,0.8073307325156923,5.951587507341506,4,0,0.8861259560110167,0.3351405779089575,14.733102239704255,6,0.7899999999999996,1.6023116857674624,6.124568538389691,0.7112369821598981,26.862989983381347,0.046596948878574,0.2259507829977628,0.2348993288590604,0.8410988142088356,0.1332363918575999,test,test,val,test,3,0.0626908256791133,0.320173528437324,-5.816227849366586,-1.4833467283989803,0.1158988228595307,0.3573234839526014,-15.542059443072016,-4.568132069393954,False,True,0.6920025621368703,0.5260530421216849,0.0,0.79781546406939,0.6656641007113112,0.4895475819032761,0.5296637885923601,0.602541689301634,none
32151,s32151.csv,288,6.312,9.192,2.88,0.8680555555555556,0.0173611111111111,0.0,245,0.8506944444444444,353.6484325881344,864.3259379999998,5.966167753921876,1.0,0.0,0.0069444444444444,286,0.9930555555555556,4.574795415256382,15.296367500000002,2.29071854577017,9,0,0.1604198697976487,0.9174205728766563,3.854065481541951,4,1,0.4571415409403122,0.7564593415522811,3.2786011685732355,0,,0.7113009951544821,6.564436423670755,0.5790518127103761,63.67266406966377,-0.0363076174059539,0.1215277777777777,0.1215277777777777,0.2053088600883607,0.4257260776090185,val,val,test,train,1,0.4036001036457915,0.4922939539181976,-0.4390966212717273,0.0777183416689006,0.4296472222008507,0.5253634125986943,-0.598163615358295,-0.0898879692647589,False,False,0.5166206137039401,0.577223088923557,0.0,0.4674679033772236,0.523085666932791,0.6630265210608424,0.7447507849293564,0.6020295957815059,none
31595,s31595.csv,435,3.502,7.862,4.36,0.986206896551724,0.0114942528735632,0.0,424,0.9747126436781608,199.1164639096012,558.560045,1.1468455011576304,0.9977011494252872,0.0,0.0482758620689655,413,0.9494252873563218,23.672538535666703,66.12695999999998,2.374233658116717,9,0,0.7784558093457061,0.4298727519356209,3.8675493412215887,4,0,0.5694801755626481,0.6559432819858447,6.858965642972905,14,0.04,0.411037869975442,1.952668000749028,0.91911796399303,2.3955739477333067,-0.0188951487016178,0.0114942528735632,0.0183908045977011,0.3975674691002205,0.1446563822092029,val,train,train,train,0,,,,,,,,,True,True,0.3674113193444973,0.734594383775351,1.0,0.7291837082859863,0.6044571085777428,0.797191887675507,0.422275641025641,0.6018190532702961,none
31925,s31925.csv,447,3.512,7.992,4.48,1.0,0.0022371364653243,0.0,446,0.9977628635346756,41.77755521358757,132.3879275,2.68937472603262,0.9865771812080536,0.0,0.0,441,0.9865771812080536,7.744473353000222,10.06366,2.199216630619561,9,0,0.2111541547958435,0.8680283134123401,3.675974639147412,4,0,-0.1216906796973529,1.054539165260564,3.049107015112684,4,1.489999999999999,0.7013082283897786,1.1303822582390874,0.9603706499051196,0.1709627328775906,-0.0246621653368654,0.0201342281879194,0.0246085011185682,0.5849903836566289,0.1079107097078116,train,val,val,train,0,,,,,,,,,False,True,0.4073201779080852,0.7686817472698908,0.0,0.3214787560264489,0.5080443006202263,0.8282371294851794,0.6493164573521717,0.5991101871732905,none
31868,s31868.csv,654,5.412,11.992,6.580000000000001,1.0,0.0,0.0,654,1.0,86.50602248161528,223.0442535,2.3407477088003086,0.0764525993883792,0.0,0.0,50,0.0764525993883792,11.648708073966288,33.989451999999986,1.866533772214979,9,0,0.5888702799149552,0.6403339330538306,3.5375691934548703,4,0,0.1020347378982784,0.9505878283008766,4.025414487980566,10,1.09,0.6428169745209128,11.303640684394562,0.9819419869116162,-0.870653152284625,-0.0251717747015612,0.0,0.0061162079510703,0.7359709892666948,0.0876089653587475,train,train,val,train,0,,,,,,,,,False,True,0.6461645357146293,0.713377535101404,0.0,0.4701278453604779,0.6168780783937551,0.6358814352574103,0.5342916012558869,0.5988648518098076,none
31073,s31073.csv,641,0.502,6.942,6.44,0.937597503900156,0.0015600624024961,0.0,600,0.93603744149766,235.707965902903,679.5697564999998,0.8465715484889165,0.6879875195007801,0.0,0.4555382215288611,149,0.2324492979719188,7.416081962904483,16.862955999999997,2.577753281593524,9,0,0.9419600883300256,0.2223166806482813,4.700519370905314,4,0,0.9014940735604816,0.3132821112667759,3.427368089304964,15,0.2000000000000001,0.5935198633336105,3.736787246185617,0.7457472987637773,43.38754069822141,0.0285740534645697,0.0702028081123244,0.078003120124805,0.5824889602511112,0.1008051301731032,train,val,val,train,0,,,,,,,,,True,True,0.4687453169839187,0.7637675507020281,1.0,0.6997405720625257,0.6413016753088391,0.7282371294851794,0.4105671114599686,0.5984645994176214,none
31593,s31593.csv,431,3.502,7.822,4.32,0.9953596287703016,0.0,0.0,429,0.9953596287703016,225.18285823860052,824.772164,0.975844485481657,0.9953596287703016,0.0,0.0023201856148491,428,0.9930394431554525,6.234683630026736,13.809555000000003,1.910779025197281,9,0,0.6690076204382738,0.4923117582561986,2.822836939039163,4,0,0.7186817699352737,0.4870277121258669,4.733338094444582,4,1.4699999999999998,0.4371902366312655,4.111382223616939,0.8594090233412465,7.68916982889722,-0.0660699222979701,0.0464037122969837,0.0464037122969837,0.6516793395811942,0.118874109420395,test,train,train,val,1,-0.2934202164783794,0.0930468842805546,-0.0743555887078252,0.1659801707728435,-0.3173509722653642,0.1027681251261481,-0.6495845013452244,-0.2115012477485673,True,True,0.5247005645566898,0.7411076443057723,0.0,0.476538691390808,0.5859944805191041,0.8068642745709828,0.3121238880167452,0.598455266106533,none
31336,s31336.csv,592,2.512,8.482,5.969999999999999,0.7871621621621622,0.0118243243243243,0.0,459,0.7753378378378378,302.885373496982,905.1415869999998,3.2405143795665263,1.0,0.0,0.3885135135135135,362,0.6114864864864865,15.586680480366068,48.45010849999999,1.8542926898044916,9,0,0.4635329606748732,0.7125872638980955,2.541277055216484,4,0,0.3886136560996079,0.7516458359993183,3.306946380133653,6,1.2700000000000005,0.2673750622613318,8.9428426607294,0.4710924005347933,274.08992189132124,-0.0048575256661496,0.0979729729729729,0.1114864864864864,0.1050091161744886,0.0610428183016528,train,train,train,train,0,,,,,,,,,False,False,0.4416911353647242,0.7860374414976599,0.0,0.3422957858267438,0.5323937376498575,0.805616224648986,0.6125228937728937,0.5979766324089573,none
32018,s32018.csv,288,6.312,9.192,2.88,0.7465277777777778,0.0034722222222222,0.0,214,0.7430555555555556,395.5723712030592,709.9904364999986,10.384976779799931,0.8680555555555556,0.0,0.7638888888888888,30,0.1041666666666666,115.74458546731329,312.64722399999994,7.503837774056137,9,0,0.3876201028191707,0.8123697352420389,4.176727188949872,4,0,0.5647766140814129,0.660312186707907,4.248464019401484,4,0.0100000000000015,0.5989049973846723,10.557635199841824,0.7935774949921494,11.54862974489436,-0.0454218330221042,0.1006944444444444,0.1111111111111111,0.6499214732917865,0.1859222149286821,train,test,val,test,2,0.4615532053336822,0.488883136923578,0.178032050204571,0.2314439764035838,0.3778823476644299,0.4090896671556161,0.2057858874335987,0.2542122215002563,False,True,0.6742011769336463,0.4117394695787831,0.0,0.5882183302040245,0.5565447253405577,0.4199687987519501,0.9242870225013082,0.5971236754866739,none
31987,s31987.csv,550,0.502,6.192,5.69,0.9872727272727272,0.0,0.0,543,0.9872727272727272,311.3311331160707,1036.451389,2.239856936096499,0.8,0.0,0.3181818181818182,265,0.4818181818181818,10.329666680654512,35.80199599999998,1.0151400261517036,9,0,0.8967141695207883,0.3009621243158432,5.073905475578356,4,0,0.9561768428984396,0.1788351269990745,10.739677705063889,9,0.5950000000000001,0.360686911581133,3.728576785301107,0.7549112372212708,63.83304137089645,-0.0055366607811278,0.0509090909090909,0.0581818181818181,0.8645470586978048,-0.0480001853080192,train,train,val,val,0,,,,,,,,,True,True,0.4631682805073596,0.7642745709828394,0.0,0.6070895626116747,0.611731866805072,0.7723868954758191,0.38674123495552065,0.5969798619776149,none
30812,s30812.csv,448,0.502,4.992,4.49,0.7611607142857143,0.0,0.0,341,0.7611607142857143,278.58412955044787,875.24148,2.08134840604488,0.4263392857142857,0.0,0.0044642857142857,189,0.421875,19.28425862997621,59.125616,1.1480652193362428,9,0,0.9004420669007513,0.3135453569814268,5.926175928185935,4,0,0.872676925118373,0.3559893829667691,8.293031747456006,9,0.2349999999999998,0.5598433941732761,3.711708476721442,0.7873822298540225,19.196839007747258,0.0241458126950073,0.0892857142857142,0.0915178571428571,0.5560730027272325,0.2884687967617116,test,train,train,val,1,0.4191085195110486,0.4101893496845165,-0.6295228491363751,0.1117784152338348,0.3720703563239049,0.3692424561771982,-2.325922118446593,-0.7680118381583589,False,True,0.5259837444683642,0.6446567862714508,1.0,0.8427561164273837,0.6625510206871503,0.6441497659906397,0.3672651753008896,0.596958223496006,none
31594,s31594.csv,470,3.502,8.222,4.72,0.9085106382978724,0.0127659574468085,0.0,421,0.8957446808510638,246.32544322690276,685.62393,0.6015796796308059,1.0,0.0,0.002127659574468,469,0.997872340425532,18.58926954680355,74.96118,1.1760935246602546,9,0,0.8739666613769278,0.3217347060370408,6.381337552332872,4,0,0.8652624959627002,0.3624782485535553,7.18735226525594,15,0.1899999999999997,0.4183523022582384,4.966892350839972,0.4405971210329925,162.72430325155648,-0.0290341894214916,0.1063829787234042,0.1063829787234042,0.2555841660651087,0.1139740890364189,train,train,train,train,0,,,,,,,,,True,False,0.4198451809960957,0.7741419656786271,1.0,0.8039947437496106,0.6590939244610361,0.8258970358814353,0.13212977498691783,0.596731046461882,none
32164,s32164.csv,698,3.002,10.032,7.03,0.9799426934097422,0.0014326647564469,0.0,683,0.9785100286532952,116.54208770810472,176.84437599999998,2.5648832174525262,0.7893982808022922,0.0,0.0816618911174785,494,0.7077363896848138,66.5371243511607,217.4118079999999,0.8320433362986674,9,0,0.3591194624042541,0.7962391167026015,7.844674038151684,4,0,0.2852061061731928,0.85473454335029,3.5186837881884383,0,,0.3092423428264367,0.5043391128422744,0.9538485552062532,0.7460903201797531,-0.0222715687816574,0.0071633237822349,0.0114613180515759,0.290931900142877,0.0636641823806314,train,val,train,train,0,,,,,,,,,True,True,0.278645874817474,0.930421216848674,0.0,0.4898869489510102,0.5701395667684549,0.943213728549142,0.4091280743066457,0.5957315073535474,none
31510,s31510.csv,308,4.512,7.602,3.0900000000000007,0.8246753246753247,0.0097402597402597,0.0,251,0.814935064935065,452.9806741396312,1262.077215,0.9971168814178328,0.8214285714285714,0.0,0.0097402597402597,250,0.8116883116883117,22.607902825218517,62.37151699999998,4.4448204513538645,9,0,0.914917309971218,0.2924870102006536,2.389486491134309,4,0,0.8911406811521184,0.3294993838327885,11.279989748505113,7,0.1049999999999999,0.3482139196593141,13.19009179275289,0.2055261884564348,143.05369621548732,-0.0092596251953284,0.1266233766233766,0.1331168831168831,0.5965172436118416,0.1916412985818419,val,train,train,train,0,,,,,,,,,False,False,0.6237524448128284,0.5936817472698908,0.0,0.4775566525920908,0.5693689630065789,0.6477379095163807,0.5175137362637362,0.5954814555787749,none
31584,s31584.csv,596,4.012,9.992,5.980000000000001,0.9781879194630873,0.0,0.0,583,0.9781879194630873,54.66040882644127,180.757499,1.9398921199562968,1.0,0.0,0.5201342281879194,286,0.4798657718120805,29.37604044496697,92.148775,2.514519784792024,9,0,0.232203844609486,0.8524361382759619,3.415757678827993,4,0,0.6818339839789418,0.4652735260624893,3.3833326806003368,4,1.5,0.5628298153034338,0.955442227331148,0.9583050353128792,0.6918358265547335,-0.0028304135946762,0.0083892617449664,0.0083892617449664,0.8466407939060061,-0.0135330298023452,train,val,train,train,0,,,,,,,,,True,True,0.404650515417413,0.8115834633385335,0.0,0.4257482291315296,0.5534063613040401,0.8102964118564742,0.5720172684458399,0.595178544004419,none
31344,s31344.csv,239,6.102,8.492,2.390000000000001,0.799163179916318,0.0292887029288702,0.0,184,0.7698744769874477,465.0723877331116,1861.6672669999996,14.237409990363076,0.7656903765690377,0.0,0.2133891213389121,132,0.5523012552301255,21.654949831809265,67.6558415,2.785574642442265,9,0,0.81154544551415,0.3920483230525486,7.479518004741178,4,0,0.942753890419758,0.2385317583847911,6.1838526692477584,5,0.5899999999999994,0.5931243073897884,10.799288202180149,0.3886184752226879,147.31167724202407,-0.0001241304542057,0.0418410041841004,0.0460251046025104,0.9550973232747368,-0.0366267139481541,train,train,val,train,0,,,,,,,,,False,False,0.5420226795859425,0.443213728549142,0.0,0.7083508400136851,0.557337994851385,0.4967238689547582,0.8498986132914704,0.5950337694534593,none
32224,s32224.csv,288,6.312,9.192,2.88,0.4965277777777778,0.0208333333333333,0.0,137,0.4756944444444444,426.8116143908165,1100.2390859999996,2.7081509966891466,0.8715277777777778,0.0,0.0,251,0.8715277777777778,41.977415548461686,69.5299,8.9927794390093,9,0,0.3187363915745536,0.7959832508275515,3.0183823079193486,4,0,0.7416085042987417,0.5040157042956623,7.921775548010878,0,,0.6619699104586164,14.461462244092948,0.8758119620341651,3.8823790743839774,0.0763901855715023,0.0486111111111111,0.0486111111111111,0.3601103069420684,0.0105112068902789,test,train,train,train,1,-0.1240650594527009,0.1401575662805331,0.1718648252707005,0.3593338933834535,-0.4749912089023791,-0.1423602532577714,0.061512542589622,0.2851734958016786,False,True,0.5526818215585766,0.4847113884555382,0.0,0.5629626218182433,0.5319764100504132,0.5519500780031201,0.8251896912611199,0.5948074246307254,none
31500,s31500.csv,447,4.512,8.992,4.480000000000001,0.9932885906040269,0.0,0.0,444,0.9932885906040269,121.73240075428096,371.6083749999997,1.901801053448863,0.9932885906040269,0.0,0.017897091722595,436,0.9753914988814316,6.556224584664368,18.44685,0.8652391521045996,9,0,0.6739479129056178,0.5637439011778649,3.546711455354365,4,0,0.519796311864552,0.6967470716494761,3.526752161811712,3,1.5,1.033083483721775,1.2353184820742464,0.8200298692008333,13.80309605279081,-0.0639443098467119,0.1073825503355704,0.1140939597315436,0.6785354543251704,0.0294967799025377,val,train,train,train,0,,,,,,,,,True,True,0.4332880980720585,0.7687207488299532,0.0,0.6093942097915782,0.6035213593531775,0.8182527301092044,0.3036531920460492,0.5942446317409434,none
31072,s31072.csv,746,0.502,7.992,7.49,0.9128686327077749,0.002680965147453,0.0,679,0.9101876675603218,286.17922928947326,731.0681490000001,1.4615198344620846,0.4450402144772118,0.0,0.067024128686327,282,0.3780160857908847,25.984247387189438,24.947716,0.4647837549780685,9,0,0.9279377783062162,0.2435303468671174,4.759138901193013,4,0,0.8643052895311121,0.3396092083012616,2.365862079214938,13,0.3049999999999997,0.5739407697102569,3.538983971230758,0.8477960555966525,17.505474562707555,-0.0304898714789844,0.0536193029490616,0.0630026809651474,0.3946319709666724,0.1530952949976796,train,train,val,train,0,,,,,,,,,True,True,0.4460262088753213,0.8708658346333853,1.0,0.6200852595763717,0.6469377931009588,0.8469578783151326,0.1896585557299843,0.5940525862846029,none
32087,s32087.csv,645,3.012,9.492,6.48,0.8496124031007752,0.0,0.0,548,0.8496124031007752,176.77601450775396,596.0586185,1.7761949063190778,0.1674418604651162,0.0,0.0031007751937984,106,0.1643410852713178,201.2537751220241,130.19048750000002,2.3430151429712867,9,0,0.9242666928222396,0.265339825816296,5.210657280237653,4,0,0.9293506480493172,0.2479713170461029,5.39871933839768,5,1.5,0.8053703120075637,2.533724202078329,0.8446855531183189,15.416027637069336,0.0059041006302164,0.0635658914728682,0.0666666666666666,0.685205953859669,0.1181174243053555,train,train,train,val,0,,,,,,,,,False,True,0.4711944624002295,0.712597503900156,0.0,0.7397939130859268,0.6362653621309129,0.6561622464898595,0.5250196232339089,0.593545267763988,none
31639,s31639.csv,596,3.512,9.492,5.98,1.0,0.0,0.0,596,1.0,122.38361959462436,491.15126,1.330047513798756,0.9983221476510068,0.0,0.5536912751677853,265,0.4446308724832215,13.768142491496262,35.414373999999995,2.902788445461137,9,0,0.6677900484039261,0.5822178989917995,4.129121095303808,4,0,0.4797187159574423,0.7200194004444394,3.1244715880931837,7,0.7500000000000002,0.7607987499668959,2.3386692269477574,0.9435353836074142,2.4891361599674817,0.0280051868010195,0.0083892617449664,0.011744966442953,0.3012467279112712,0.1177932131998039,train,train,test,train,1,-0.3165870306703682,-0.0426354337308578,-0.0246544417571356,0.2416465950680483,-0.1441550650346972,0.1566361511352887,-0.2997724594024495,0.0240431179731053,True,True,0.3584467724450014,0.8057722308892357,0.0,0.5630034944973807,0.5763776995161971,0.8057722308892356,0.5253139717425431,0.5930905440251832,none
31688,s31688.csv,596,2.512,8.492,5.98,0.9966442953020134,0.0,0.0,594,0.9966442953020134,281.6287780813023,959.273021,1.337860564397873,0.9781879194630873,0.0,0.2533557046979866,432,0.7248322147651006,45.69838195158842,135.7637195,1.682091286469927,9,0,0.7879359844100834,0.4276629196848105,2.946634604956117,4,0,0.2685960108540435,0.8495876110955107,3.2456899904794216,15,0.2100000000000008,0.4844479516012362,8.409064995981991,0.4881678231087612,88.45056075190068,-0.0452489448193064,0.0654362416107382,0.0822147651006711,0.2899939739481768,-0.020520246881761,val,train,train,train,0,,,,,,,,,True,False,0.3870334122567917,0.8532761310452418,1.0,0.4879148711790479,0.5804828015094261,0.8787831513260531,0.33766679748822603,0.5914605345075499,none
32035,s32035.csv,396,2.212,6.192,3.98,0.9974747474747476,0.0,0.0,395,0.9974747474747476,207.12632414490497,634.8986119999997,2.073136570689104,0.9116161616161615,0.0,0.005050505050505,359,0.9065656565656566,64.97673597638284,99.815293,1.477041282061197,9,0,0.5872632263843466,0.6298251573234611,3.6621122607177146,4,0,0.1957256147188499,0.8966494978764383,3.841891144659119,5,0.9999999999999998,0.6940367824633104,6.935937695996367,0.6976472534072432,29.23807738690073,-0.0362316448260371,0.0959595959595959,0.106060606060606,0.5252575384468745,-0.0204031988771265,train,test,train,train,1,0.2925810324512864,0.4461018760458937,-1.305827046825103,-0.1098742200518008,0.0978747601788824,0.3077420820628308,-0.8034993342268215,0.1415228704850125,False,True,0.4904626897077971,0.69399375975039,0.0,0.5112248079245704,0.5679271996877365,0.7603744149765991,0.4179585295656724,0.5906660735265152,none
31512,s31512.csv,546,3.512,8.992,5.48,1.0,0.0,0.0,546,1.0,120.9325658920858,398.4722625,1.4850786438015626,0.9761904761904762,0.0,0.0054945054945054,530,0.9706959706959708,14.117111040844913,29.757196,2.1623376562280345,9,0,0.797676565712199,0.4256855647951451,2.570878049077703,4,0,0.5657991331617214,0.5996482099104679,3.0925412765686358,7,1.165,0.2449176788531666,3.458856159273827,0.8420686772555054,32.69160102404163,0.0247728887495699,0.0256410256410256,0.0256410256410256,0.347215070449049,0.1122093358519111,train,train,test,test,2,-0.1315874507985821,0.1027075693884745,0.090240608821237,0.3240560264447393,-0.4177425365177684,-0.1322831505693514,-0.2534723155041303,0.0728891845349892,True,True,0.3927613945976297,0.8408736349453979,0.0,0.3145705632766672,0.5261434293230598,0.8892355694227769,0.4635989010989011,0.590248065804735,none
32657,s32657.csv,447,3.012,7.492,4.48,1.0,0.0022371364653243,0.0,446,0.9977628635346756,219.4446221120997,326.738735,6.950030569399378,0.9865771812080536,0.0,0.2214765100671141,342,0.7651006711409396,8.911800969056051,27.572149999999997,2.879642819647952,9,0,0.0572715968856611,0.9756788361495408,4.318741612525985,4,0,0.3385665988606297,0.824944975429537,3.28957608665379,4,0.7899999999999996,0.5938836884239067,1.1678355099360778,0.8743858195619302,5.919579800063424,8.21581516994626e-05,0.0447427293064877,0.0492170022371364,0.3705059719950976,0.0096611959102557,train,train,train,test,1,0.3401040915696038,0.5232837857618509,-0.5526389575028854,0.1321758371539004,0.2564054178044974,0.4558342597334393,-0.4125302167331008,0.0943419548163669,False,True,0.3049999146248432,0.7415366614664587,0.0,0.3985302458206952,0.4858468753781642,0.7875195007800312,0.8248462846677133,0.5900142542727267,none
31397,s31397.csv,209,1.002,3.172,2.17,0.9282296650717704,0.0478468899521531,0.0,184,0.8803827751196173,612.1754404192424,2054.9889695,1.2385873934212757,0.9904306220095692,0.0,0.5311004784688995,96,0.4593301435406698,36.38083837859404,105.52802999999996,3.3695404156508317,9,0,0.9330730986891594,0.2602440043159518,2.6825884967379747,4,0,0.9458950320670684,0.2317802189537982,4.152822066148568,12,0.06,0.5762524116165549,22.767296473643476,0.521534550202298,26.55708190995458,-0.2080817709389039,0.2822966507177033,0.2966507177033493,0.9751898620470808,0.0473910488064659,train,train,train,train,0,,,,,,,,,False,False,0.7710595007332085,0.4109594383775351,1.0,0.6208405450344645,0.5999587921990996,0.4620904836193448,0.5312663526949242,0.5889700783271088,none
31425,s31425.csv,396,5.012,8.992,3.980000000000001,1.0,0.0,0.0,396,1.0,172.42096847642418,524.6690074999999,1.3942444619349244,1.0,0.0,0.0025252525252525,395,0.9974747474747476,4.885257447566848,14.863829999999991,0.7709914157262151,9,0,0.919570461403462,0.2853384580903572,7.394861141280775,4,0,0.0976471780629545,0.94622427369619,3.28120517368801,4,1.0,0.7897717610913035,3.840117611342528,0.834873692286847,8.90445492212972,0.0116734493601925,0.106060606060606,0.106060606060606,0.4694317336077476,0.2286676641007887,train,train,test,train,1,0.5160911175293821,0.5879284455632414,-1.294614413458424,0.0061527942079089,0.2096157788893743,0.2918414555927054,-1.0493683192871577,-0.1411699237696755,False,True,0.5340139425562016,0.7173556942277691,0.0,0.5623779850116178,0.6066927683778751,0.7812792511700468,0.21222527472527472,0.5889063721954131,none
31422,s31422.csv,515,3.802,8.992,5.190000000000001,0.8699029126213592,0.0097087378640776,0.0,443,0.8601941747572815,252.6077559236084,848.1408250000001,1.423436865937186,0.3728155339805825,0.0,0.0,192,0.3728155339805825,721.5053496888082,188.2898515,2.271665596103792,9,0,0.9043235824992338,0.3066311615672457,7.239197993905109,4,0,0.3245212302598133,0.8300835534563993,4.210054581867615,7,0.7499999999999998,0.6951936376210239,12.715575248740697,0.258316141799851,224.5830578583048,-0.0125330515486428,0.1203883495145631,0.1262135922330097,0.3016939742732702,0.0008687789306546,train,train,val,train,0,,,,,,,,,True,False,0.4807631485926908,0.6905616224648986,0.0,0.6701473865133927,0.6110078858241741,0.6865834633385336,0.461603872318158,0.5886250187379533,none
31261,s31261.csv,675,3.512,10.292,6.779999999999999,1.0,0.0,0.0,675,1.0,66.2449495264888,220.69349300000005,1.286147386722723,0.9955555555555556,0.0,0.4577777777777778,363,0.5377777777777778,60.04337908328179,148.00644799999992,2.2460711847984705,9,0,0.6744346216263246,0.5361214625515126,3.3992276366834986,4,0,0.7164718863155914,0.52863361105972,2.524351105256152,6,1.489999999999999,0.8227355767890782,2.746946302937588,0.7761313434110733,40.50040986030605,-0.0060784836739546,0.0918518518518518,0.0918518518518518,0.2860906496964048,-0.0183711143593142,train,train,train,test,1,-1.1635009522462822,-0.2830017255555321,0.0171650552262265,0.2638443019229941,-0.5478668555086528,-0.1008868002239895,-0.2524047128087821,0.0626586517326912,True,True,0.3272661240674662,0.8855694227769111,0.0,0.4717914464236735,0.566029875322634,0.8854914196567862,0.43246336996337,0.5880146275410109,none
32016,s32016.csv,187,4.002,5.862,1.8600000000000003,0.9144385026737968,0.0160427807486631,0.0,168,0.8983957219251337,513.4554857565732,1409.3111830000005,1.3194331383152982,0.9946524064171124,0.0,0.0053475935828877,185,0.9893048128342246,4.2246559691210015,8.698761999999995,2.5449393719083115,9,0,0.9387489107281468,0.2384292533510539,3.117015866138445,4,0,0.915789967885934,0.2880869703425934,2.4066142504338432,15,0.0200000000000004,0.9583604079173432,9.368016431406597,0.7861070792858835,7.387901027670296,0.0003527681221719,0.4117647058823529,0.4117647058823529,0.9260083783334964,0.0527600592906806,train,train,test,train,1,-1.2047678616951747,-0.3619991131296214,-0.3043700737400904,0.1354785394604234,-0.6119251296542638,0.0463910504443988,-0.5065687036697082,-0.0693334561143519,False,True,0.7692357238869204,0.4500780031201248,0.0,0.457560711603351,0.5640280179334711,0.5405616224648986,0.4820937990580848,0.5879435427512509,none
31077,s31077.csv,787,0.502,8.412,7.910000000000001,0.9415501905972046,0.0025412960609911,0.0,739,0.9390088945362136,160.26226607378803,537.76404,1.2394730110332008,0.5387547649301143,0.0,0.3481575603557814,150,0.1905972045743329,50.88584338229755,14.116912499999998,1.9037037191465984,9,0,0.9555719666583616,0.1935149057760067,7.145559453672337,4,0,0.913748819890588,0.2990531475579364,6.913354818776757,12,0.0100000000000006,0.4055937500770877,3.434554321037272,0.7956863565857133,28.58577132123603,0.0467154465790354,0.0838627700127064,0.085133418043202,0.4144618340772439,0.0769825051123102,train,train,test,val,1,0.041184596335501,0.1088723547544392,0.1172577092680369,0.3213394652647001,0.085222110468093,0.2341976729921168,-0.2664080233954733,0.044307089017217,True,True,0.4300872574817519,0.8297971918876755,0.0,0.6387301932813733,0.6325786152637116,0.7739469578783151,0.35604722658294086,0.5878215733754988,none
32158,s32158.csv,288,6.312,9.192,2.88,0.5798611111111112,0.0416666666666666,0.0,155,0.5381944444444444,424.3511999647856,1145.653663999999,3.554299094343445,0.6388888888888888,0.0,0.0034722222222222,183,0.6354166666666666,11.474945070222754,29.247871,3.7682986566168646,9,0,0.2956781419504991,0.8171981536188977,3.2675968658690078,4,0,0.3285458458375247,0.7646338096302374,3.261735307310126,0,,0.4888939983421168,12.744001854519349,0.8666804897379327,3.980591711404639,0.0158099020976728,0.1006944444444444,0.1111111111111111,0.7579135306589513,-0.1552807922899972,train,train,train,val,0,,,,,,,,,False,True,0.6468069033987014,0.4772620904836194,0.0,0.3818040178584989,0.5079653532163619,0.5307332293291732,0.8231946624803768,0.587085164802111,none
31504,s31504.csv,301,4.512,7.532,3.0200000000000005,0.9867109634551496,0.0033222591362126,0.0,296,0.9833887043189368,353.7217627926929,966.06989,0.6068620266050969,0.9966777408637874,0.0,0.4451827242524916,166,0.5514950166112956,21.766567856063176,64.5149375,2.4333619702056377,9,0,0.8549157856075106,0.3713809642228246,3.3113131722580467,4,0,0.626078942387139,0.6110058848523313,6.055049742862854,5,0.7550000000000003,0.4140686179932132,5.717329498760111,0.6424117705850358,59.392371151779706,0.0354640142667785,0.1594684385382059,0.1661129568106312,0.8828439262945764,0.6583459063683181,train,train,val,val,0,,,,,,,,,True,True,0.7001361273581208,0.5763650546021841,0.0,0.5236188234601613,0.603861060724155,0.6151326053042121,0.3416405023547881,0.5858827792013634,none
31059,s31059.csv,198,4.002,5.982,1.9800000000000004,1.0,0.0,0.0,198,1.0,80.25513515916903,264.54965149999987,2.4256154421857907,1.0,0.0,0.0,198,1.0,17.09645797076119,11.674986499999989,8.486009647509574,9,0,0.3454394420852996,0.7683262866646056,4.5192366002200535,4,0,0.0744905784492929,0.9624610753825557,3.821862393052912,4,0.2300000000000004,0.5163841807909592,6.627312233369858,0.3824603006240205,59.45417126069168,-0.0077089166005792,0.1363636363636363,0.1464646464646464,0.6615243171076488,0.0662895281666538,train,train,train,train,0,,,,,,,,,False,False,0.5482144097690963,0.485569422776911,0.0,0.4707250375362806,0.5030418526519868,0.5811232449297972,0.7856325222396652,0.5853672548690396,none
31424,s31424.csv,396,5.012,8.992,3.980000000000001,1.0,0.0,0.0,396,1.0,202.99164484860907,580.43525,1.3372862856398962,0.9646464646464646,0.0,0.4974747474747474,185,0.4671717171717172,17.16350207080283,14.510887999999998,3.7593113206161215,9,0,0.8610249819770807,0.3622628892409182,7.219470855826384,4,0,0.4620624958787467,0.7412075256122619,3.4161927814922275,8,0.0900000000000007,0.7632874550110827,4.453941103796579,0.7076040929966452,33.71396407522065,0.0345762646332519,0.0984848484848484,0.0984848484848484,0.3629326543365328,-0.0907115089509353,train,train,train,train,0,,,,,,,,,True,True,0.3829564531225753,0.6371684867394696,1.0,0.8042621930139211,0.598322386855892,0.6609984399375975,0.5639063317634746,0.584511590628421,none
31907,s31907.csv,863,0.502,9.452,8.95,0.9490150637311704,0.0,0.0,819,0.9490150637311704,371.7177029051603,1172.953824,1.731298197118215,1.0,0.0,0.8818076477404403,102,0.1181923522595596,17.211927759377513,43.6943215,0.2165602660878129,9,0,0.2486229244530434,0.8822413705653566,4.35110871046602,4,0,0.7046753000547146,0.5461115890737858,5.1499760877731,21,0.2000000000000001,0.2596814078889792,4.394605476146912,0.4551825872791316,364.8014339165599,0.0229897368569792,0.2572421784472769,0.2688296639629201,0.8380478374333188,-0.0761712679012856,train,train,train,train,0,,,,,,,,,True,False,0.5320777048287425,0.8200468018720748,1.0,0.6552413616514516,0.6698159858407214,0.7365054602184088,0.21168563579277866,0.5842645451526208,none
32024,s32024.csv,596,3.502,9.482,5.98,0.9983221476510068,0.0016778523489932,0.0,594,0.9966442953020134,242.7279732269,570.6190120000001,3.4854088578764504,0.7432885906040269,0.0,0.4983221476510067,146,0.2449664429530201,5.086285644551759,11.537032499999995,1.694291955676272,9,0,0.6796950436668986,0.5507729623385391,4.252895704923436,4,0,-0.1263550484142992,1.0639547747786295,3.217934096121065,5,1.5,0.7283538887490579,3.573741513384669,0.7710445283709985,59.16162224243001,0.0368243841584823,0.0302013422818791,0.0302013422818791,0.7595208416006061,0.1207905645588223,test,train,train,train,1,-0.341403884929866,0.0065972468903717,-1.794807036274029,-0.219132011299433,-0.099801114426026,0.1511168708911855,-9.21137835592387,-4.92208893658051,False,True,0.4842755016271835,0.7308892355694228,0.0,0.4501734556900441,0.5603596947258254,0.7028081123244929,0.5942242281527996,0.5830655479943787,none
31634,s31634.csv,298,3.512,6.492,2.98,1.0,0.0,0.0,298,1.0,223.50489147064124,816.2317730000001,0.9571979697832524,0.9966442953020134,0.0,0.0,297,0.9966442953020134,6.330396942231417,13.301112000000003,2.6556604929225305,9,0,0.7665755249282132,0.4915548819172879,5.177770374080588,4,0,0.6895454459833316,0.5499774624081772,4.605449356324213,2,,0.9561921324646068,3.0820253488422846,0.9338099390995868,0.6861189158316097,-0.0731514005909539,0.0302013422818791,0.0302013422818791,0.5478046403308968,-0.0619579697568621,test,test,train,val,2,-0.1124237328609998,0.0536577496695525,-0.0972607876979361,0.203066100836407,-0.1261231831797881,0.0840201057290504,-0.3309601889380019,0.0667992601979221,True,True,0.390465896259574,0.6348283931357255,0.0,0.749781630702981,0.5837874904992492,0.7195007800312012,0.43056645735217164,0.5819922940986256,none
32023,s32023.csv,596,3.502,9.482,5.98,0.9748322147651006,0.023489932885906,0.0,567,0.9513422818791948,295.83414416170285,509.5321329999987,4.889865533532269,1.0,0.0,0.0922818791946308,541,0.9077181208053692,20.286456906758897,72.64426,0.5174385672720107,9,0,0.6928416341733266,0.5454678553625605,4.279250624369451,4,0,-0.03027944706395,1.0196206074866072,3.276798744220841,7,0.645,0.6394311054292682,2.6020255073905547,0.9406639982191772,1.7432639915492385,0.0770827592423343,0.0151006711409395,0.0151006711409395,0.328701006869664,-0.1888548196416126,test,val,train,test,2,0.3145588324138913,0.0375622727734417,-0.2192848609363405,0.0994718001299427,0.2152971058550777,0.1726668532011165,-0.3614827091676041,-0.0892826444669236,False,True,0.2875343604257334,0.8628705148205928,0.0,0.4327109768339919,0.5324549993864117,0.9039001560062403,0.4534275248560963,0.5807411457837294,none
31687,s31687.csv,596,2.512,8.492,5.98,0.9916107382550337,0.0016778523489932,0.0,590,0.9899328859060402,243.0099698636964,744.4352114999998,1.457338679307094,0.9932885906040269,0.0,0.5033557046979866,292,0.4899328859060403,16.39341899399676,40.10737949999999,1.6454626080308357,9,0,0.7863586328071408,0.4253001012848257,2.7397501654560057,4,0,0.2408804267545241,0.8732019982774384,3.022967541914134,13,0.3899999999999999,0.3453814473426164,8.724547324107252,0.3989522223495813,188.2534676102371,0.0192233384844232,0.1208053691275167,0.1275167785234899,0.4443102582797331,-0.0387892288175035,val,test,train,train,1,-0.1941780790717548,0.2290624059200902,-0.0655973226496102,-0.2111052879067068,0.1436277481530236,0.4358380090100663,0.1192869047353961,-0.0036828798367694,True,False,0.4626481271693369,0.8136115444617784,1.0,0.4039903297469501,0.5678879839949753,0.8207488299531982,0.3500457875457875,0.580199387725991,none
32165,s32165.csv,650,3.002,9.552,6.55,0.9876923076923076,0.0015384615384615,0.0,641,0.9861538461538462,63.82561158586044,160.36835,2.088344323273012,0.3938461538461538,0.0,0.0553846153846153,220,0.3384615384615385,111.6556612843736,124.25744,2.556939042609624,9,0,0.420398142645904,0.7600106463968707,6.8421349471282085,4,0,0.5501578150154196,0.6318834524679711,4.696742095311261,0,,0.3134900783725187,0.4179551078621893,0.9651498724990162,0.2267429445710562,-0.0096920950017442,0.0,0.0046153846153846,0.3329197884141849,0.0328104285086829,train,train,train,val,0,,,,,,,,,True,True,0.2612538690044649,0.8170436817472698,0.0,0.6166720048871379,0.5624057442292485,0.7939157566302653,0.6061126373626373,0.5793601596909118,none
32194,s32194.csv,288,6.312,9.192,2.88,0.5729166666666666,0.0555555555555555,0.0,149,0.5173611111111112,747.5720077581655,2335.394526,12.88451714430485,1.0,0.0,0.0069444444444444,286,0.9930555555555556,11.800853728967745,37.45217500000001,0.9136474702357869,9,0,0.0852616791560288,0.9606804458650288,3.599540811698456,4,0,0.4237646954396704,0.7638667899069715,3.0114016634832064,0,,0.8540239052671904,13.422167943876303,0.8084299262107469,8.261811358191794,-0.0240106543745598,0.09375,0.1006944444444444,0.7538004292869639,-0.0255820712310623,train,train,val,test,1,0.4086843142948541,0.587080401738743,-1.8058597118277648,-0.434428803345805,0.4356307156010631,0.6116125081163493,-0.9578039635305768,-0.164198387687678,False,True,0.6458678125123896,0.5198907956318253,0.0,0.4173864838215734,0.5332314579969472,0.5975039001560062,0.5576268969126112,0.5790139109262471,none
31633,s31633.csv,596,3.512,9.492,5.98,1.0,0.0,0.0,596,1.0,160.57615039504796,632.4316999999999,1.9023925225889025,0.0251677852348993,0.0,0.0,15,0.0251677852348993,12.662453883916005,35.481210999999995,2.9497252603924142,9,0,0.5648685442379673,0.6708569729627331,5.438484584947803,4,0,0.2426965865462728,0.8535716216119451,3.5719345857450917,16,0.1000000000000005,1.0261874120851169,2.32678422923845,0.7560578876737689,36.703970162051,0.0046246765763335,0.1040268456375839,0.1124161073825503,0.5627383945092888,0.1677050700400444,val,train,train,train,0,,,,,,,,,False,True,0.4503806080047984,0.6541341653666146,1.0,0.7974029727798879,0.6258010625139608,0.5783151326053042,0.6195054945054945,0.5789765055363686,none
31564,s31564.csv,546,3.502,8.982,5.48,1.0,0.0,0.0,546,1.0,132.17196924873818,457.3721325,1.9563700305966671,0.9816849816849816,0.0,0.5476190476190477,237,0.4340659340659341,31.93658402414464,96.994638,0.8884447344028329,9,0,0.5059305648983937,0.6730600816930522,4.799000557911703,4,0,0.2170730782206512,0.8842749560849974,4.665722589181061,6,1.4899999999999998,0.9440630674520568,3.446160936911002,0.6424264293506612,78.22197107742208,0.0183093778258295,0.0549450549450549,0.0604395604395604,0.6322143310152891,0.0660102162419358,train,train,train,test,1,0.2787509637291754,0.4258347416537517,-0.1729231310895229,0.0236042158641853,0.1458695881359455,0.28989964870534,-0.366425697435276,-0.144961996636004,True,True,0.4131006693632832,0.7552652106084242,0.0,0.676795573554294,0.6119667300563858,0.765210608424337,0.3154925431711146,0.578857661687531,none
32155,s32155.csv,288,6.312,9.192,2.88,0.8923611111111112,0.0069444444444444,0.0,255,0.8854166666666666,267.1309440187528,555.643562,4.278103289734847,0.9618055555555556,0.0,0.0069444444444444,275,0.9548611111111112,44.79079711341384,18.86611100000001,1.449798411667757,9,0,0.2599770246244082,0.8610668013487264,3.4618895455630816,4,0,0.0023488630810384,1.0050793322546836,3.327060312809835,0,,0.6884905261675004,25.062276632390063,0.9500809595365092,-0.4247797905638477,-0.0314627541626138,0.0,0.0,0.4264981335767522,0.0741642526206732,val,train,test,train,1,0.4022567270819596,0.3821512774372327,0.1581542496276637,0.0843964957042603,0.3930386744372058,0.380888017737388,0.0826766003085353,0.0026671769211943,False,True,0.5900588255611913,0.5790171606864275,0.0,0.3364600134670462,0.5101145992267804,0.662402496099844,0.5724587912087912,0.5783164668096705,none
31546,s31546.csv,288,1.002,3.902,2.9000000000000004,0.6666666666666666,0.0208333333333333,0.0,186,0.6458333333333334,431.568342766782,1199.8724874999998,0.8078782456814366,1.0,0.0,0.0069444444444444,286,0.9930555555555556,6.805790956663337,17.8278825,0.3511750275008202,9,0,0.941220591142711,0.2313791238106326,2.764712031325505,4,0,0.905434659772568,0.3014819052245581,3.026156750069005,21,0.07,0.4817019549167602,17.689766844568062,0.7908794756804779,10.677336181828494,0.0661567557002332,0.1979166666666666,0.2013888888888889,0.7910419080223903,0.3901333753067669,val,train,train,train,0,,,,,,,,,False,True,0.8184142359006599,0.5526521060842434,1.0,0.4856307852760991,0.6255624552775458,0.625585023400936,0.0638899790685505,0.5781863947822699,none
32378,s32378.csv,288,6.312,9.192,2.88,0.7708333333333334,0.0,0.0,222,0.7708333333333334,355.50192474271086,975.2796909999996,2.7404760054430266,1.0,0.0,0.0729166666666666,267,0.9270833333333334,20.20349021122999,72.59286499999999,1.549193541303665,9,0,0.4131733500129717,0.7300468764693648,3.825013364309276,4,0,0.5549661134102172,0.6653898379972247,2.885204170406264,2,,0.6518027949111695,16.365180334605064,0.8685712145959928,5.178786023390574,-0.0217721944393555,0.0520833333333333,0.0520833333333333,0.5563642180590235,-0.0875938273945998,train,train,train,train,0,,,,,,,,,False,True,0.5712513698407852,0.5557332293291732,0.0,0.4883254506079819,0.5409422448918799,0.634789391575663,0.5265731292517006,0.5775259545614532,none
31212,s31212.csv,592,2.512,8.482,5.969999999999999,0.929054054054054,0.0,0.0,550,0.929054054054054,240.94371699336003,669.6567515,2.57487223663417,0.7094594594594594,0.0,0.6047297297297297,62,0.1047297297297297,21.29183785604725,47.244959,1.9858644881895853,9,0,0.2799368222652078,0.8246672847417251,3.4464316063542704,4,0,0.7164450306551725,0.5202628273791265,2.6956859932672104,13,0.1549999999999998,0.2988345452734349,8.579042746565774,0.8409788690294694,22.07822741104893,0.031493044111511,0.0658783783783783,0.0743243243243243,0.500925888852434,0.1959534753601571,train,val,train,train,0,,,,,,,,,True,True,0.5923592080537688,0.6578783151326053,1.0,0.4527152521628302,0.57339770876408,0.6034321372854915,0.6020571690214547,0.57729648050797,none
31804,s31804.csv,324,1.002,4.292,3.29,0.8487654320987654,0.0030864197530864,0.0,274,0.845679012345679,554.2962840744543,1888.484140499999,0.8738907794019246,0.9660493827160492,0.0,0.3981481481481481,184,0.5679012345679012,28.347952770558116,96.1364535,1.399615247425445,9,0,0.93834725363187,0.2412812855565107,2.666735146104525,4,0,0.8800245818797251,0.3488159130734861,4.2738274554823965,13,0.2549999999999999,0.5152993340627575,12.20237441238734,0.5245210465315637,114.79984117449844,-0.0420709800370492,0.2654320987654321,0.2685185185185185,0.9243989013561872,0.0046251237634691,train,train,train,train,0,,,,,,,,,False,False,0.7048713013832268,0.5717238689547581,1.0,0.6096387812940918,0.6296999440065223,0.6051482059282371,0.21016483516483514,0.576491215255102,none
31076,s31076.csv,746,0.502,7.992,7.49,0.985254691689008,0.0,0.0,735,0.985254691689008,164.06250566429523,532.818273,1.3047919753492818,0.7868632707774799,0.0,0.6166219839142091,127,0.1702412868632707,49.1165822798645,176.50532299999986,0.9843061337815932,9,0,0.9312037669073872,0.241164019726822,6.201968737702683,4,0,0.8949301562308006,0.341847362956398,4.74246578664569,16,0.1999999999999997,0.4350365123451719,6.095439170226335,0.4627134791314711,177.13620049722877,-0.0046975766280262,0.0911528150134048,0.0924932975871313,0.4816752837407151,0.0368871416958731,train,train,train,val,0,,,,,,,,,True,False,0.4406507349583775,0.7995709828393135,1.0,0.7752881812884274,0.6666640556157201,0.7357254290171606,0.2247350863422292,0.576488882238976,none
32663,s32663.csv,297,2.912,5.892,2.9800000000000004,0.8686868686868687,0.0134680134680134,0.0,254,0.8552188552188552,331.6734905265577,966.3408495,3.01312924855411,0.9932659932659932,0.0,0.0101010101010101,292,0.9831649831649832,19.79979846925353,62.53008049999997,2.5118413269027604,9,0,0.1659283934373754,0.9142899877350223,4.370358194891768,4,0,0.9298044432515584,0.2748632109690886,2.648935168451636,4,1.0,0.3414826251195159,0.8340855935242324,0.8535738133682435,6.031492175671242,-0.0611674938930311,0.1548821548821548,0.1548821548821548,0.6917380535000957,0.0856272396616723,test,train,train,train,1,0.2963142568193935,0.3996885454645306,-0.0496021121524547,0.3577546480832139,0.1615699500912235,0.290299408411261,-1.1217292309482847,-0.3581019546196711,False,True,0.4874026903463506,0.6063572542901716,0.0,0.3422076252035039,0.4854782681838339,0.6797191887675507,0.7133699633699634,0.5764451208969456,none
31253,s31253.csv,675,3.512,10.292,6.779999999999999,1.0,0.0,0.0,675,1.0,88.53399929174692,297.927418,1.2485611414552993,0.9525925925925924,0.0,0.7807407407407407,116,0.1718518518518518,35.5797977522199,38.6363475,30.071310650705996,9,0,0.6922041216573914,0.5332542551402377,3.225408451305613,4,0,0.676371318907077,0.5676046414181046,2.9976190582075977,8,0.8000000000000003,0.8950578529618416,3.798917287967649,0.7192600907152555,66.19223868233261,-0.1008455104281181,0.0859259259259259,0.0903703703703703,0.4546102842177129,0.0177182913086304,val,train,train,train,0,,,,,,,,,True,True,0.4069837054239681,0.7695007800312013,0.0,0.4939458328970786,0.5599533197784328,0.7113884555382215,0.6258339874411303,0.5746174668932104,none
31246,s31246.csv,1445,0.502,14.992,14.49,0.995847750865052,0.0,0.0,1439,0.995847750865052,250.01398069739392,806.5881879999997,0.9692283592762536,0.9134948096885812,0.0,0.8096885813148789,150,0.1038062283737024,17.260840752825903,53.4644749999999,0.5298071095574327,9,0,0.8936451228770399,0.3193860777278924,3.6007820153298717,4,0,0.8513392057027974,0.3342687662615336,1.8953428303535969,14,0.81,0.6611652695384839,4.234301091383381,0.6531423959887087,176.35519134694408,0.006208479234763,0.1460207612456747,0.1550173010380622,0.6886386411436842,0.2508786026950294,train,val,train,train,0,,,,,,,,,True,False,0.5875137609654062,0.8612714508580342,0.0,0.4343733397345997,0.6373868260585841,0.7945397815912636,0.10181187859759289,0.5744978236759561,none
31586,s31586.csv,596,4.012,9.992,5.980000000000001,0.9966442953020134,0.0,0.0,594,0.9966442953020134,60.86805559044864,196.2708995,1.3787952359073112,0.2684563758389262,0.0,0.0016778523489932,159,0.2667785234899328,93.49123313894395,159.89571,8.731509737614864,9,0,0.8367765068973613,0.3959885236827303,6.0699042334962,4,0,0.7292483387697598,0.4628787401290918,3.790092003775532,4,1.5,0.2111821503131521,0.6955260865276696,0.968370213582778,-0.0503009986921254,-0.0119220425336724,0.0,0.0,0.7104018655215291,0.002389235937785,val,test,val,train,1,-0.0386405196246913,0.2095177076890786,0.2358120008816047,0.3099021493381865,-1.2935615326995569,-0.7982120482685571,0.2409820247719399,0.3153467883759483,True,True,0.3525102985002185,0.7597113884555382,0.0,0.5624829876348061,0.5580224867249566,0.729953198127925,0.6146323914181058,0.5743016756591723,none
32167,s32167.csv,418,3.002,7.212,4.21,0.9880382775119616,0.0,0.0,413,0.9880382775119616,62.80804297164875,204.94605,2.1391447124967518,0.9688995215311004,0.0,0.2488038277511961,301,0.7200956937799043,20.341075501157658,62.173280000000005,3.019859169336289,9,0,0.4458285433911021,0.7424005263910783,7.74354666846358,4,0,0.1286395775870415,0.9302404897123244,3.019241417688249,0,,1.0643018209150656,0.3776957290518775,0.947188869071554,0.4050792273031229,-0.0651031152726646,0.0,0.0047846889952153,0.3983710555487598,0.0607615121421801,val,train,train,train,0,,,,,,,,,False,True,0.2791005452406137,0.7064742589703589,0.0,0.5789016822700038,0.5186216861548416,0.758814352574103,0.6614665096807953,0.5733111333944453,none
31893,s31893.csv,645,4.012,10.492,6.480000000000001,1.0,0.0,0.0,645,1.0,139.916230713254,326.94373800000005,1.3204150508417327,0.9643410852713178,0.0,0.7751937984496124,122,0.1891472868217054,16.40161361713853,52.50072149999999,2.705886775871034,9,0,0.6810619117004922,0.5474054623528722,4.712709745017087,4,0,0.4068480121576707,0.7625865902222162,3.1759913882468407,7,1.4900000000000002,0.5440105355241139,2.3251939742216,0.683136652582391,52.52858935238747,0.0462395432873743,0.1162790697674418,0.1255813953488372,0.7154158018574112,0.086895871852173,test,train,test,train,2,0.2060232623699253,0.3943964855982651,0.2020666358596803,0.2783761728204379,0.1005352573236645,0.3204020073368607,-0.1253935380233505,0.0013383268954421,True,True,0.4564224254775821,0.7561622464898596,0.0,0.5236476702077184,0.5814989362509201,0.7048361934477378,0.5058542647828362,0.573286495270953,none
31713,s31713.csv,322,4.512,7.742,3.2300000000000004,0.9968944099378882,0.0,0.0,321,0.9968944099378882,247.6678952392004,735.6144400000001,0.745650656996056,1.0,0.0,0.0062111801242236,320,0.9937888198757764,6.952620974042316,19.702689500000005,1.4476392627297143,9,0,0.9021129156506208,0.3019427632129335,2.828283467730319,4,0,0.6533676512262785,0.5777412411015357,3.9938607297199886,4,1.5,0.3919182232533431,5.68622687637297,0.7656247068355744,20.64906349061822,-0.0196951479495099,0.1304347826086956,0.139751552795031,0.5658146491636249,0.2616330654240924,train,train,train,train,0,,,,,,,,,True,True,0.6157951088865334,0.6621684867394697,0.0,0.4355602318514256,0.5779553280245288,0.7329173166926677,0.19538199895342753,0.572546793963755,none
31972,s31972.csv,288,6.312,9.192,2.88,0.9895833333333334,0.0,0.0,285,0.9895833333333334,297.919077273522,988.8142900000004,2.9865772852664128,0.1909722222222222,0.0,0.0,55,0.1909722222222222,238.84751766022544,738.5799959999994,14.131489807875392,9,0,0.2844760499300316,0.8178379543715516,3.817812513324637,4,0,0.1964995564364127,0.890909992049846,3.163160120881636,1,,0.6431121992735078,9.157052422373196,0.8629645516798609,4.373979278024469,-0.0053948113892811,0.0798611111111111,0.0798611111111111,0.6287702280465168,0.0574538278936991,train,train,train,train,0,,,,,,,,,False,True,0.6218156071690295,0.4646255850234009,0.0,0.4143160137447168,0.5045492213907656,0.48642745709828394,0.8610020931449502,0.5724133810234725,none
32015,s32015.csv,288,6.312,9.192,2.88,0.6666666666666666,0.0625,0.0,174,0.6041666666666666,476.2823905513504,1532.5584049999984,12.839497562282478,1.0,0.0,0.9340277777777778,19,0.0659722222222222,3.4270001423898666,8.561416999999985,9.815806873823044,9,0,0.1412434766902127,0.912275748712576,3.9234327551619272,4,0,0.2193590526249439,0.8810798056400888,3.015411777242856,0,,1.1259327287337857,8.0119035287576,0.8518055561746919,4.431726462789536,-0.0378416949257729,0.1180555555555555,0.125,0.6652771665735822,0.2540137361390472,train,train,train,test,1,0.4352214754513329,0.5281790154434701,-0.264060533238555,0.1637546182198663,0.4295426385350221,0.520657966717356,-0.2888773040679879,-0.0460677195633107,False,True,0.7036929403643376,0.3770670826833073,0.0,0.448075804476258,0.5126887494095531,0.37722308892355694,0.9484072475143903,0.5714695754773214,none
32190,s32190.csv,288,6.312,9.192,2.88,0.53125,0.0277777777777777,0.0,145,0.5034722222222222,484.06823957312633,1354.7256119999934,17.71489165375501,1.0,0.0,0.0,288,1.0,26.82407506800609,81.01049499999999,1.3842234795431076,9,0,0.2099463582647968,0.904822079005573,3.6855606321265424,4,0,0.4606766646044029,0.7258123619642842,3.362431028388956,1,,0.7160284818005304,18.69553435048629,0.929900984781156,1.2272691280353485,0.0505142634278629,0.0,0.0,0.6028509822675848,-0.0313822727908632,test,val,train,train,1,0.4730598357199338,0.5943368047983327,-0.0103837980418785,0.2475942676980735,0.4610791948484272,0.5912397675933035,-0.4580028313617816,-0.0886250494818847,False,True,0.571554519294268,0.509009360374415,0.0,0.4702713598677794,0.5192787658443729,0.5859594383775351,0.6313448456305599,0.5710925619640452,none
31507,s31507.csv,259,4.512,7.102,2.5900000000000007,0.9382239382239382,0.0,0.0,243,0.9382239382239382,257.8959511328444,816.426309,1.42446781466279,0.9613899613899614,0.0,0.0154440154440154,245,0.945945945945946,16.831475497679385,55.94288399999998,2.467877344191933,9,0,0.9037824927295276,0.3075725219017303,2.8371700622865044,4,0,0.8008655468210574,0.4446861640580509,3.47441863643884,7,0.2799999999999998,0.3967596165537984,4.059185081438824,0.634893621943193,61.5118121235532,0.0079424333560829,0.1042471042471042,0.1081081081081081,0.8758610147198809,0.7102349811064567,train,train,train,val,0,,,,,,,,,True,True,0.6191177738454594,0.5471528861154447,0.0,0.3933387941034756,0.5261963692173591,0.633229329173167,0.4861656200941915,0.5709527259525548,none
31103,s31103.csv,648,0.502,7.032,6.53,0.9783950617283952,0.0015432098765432,0.0,633,0.976851851851852,313.069711999103,985.596416,0.4066485493232587,0.9398148148148148,0.0,0.5246913580246914,269,0.4151234567901234,81.79304297348062,159.488796,0.6492622822378381,9,0,0.9329143910086524,0.2382309687548213,5.078267404129642,4,0,0.9120254313000822,0.2754798571743529,3.3818836189153543,17,0.2449999999999998,0.3444315661497912,3.4004562610307083,0.6818571894052726,45.568872849184615,0.0072964469032981,0.1003086419753086,0.1157407407407407,0.6165700029999668,0.0700658148373109,test,train,train,train,1,-0.2398094960396879,0.2615674031741972,-1.3876360660853675,-0.3550657980766898,-0.129759106733482,0.3324781642381684,-1.778708102272173,-0.6375550298244403,True,True,0.45789663601355,0.8326053042121685,1.0,0.6509054016278045,0.6469472995673428,0.8187207488299532,0.04722658294086865,0.5695770880213473,none
31339,s31339.csv,590,2.512,8.482,5.969999999999999,0.6220338983050847,0.0101694915254237,0.0,361,0.611864406779661,370.7819180152712,1055.03604,1.3997181434484194,0.8966101694915254,0.0,0.2542372881355932,379,0.6423728813559322,29.462848087338323,20.682534,1.2470333610189173,9,0,0.457594012490124,0.7282727579463351,4.540545658438309,4,0,0.6452159414310716,0.5556715357210242,3.9369451370530015,2,,0.3423856611903072,4.955085600972299,0.764345437001616,33.228874612441416,0.0452641775838803,0.0728813559322033,0.0847457627118644,0.6109986444552206,-0.006001629651813,val,test,train,val,1,0.1933828254488376,0.3224731043686853,0.082896102325878,-0.0909257973292296,0.1369280707497279,0.2719405025950272,-0.170256446679935,-0.379506617549797,False,True,0.4755908567338028,0.7409516380655226,0.0,0.5508432570624404,0.591042850298496,0.754758190327613,0.28015436944008376,0.5692301771265648,none
32331,s32331.csv,298,7.512,10.492,2.9800000000000013,0.9966442953020134,0.0,0.0,297,0.9966442953020134,149.5114510706274,464.7192559999999,2.468729378117513,1.0,0.0,0.0,298,1.0,4.716561475866845,14.768902999999987,3.0658102336699424,9,0,0.1549753756122646,0.9119550755304128,3.3470303565617296,4,0,0.2930216544686341,0.8388897034918193,3.03292541344932,2,,0.7802154026148364,3.413803801764204,0.5019445859075957,79.40221397808156,-0.0183608040482442,0.1208053691275167,0.1308724832214765,0.1394848371672109,0.2544987238508594,train,val,train,train,0,,,,,,,,,False,False,0.3989193186785965,0.6411076443057722,0.0,0.3644257434545297,0.473337160080888,0.7157566302652106,0.7233124018838304,0.5691391695104172,none
32171,s32171.csv,396,2.212,6.192,3.98,1.0,0.0,0.0,396,1.0,123.31764414343834,356.24472249999985,2.159769977174512,0.8459595959595959,0.0,0.005050505050505,333,0.8409090909090909,120.70882495769877,126.959022,0.91483564102779,9,0,0.356157096535645,0.8038646761732531,3.5962799911089904,4,0,0.6854984322404379,0.5659508011139502,4.000966550098114,6,0.8699999999999997,0.8722339822233743,2.574391180019293,0.8448150996343528,7.948647170828939,-0.0030042147395238,0.101010101010101,0.1085858585858585,0.5333512234825576,-0.0547277089808295,train,train,train,train,0,,,,,,,,,True,True,0.3997668272143733,0.6935647425897036,0.0,0.6067751328880431,0.5646985892978398,0.7578783151326053,0.35537676609105184,0.5674041590642184,none
31895,s31895.csv,645,4.012,10.492,6.480000000000001,0.9984496124031008,0.0,0.0,644,0.9984496124031008,108.20026645062482,353.23697400000026,1.4243244652350595,1.0,0.0,0.7705426356589147,148,0.2294573643410852,10.55286157936518,32.314833500000006,3.0330908490942976,9,0,0.1155297612747573,0.9278912024295298,4.537986273007589,4,0,0.6591353874286894,0.577285603580304,3.325110900493428,6,1.5,0.6063572565901991,1.886852686212773,0.805836357549787,19.03668291096523,-0.018710096247612,0.1100775193798449,0.1162790697674418,0.3447317805559405,0.1426895184834081,test,train,test,train,2,-0.3430231378551742,0.1045410466001352,0.2201396711286106,0.3436162281558849,-0.5560351868885834,-0.017066038272508,-0.0958625575235414,0.0704661411490172,False,True,0.3998351608451836,0.7728159126365055,0.0,0.4739672849458384,0.5526180612023427,0.7301092043681747,0.552966378859236,0.5660342795715861,none
32135,s32135.csv,277,1.502,4.292,2.79,0.776173285198556,0.0,0.0,215,0.776173285198556,710.2423099729706,2033.3039269999997,0.5678093941924398,0.9927797833935018,0.0,0.0108303249097472,272,0.9819494584837544,36.36953961315765,116.646179,1.956614311565945,9,0,0.8251816916028214,0.416941075800937,3.811759624555467,4,0,0.941826764503308,0.2361595515518036,3.720235377854824,1,,0.4104515474378489,11.289365431037073,0.266470395819935,164.69049867917127,-0.0122263173400269,0.2635379061371841,0.2707581227436823,0.8879060643110801,-0.0303408296333571,train,val,val,val,0,,,,,,,,,False,False,0.656020945728052,0.5468408736349454,0.0,0.5031872388162469,0.5719578084219231,0.6351014040561622,0.25997514390371534,0.5653212027488748,none
31641,s31641.csv,596,3.512,9.492,5.98,1.0,0.0,0.0,596,1.0,121.3997657248906,487.7963224999999,1.2310961493907266,0.1644295302013423,0.0,0.0016778523489932,97,0.1627516778523489,11.109665022342346,39.44149199999997,2.9104443175139263,9,0,0.6567589984499898,0.5761974646552385,4.8663827158626765,4,0,0.4847731054645979,0.7166055410891461,3.493765085058625,8,0.6699999999999999,0.8419209170381532,2.587063374394028,0.7954921452067439,23.168339049778723,0.0254870038634629,0.0335570469798657,0.035234899328859,0.5536929449444737,0.2718503885175929,val,train,train,train,0,,,,,,,,,True,True,0.4189953820056042,0.7109204368174726,0.0,0.6575818056849317,0.5927450782935564,0.6634945397815912,0.5033523024594453,0.5652365467359742,none
32745,s32745.csv,347,3.512,6.992,3.48,0.9971181556195964,0.0086455331412103,0.0,343,0.9884726224783862,406.343388188215,550.2955299999998,10.729972374241264,0.904899135446686,0.0,0.0115273775216138,310,0.8933717579250721,45.52460501963597,57.95915400000001,3.810237087202625,9,0,0.1283999423323059,0.9314475913613764,3.8446704841966,4,0,0.1316484745760327,0.9256737699875404,3.4287154064066114,4,0.0100000000000006,0.3046267979063342,0.383589016382702,0.9294249489055012,0.8060215178990562,-0.0299149254353475,0.0115273775216138,0.0115273775216138,0.5688338123473576,-0.0033104665523548,train,train,train,train,0,,,,,,,,,False,True,0.3132049723152923,0.6664196567862714,0.0,0.2955874426277877,0.4315448529738835,0.732761310452418,0.8909765829408687,0.5650506197108534,none
32112,s32112.csv,288,6.312,9.192,2.88,0.6319444444444444,0.0104166666666666,0.0,179,0.6215277777777778,326.4128185017538,763.0026229999997,6.217128120030993,0.9861111111111112,0.0,0.7604166666666666,65,0.2256944444444444,84.6575905315777,234.75457,6.21595126323384,9,0,0.162669824086092,0.8847846834121769,3.855155497525459,4,0,0.5656482458584603,0.6493943020644681,3.703843831630001,0,,0.6113538576658918,7.676291160585636,0.8547401736154039,4.479531107731602,0.0542889183607859,0.0833333333333333,0.09375,0.5143229284150906,0.2517908838664634,train,val,train,train,0,,,,,,,,,False,True,0.6224157455353119,0.4085413416536662,0.0,0.5046791808747401,0.5122387347785643,0.4235569422776911,0.8861852433281004,0.564777164202096,none
31084,s31084.csv,228,3.512,5.792,2.28,1.0,0.0,0.0,228,1.0,61.21428297752144,195.967819,1.8543789449439407,1.0,0.0,0.0043859649122807,227,0.9956140350877192,19.24631104845167,11.856824999999994,6.156164826750838,9,0,0.7051763531910444,0.5099522971091093,2.944510396319868,4,0,0.5252123921201787,0.6907394072946142,2.6121212057607446,2,,0.8316415009164243,24.09626238115084,0.1328125923394435,112.42756662848493,-0.0185384093979696,0.2236842105263158,0.2280701754385964,0.2327574169651003,-0.1093222813282205,train,train,train,val,0,,,,,,,,,False,False,0.5059433991720416,0.5225039001560062,0.0,0.4391080331133791,0.4916889646988304,0.6141965678627145,0.6733712715855573,0.5643335426015388,none
31568,s31568.csv,546,3.502,8.982,5.48,0.9945054945054944,0.0,0.0,543,0.9945054945054944,120.79578452432736,369.8342949999999,2.1928763187677,0.1904761904761904,0.0,0.0,104,0.1904761904761904,24.69900400984094,75.403246,2.125614004567859,9,0,0.8264726350225204,0.4084157740664664,3.052879252276127,4,0,0.429938134457117,0.7497647818091092,4.171357204258149,10,0.2400000000000002,0.7221418759557312,2.637572552038856,0.8473868115112707,14.674506671058875,0.0206597601003807,0.0274725274725274,0.0293040293040293,0.3416837633149634,0.3125934496582389,test,train,train,val,1,-0.5406007450391588,-0.0248648215036599,-0.0828011390713769,0.2043036014921557,-0.4623029083870418,-0.0116749913886595,-0.1660412297649871,0.1440916214339573,True,True,0.390479319626248,0.6736349453978159,1.0,0.6950909042976711,0.5809672640477237,0.6446177847113884,0.5639717425431711,0.5638503067985561,none
31682,s31682.csv,833,4.612,12.992,8.38,0.9915966386554622,0.0012004801920768,0.0,825,0.9903961584633854,145.64765499883097,463.746592,1.431992778768418,0.1548619447779111,0.0,0.0,129,0.1548619447779111,53.49633521704653,142.663674,0.9587740530395616,9,0,0.7120092945487313,0.5451290117941583,3.920456207774442,4,0,0.5125607571584064,0.7417518852917109,2.40667260463526,19,0.2150000000000003,0.8780129225191813,3.313382230019127,0.6679093725251911,73.81464978312295,0.0402465890247695,0.1452581032412965,0.1548619447779111,0.4049907492243078,0.0289075609434528,train,test,train,train,1,0.1998918510360355,0.4182738717221653,-0.1607303326432098,-0.0108371682177756,-0.1526364836977496,0.156263200146515,0.1770385085289624,0.2642463579326888,True,True,0.4127796706491951,0.8245319812792512,1.0,0.6735202755163111,0.6351151608298495,0.755226209048362,0.24542124542124544,0.5637656129547368,none
31335,s31335.csv,592,2.512,8.482,5.969999999999999,0.8918918918918919,0.0135135135135135,0.0,520,0.8783783783783784,299.05664081492296,735.0611335,4.769950485151533,0.9679054054054054,0.0,0.8445945945945946,73,0.1233108108108108,25.437910420031567,72.02160999999995,2.849632119302608,9,0,0.5774711253699878,0.6318751425234618,2.8218360265020683,4,0,0.6103070285783859,0.6214331779452926,3.4331453348227727,8,0.7600000000000007,0.3995827575003383,4.756547699911792,0.8240280818063634,26.347637499364225,-0.0724819166017651,0.0608108108108108,0.0675675675675675,0.5231354830064734,0.0649636564901359,train,train,train,train,0,,,,,,,,,True,True,0.4835246934980978,0.6541341653666146,0.0,0.3881202890373089,0.514616687313842,0.6024960998439938,0.7963598901098901,0.5637278748591067,none
31903,s31903.csv,638,0.502,6.992,6.49,0.9843260188087776,0.0,0.0,628,0.9843260188087776,326.12469593201365,1020.5289624999998,1.2826881468167657,1.0,0.0,0.774294670846395,144,0.225705329153605,3.6906096516870903,11.351601,0.845391716908219,9,0,0.806344686292753,0.4193997960603426,6.567053934209815,4,0,0.6433743899097606,0.5968700154411855,4.403540311456107,11,0.2149999999999998,0.4731492408150418,2.698385390979442,0.8397428707253495,16.23309021875311,0.0288836478094671,0.0799373040752351,0.0893416927899686,0.6343099572829839,0.0098933702727677,train,test,train,train,1,0.3733138379001701,0.4782267693126761,-13.969226204503824,-10.383355230103051,0.2866995399002414,0.4128447893287017,-55.29148700527906,-40.13105091418348,True,True,0.4360849795131009,0.7618564742589703,1.0,0.78126560058086,0.6536591889944829,0.713572542901716,0.20174319727891155,0.5637058306935824,none
31166,s31166.csv,149,5.012,6.492,1.4800000000000004,0.7785234899328859,0.0,0.0,116,0.7785234899328859,103.8631597408965,380.3822825,2.796317716347724,1.0,0.0,0.0,149,1.0,10.241541925968264,21.171872,5.528034922946077,9,0,0.6176574522553647,0.6063670659545323,3.2027576212958357,4,0,0.5612932678447542,0.6712895104266523,2.418721441613198,1,,0.6672148765713547,8.788594844612875,0.6455581460400229,11.684083334435492,-0.1392837866277355,0.2214765100671141,0.2281879194630872,0.9373719573515455,-0.0611185259175422,train,val,train,train,0,,,,,,,,,False,True,0.6569131023323339,0.3702808112324492,0.0,0.4058642272244459,0.4812771379150078,0.46084243369734784,0.8073652537938252,0.56339532633138,none
32025,s32025.csv,596,3.502,9.482,5.98,0.9932885906040269,0.0285234899328859,0.0,575,0.964765100671141,289.0283831822872,522.7562619999973,2.443609328204547,0.9916107382550337,0.0,0.0855704697986577,540,0.906040268456376,28.45001291265982,73.92117349999998,0.6271337980363173,9,0,0.172342240716972,0.9299116568227794,4.87617362136622,4,0,-0.1687135361461492,1.0982726463020531,3.1425137657432285,9,0.5149999999999997,0.4531288647044267,3.3503089740846743,0.8043835910549003,43.69156887546297,0.0074728177216022,0.0268456375838926,0.0268456375838926,0.3713192018192211,0.0339224924165566,train,train,train,train,0,,,,,,,,,False,True,0.3429020632100526,0.8627925117004681,0.0,0.29674414405984,0.5110163444366342,0.903588143525741,0.36376569858712715,0.5633823527703573,none
31580,s31580.csv,596,4.012,9.992,5.980000000000001,1.0,0.0,0.0,596,1.0,56.88197617307358,191.25100250000003,1.929900151154653,0.9865771812080536,0.0,0.5939597315436241,234,0.3926174496644295,55.358525328769815,88.25335150000001,1.2907098029123445,9,0,0.8677227588242687,0.3573044793404495,2.8655731005243323,4,0,0.6906788670440462,0.4557834627110054,3.805735940887804,4,1.5,0.3410102652708611,0.5886083256893286,0.969241659666268,-0.0441463104199029,-0.0480205810540067,0.0,0.0033557046979865,0.7899513941552418,0.1764449372534354,train,train,train,train,0,,,,,,,,,True,True,0.4314726621622853,0.8005070202808112,0.0,0.4164726796265035,0.5561346927430348,0.7893915756630265,0.3688840920983778,0.5630019446726284,none
31923,s31923.csv,447,3.512,7.992,4.48,0.8859060402684564,0.0134228187919463,0.0,390,0.87248322147651,453.041948204323,1376.903051499999,8.243147096426682,1.0,0.0,0.9977628635346756,1,0.0022371364653243,,,,9,0,0.6674948077874123,0.5832464970222089,9.836065651830728,4,0,0.832686253846735,0.4045489331476261,6.867123973646155,45,0.0250000000000003,0.7640738331635597,5.752263721796883,0.8306946149079515,11.526574879102592,0.048262806269772,0.3378076062639821,0.3400447427293065,0.8093398183702633,0.4217854666711987,val,test,test,train,2,0.4098283755974383,0.4886146603860168,,,0.3592575192578304,0.4563456051749839,,,False,True,0.7677740984464029,0.4534321372854913,0.0,0.7790225783342635,0.661128956006442,0.3675507020280811,0.4583333333333333,0.5629558970952928,confirmed
32002,s32002.csv,745,3.502,10.992,7.490000000000001,0.8241610738255034,0.0053691275167785,0.0,610,0.8187919463087249,403.52147835895255,1351.3373454999994,4.568807380944624,0.9946308724832216,0.0,0.9825503355704698,9,0.0120805369127516,21.84389667644308,56.25234999999999,0.8987975838019718,9,0,0.710305343828236,0.4990645878494848,6.022455877146174,4,0,-0.007133658676536,1.0052410297066712,3.3050047214353167,37,0.0650000000000003,0.5841597609020516,12.89393952984186,0.927873283484704,4.933937926803977,0.0064221678502719,0.0429530201342281,0.0429530201342281,0.4943093700563561,-0.0515218743472857,train,train,val,train,0,,,,,,,,,False,True,0.5560342149274657,0.6858034321372855,1.0,0.6029490444545559,0.6155278898090296,0.5747269890795632,0.500261643118786,0.5621826632460662,none
31047,s31047.csv,447,6.002,10.482,4.48,1.0,0.0,0.0,447,1.0,40.01556601468877,142.10767199999998,1.3329516219368385,0.3333333333333333,0.0,0.0022371364653243,148,0.3310961968680089,156.56027399990177,74.56624850000001,3.424978553817656,9,0,0.6035689077080615,0.6142579075397311,3.1067080836802905,4,0,0.7058935339112634,0.5433700200387992,3.152650461432335,5,0.7500000000000004,0.294068185292769,3.85062250609457,0.7513827321968944,25.301728086363063,-0.0280370582013303,0.1029082774049217,0.105145413870246,0.5331794769763274,0.3541807126126348,train,val,val,val,0,,,,,,,,,True,True,0.5369310719155025,0.6483619344773791,0.0,0.3570342715561071,0.5219628337043406,0.6589703588143525,0.5554519884877027,0.5615404041069632,none
31093,s31093.csv,1445,0.502,14.992,14.49,0.9910034602076124,0.0,0.0,1432,0.9910034602076124,157.17482182850966,523.7480255,0.679916318620522,0.997923875432526,0.0,0.827681660899654,246,0.1702422145328719,49.96271299087326,28.123535000000004,0.5627287989000158,9,0,0.9187406518830356,0.2806697898776082,3.921971976080036,4,0,0.9597337017430873,0.2055210848733563,1.972684653052371,22,0.2000000000000001,0.6111797035978702,2.574746630343958,0.9368217906004136,6.40533691975489,-0.0303687505860124,0.0442906574394463,0.0484429065743944,0.38483954650586,0.0968554424122126,train,val,train,test,1,-1.1037536305140607,-0.2227130055186275,-1.7665882486663589,-0.1936603984824318,-0.9331639343601528,-0.2801462429055739,-3.3708423972509225,-0.7522308881468125,True,True,0.405154686254654,0.9066692667706708,1.0,0.5720844090376793,0.6307637062701674,0.8630265210608423,0.05931122448979592,0.5614663593298544,none
31326,s31326.csv,664,1.002,7.672,6.67,0.9954819277108434,0.0,0.0,661,0.9954819277108434,42.97412058247701,103.55007,1.0666543519451224,0.6822289156626506,0.0,0.2605421686746988,280,0.4216867469879518,132.89475029657993,198.824736,5.638965631041137,9,0,0.8606741059096098,0.366838213774826,2.162127259191275,4,0,0.7848444349542314,0.4453254193636782,4.87043093275388,9,0.5100000000000003,0.1840226645295049,1.0710056508441146,0.7145524025918218,140.3445397796763,-0.025824467128072,0.0120481927710843,0.0120481927710843,0.3057415152898464,0.2919216559049,train,train,train,train,0,,,,,,,,,True,False,0.2782609723956374,0.8460998439937597,0.0,0.4246638402953311,0.5209254378248883,0.8336973478939158,0.5370061486132914,0.5612077292125509,none
31429,s31429.csv,284,4.002,6.852,2.8500000000000005,0.9612676056338028,0.0,0.0,273,0.9612676056338028,176.45580380540343,510.6487679999998,1.5528047325820444,1.0,0.0,0.0070422535211267,282,0.9929577464788732,10.29685058045644,35.90112399999996,1.222912621511142,9,0,0.9237595109068112,0.2728790290181268,8.767509257746756,4,0,0.3903960341321556,0.7830919065313611,4.386935729578005,5,0.8050000000000002,0.6236204745625927,5.020905740309482,0.6475371745553654,40.47656869604808,0.0119298811206151,0.0704225352112676,0.0845070422535211,0.6094483534390592,0.0662991493837663,train,train,train,train,0,,,,,,,,,True,True,0.4761221627053187,0.5780031201248049,0.0,0.6857433297227087,0.5746668479073559,0.671606864274571,0.30772501308215594,0.5604996459421536,none
32488,s32488.csv,149,5.012,6.492,1.4800000000000004,1.0,0.0,0.0,149,1.0,98.9590687283537,218.23687199999995,4.437415815237518,0.9932885906040269,0.0,0.4026845637583892,88,0.5906040268456376,11.73677344768726,35.55768649999999,2.564549373391395,9,0,0.3016598711717462,0.815825430938815,3.3486701011810736,4,0,0.3595214097733515,0.7941144608690931,3.873755002473129,1,,0.9077957868186298,6.727588964204923,0.4461820730149168,22.62826679531407,-0.0265933521582239,0.261744966442953,0.261744966442953,0.8823510108063685,0.0330000019269007,train,train,train,val,0,,,,,,,,,False,False,0.6353774011985502,0.35698127925117,0.0,0.552973556420287,0.5132176050834882,0.42948517940717634,0.7665162218733648,0.5603307588664834,none
32455,s32455.csv,149,5.012,6.492,1.4800000000000004,0.9463087248322148,0.0134228187919463,0.0,139,0.9328859060402684,381.5635128096417,1051.9338729999995,3.711314972168548,0.1073825503355704,0.0,0.0,16,0.1073825503355704,15.837722717106448,44.6592975,1.5987180036116266,9,0,0.5075010026408416,0.6786158031827837,4.908528546578313,4,0,0.5250430528514364,0.6680160086796085,4.732120318466489,7,0.0250000000000003,0.6287986851897811,10.83097032960494,0.5703865375114684,14.599904506534804,-0.1286247062546615,0.2818791946308724,0.2818791946308724,0.93099887657923,0.5012925908054906,train,train,train,train,0,,,,,,,,,False,False,0.7985717088292705,0.2872854914196567,0.0,0.670965222627102,0.5813395868752551,0.3316692667706708,0.5823031135531136,0.5602294697840817,none
31358,s31358.csv,396,4.002,7.982,3.98,0.8762626262626263,0.0075757575757575,0.0,344,0.8686868686868687,219.3458751181528,410.3050899999992,7.094286222415258,1.0,0.0,0.9974747474747476,1,0.0025252525252525,,,,9,0,0.7668015910985245,0.4870141852939029,3.707580040982876,4,0,0.5155222972241218,0.6172519369155947,7.717741124544043,10,0.2299999999999995,0.5344160544466727,15.44187737007531,0.924813451783043,2.417820122639978,-0.0289324681121425,0.0505050505050505,0.0555555555555555,0.8245889062799011,0.6186999897204101,train,train,val,train,0,,,,,,,,,False,True,0.7801618063645979,0.428978159126365,1.0,0.7522564948284775,0.6488759363703802,0.3594383775351014,0.4543269230769231,0.5588114056092299,none
31988,s31988.csv,553,0.502,6.192,5.69,0.8987341772151899,0.0054249547920434,0.0,494,0.8933092224231465,431.8595108590689,1448.5731824999998,2.986112841403112,0.9710669077757684,0.0,0.7377938517179023,129,0.2332730560578662,82.41899487961149,237.748056,0.426288065053479,9,0,0.7714114374215544,0.4457111858247305,4.643618257741587,4,0,0.963031873513944,0.1601194909046932,10.20307741942607,5,1.0,0.4038190954773867,3.0596640760542133,0.8874795593590044,8.744002159675702,0.0006275362810177,0.0271247739602169,0.0271247739602169,0.6297182669097006,0.3391841687577777,test,train,train,train,1,0.3679106939365935,0.5537874106185158,-35.315924101845894,-5.374654762248505,0.2530870253849565,0.4613320056590817,-104.9266695604653,-19.53474542154851,True,True,0.5039909836369966,0.6793681747269891,0.0,0.5925421214125609,0.5919383418511632,0.648829953198128,0.39336407639979065,0.5586152060422029,none
31714,s31714.csv,230,4.512,6.812,2.3000000000000007,0.9956521739130436,0.0,0.0,229,0.9956521739130436,175.8743020771176,523.0908519999998,1.636275784074792,1.0,0.0,0.0043478260869565,229,0.9956521739130436,29.1121879155688,90.987124,0.812987148848009,9,0,0.6730942752446603,0.5526493903085528,5.192353788314452,4,0,0.7285112383178822,0.4921321257123666,2.62812584215667,3,1.1500000000000004,0.5823441824195718,24.32760997001661,0.9481445769972482,-0.3987066359145819,-0.0145462334059242,0.0,0.0,0.8244231334697351,-0.0108560913286536,train,train,val,train,0,,,,,,,,,False,True,0.6579775447730141,0.5280421216848675,0.0,0.5028882318780477,0.5659733528236728,0.6168486739469579,0.25979526425954996,0.558535257431327,none
31351,s31351.csv,198,4.002,5.982,1.9800000000000004,1.0,0.0,0.0,198,1.0,67.12040211171049,165.14562549999994,2.100513756105965,0.9797979797979798,0.0,0.1919191919191919,156,0.7878787878787878,28.66088439196828,59.2233375,2.139124788197517,9,0,0.733815094279083,0.5001183440998732,2.5647200780588557,4,0,0.4591655758365449,0.7273057314346579,3.575694390470288,4,0.0100000000000006,0.6190090017030234,15.9664305913038,0.779704255695131,6.499086931821825,-0.0404642211582087,0.1414141414141414,0.1515151515151515,0.6785950335249127,-0.1435200890366825,val,val,train,train,0,,,,,,,,,False,True,0.6323135690736081,0.4618564742589703,0.0,0.4541053831260102,0.5191911301042056,0.5455538221528861,0.5482404500261643,0.5582674745560631,none
31630,s31630.csv,447,3.512,7.992,4.48,0.9910514541387024,0.0,0.0,443,0.9910514541387024,240.25102229888464,859.4447389999996,1.3116583130613972,0.1655480984340044,0.0,0.0022371364653243,73,0.16331096196868,173.76248732437654,305.2960399999999,44.94772668913356,9,0,0.7055988908548971,0.5373424515155304,5.559075818865495,4,0,0.5186871621845787,0.6742478311261939,3.799672759981334,8,0.2600000000000007,0.8988946390897459,2.4083403779271304,0.7581113101824172,40.339148845053074,0.0275298899492549,0.0425055928411633,0.046979865771812,0.6040346599520053,0.0384847764577173,test,test,train,train,2,0.0574990288393081,0.297365165368288,0.369855476420578,0.3794815526965446,-0.1302490121228706,0.1556255525740935,0.3698788600307196,0.3790668739904875,True,True,0.3574875990994359,0.5928627145085803,1.0,0.8514681393725468,0.5880630515745697,0.5672386895475819,0.6408784667713239,0.5579937464704441,none
32405,s32405.csv,447,3.512,7.992,4.48,0.6845637583892618,0.0201342281879194,0.0,297,0.6644295302013423,331.28116735401534,915.237866,5.357023762043025,1.0,0.0,0.9977628635346756,1,0.0022371364653243,,,,9,0,0.4353838541522634,0.7461624670497092,3.1180308141477884,4,0,-0.1862864839265542,1.092027599203942,3.4925131525698103,8,0.1299999999999999,1.057752122188608,22.758493631583605,0.9620965771914876,0.8270178937821222,0.0893776467368193,0.2751677852348993,0.2818791946308724,0.9172683966290852,0.0726585243391024,train,train,train,train,0,,,,,,,,,False,True,0.8879937385698867,0.4337753510140405,1.0,0.5870926146479758,0.6387469657487672,0.3450858034321373,0.4358974358974359,0.5578809505256327,none
31357,s31357.csv,396,3.002,6.982,3.98,1.0,0.0,0.0,396,1.0,80.0225224146477,274.2271825,1.3104884161207309,0.1111111111111111,0.0,0.0,44,0.1111111111111111,95.61161429415056,128.602736,12.99358881799743,9,0,0.5889779575806633,0.6300270848117545,3.005781787488178,4,0,0.7471589696828715,0.4835300821829705,3.51507392292651,4,1.0,0.377419566501171,5.422116174204257,0.8454953362460047,8.762178887155931,-0.0189608845921899,0.2398989898989899,0.2398989898989899,0.8689205178392709,-0.0757346201209525,val,train,train,train,0,,,,,,,,,False,True,0.6536966997552444,0.5407566302652106,0.0,0.4021834371159245,0.5387136966419366,0.5210608424336973,0.6196690214547358,0.5578112156856513,confirmed
31398,s31398.csv,169,1.002,2.692,1.6900000000000002,0.9171597633136096,0.0236686390532544,0.0,151,0.893491124260355,476.7636484663039,1579.392475,2.740919433052977,1.0,0.0,0.8757396449704142,21,0.1242603550295858,5.940814575048894,16.54577,1.7883647522542412,9,0,0.9565823021901918,0.2093458616396317,2.254164889348908,4,0,0.9031894587626724,0.3124712888686002,3.554427391301257,18,0.05,0.8739317866651435,18.289108390999573,0.5303326390849006,19.277054957958185,-0.0571632992981588,0.3491124260355029,0.3491124260355029,0.9712589104818592,0.0431162668172277,train,test,train,train,1,-0.0277615875076243,0.2514398285796756,-22.89681821661356,-15.368685428908485,0.0364831293083305,0.3139131698649725,-54.278700717002366,-29.26224610809984,False,False,0.7696792268324015,0.3283541341653666,1.0,0.6316315616457489,0.5738011448429435,0.36801872074882996,0.5630886970172684,0.557319295148705,none
32491,s32491.csv,149,7.012,8.492,1.480000000000001,0.9865771812080536,0.0,0.0,147,0.9865771812080536,171.54779470349473,202.03616399999987,7.141990426236212,1.0,0.0,0.0067114093959731,148,0.9932885906040269,20.224392519110573,65.0980625,3.1321247889918427,9,0,0.1295476066077632,0.9325176797403264,3.9559338097038,4,0,0.11838909742149,0.9382689348271588,4.569259568631622,1,,0.7694660491129945,3.475924517815227,0.5507911942872384,33.005478716795594,0.0730532076762356,0.1610738255033557,0.1677852348993288,0.925389954747294,0.0321575905891029,train,train,val,train,0,,,,,,,,,False,False,0.5464362257164087,0.3945007800312012,0.0,0.4922583303077523,0.4770054511039891,0.4789391575663026,0.8530873888016746,0.5573083886078577,none
32294,s32294.csv,447,3.512,7.992,4.48,1.0,0.0044742729306487,0.0,445,0.9955257270693512,335.7072949596019,382.8309779999978,8.493274215199579,0.8612975391498882,0.0,0.0044742729306487,383,0.8568232662192393,43.08234008336078,63.566051,1.9888359077859556,9,0,0.1050622676195976,0.9463229159638123,3.7162177908708567,4,0,0.0559110987207393,0.9543839601981348,3.4822546186931174,3,1.4999999999999998,0.5909258823924505,0.795525819320674,0.9662926540544224,-0.3985650788630988,-0.0625414589042262,0.0,0.0,0.5432103365401452,-0.1213202265261015,val,train,train,train,0,,,,,,,,,False,True,0.2701949460061722,0.7466458658346334,0.0,0.3339739748569517,0.4560864766013675,0.7962558502340094,0.7171147305075876,0.5572241297001364,none
32293,s32293.csv,447,3.512,7.992,4.48,0.9686800894854586,0.0044742729306487,0.0,431,0.96420581655481,358.77173066816715,754.04932,10.031814446093874,1.0,0.0,0.4049217002237136,266,0.5950782997762863,18.569838565612063,59.685585,1.8489641439593183,9,0,0.0445138610988869,0.9820537538755382,4.242135717082223,4,0,0.1021211614635919,0.9312035493447564,3.533822530027571,4,1.4999999999999996,1.3889303148706034,0.8293233442308525,0.955352820891458,0.1562005871831762,0.139670481192209,0.0,0.0022371364653243,0.5863694418114942,-0.0348400278198701,train,train,test,test,2,0.1639927528261153,0.4079869484292902,-0.3126248340953709,0.1487975434220185,0.2127408043165731,0.4438973628126358,-0.4487046382640389,0.0312504636177283,False,True,0.300635278110697,0.7016380655226209,0.0,0.47496584183697,0.4932854228227522,0.7316692667706708,0.6825614861329147,0.5564873893369602,none
31498,s31498.csv,497,4.002,8.992,4.990000000000001,1.0,0.0,0.0,497,1.0,119.88423024136026,391.93662000000006,1.2785797186843355,1.0,0.0,0.1006036217303823,447,0.8993963782696177,22.831854517508603,67.36128599999999,0.6583393802743264,9,0,0.5628356184441893,0.6504133304141764,3.285101850410351,4,0,0.6269972817655248,0.6246278550104486,3.37385226307248,5,0.75,0.8227460860176341,2.0738268015071144,0.8651472595162079,8.027514996996292,0.0063598824765295,0.0784708249496981,0.0804828973843058,0.4224436715834864,-0.0156033383097143,train,train,val,test,1,-0.2780273934679149,0.0622136110472953,-0.1719862416723246,0.2008449851655529,-0.1869701122753204,0.1430305286520292,-0.2961029251752942,0.0004293795131048,True,True,0.3517944339605052,0.8039001560062403,0.0,0.5349706571571801,0.5649843036355149,0.85600624024961,0.1767072213500785,0.5546925080640844,none
31737,s31737.csv,288,6.312,9.192,2.88,1.0,0.0,0.0,288,1.0,210.5887361169627,692.0826165000001,3.1541089884563323,0.9895833333333334,0.0,0.0069444444444444,283,0.9826388888888888,24.89470315356149,75.97337,1.968768154678045,9,0,0.2163284153987549,0.878345458741669,3.764903726135045,4,0,0.3754959177229512,0.7903186434464672,2.970591109923642,2,,0.522196881577975,3.411904526348682,0.7273697470930981,27.2815094908827,0.0403606824401285,0.0763888888888889,0.0763888888888889,0.4531522290249627,0.1536625122086231,train,test,train,train,1,0.6153852929580121,0.643527984729568,-0.3541352011339568,0.0622691972831697,0.4917459568547475,0.5317362365128623,-0.5208135957932267,-0.0725445122268808,True,True,0.4299777145393714,0.5972698907956319,0.0,0.3687275224396934,0.4701549185991591,0.6847113884555383,0.6421539769754055,0.5545100946562915,none
32107,s32107.csv,144,4.022,5.452,1.4299999999999995,0.8472222222222222,0.0694444444444444,0.0,112,0.7777777777777778,462.4449926534184,912.0238229999984,16.92546500690386,1.0,0.0,0.0069444444444444,143,0.9930555555555556,12.2338932531005,38.131848000000005,2.5271641183697438,9,0,0.584233773654219,0.6292715618748593,3.970516064052624,4,0,0.9000125100537283,0.3184638951215093,3.1640580619173115,6,0.0100000000000006,0.7469097648583393,4.5163408948146735,0.8080774440519695,3.522665376003149,-0.0927762909261666,0.1527777777777778,0.1666666666666666,0.8233641216170189,-0.1038235645458202,test,train,train,train,1,0.4070004790189021,0.4697214772389885,-2.005772676439052,-0.6715776539111151,0.4534103167935215,0.5146217077256994,-4.601682254809278,-1.929072976620604,False,True,0.5717839810385551,0.3399765990639625,0.0,0.5572123837665051,0.4862799181658327,0.43868954758190326,0.8253695709052852,0.5543983065450964,none
32017,s32017.csv,209,4.002,6.132,2.13,0.8851674641148325,0.0239234449760765,0.0,180,0.861244019138756,485.869332075162,1355.244382,0.7281806377907797,1.0,0.0,0.0047846889952153,208,0.9952153110047848,16.300571547380837,48.93190799999995,1.8736958031231916,9,0,0.9756733401998549,0.1511050570566369,2.445564323732505,4,0,0.9580956044581072,0.2001008332569279,2.495556059604301,16,0.1100000000000003,0.9879223586814124,9.001447173524273,0.812657959783952,5.637986010103596,0.0788134203686029,0.354066985645933,0.3684210526315789,0.8359608156684107,-0.08380754960394,train,train,train,test,1,-0.0036524919483647,0.0994686865631785,-0.862383478126179,-0.067680582217428,0.052839727696794,0.1939394189445953,-0.8090399714706422,0.0076029709301155,False,True,0.7050258743132813,0.4811232449297972,1.0,0.5035887674114669,0.5662288219585175,0.569578783151326,0.25992608581894294,0.5538665035390763,none
32653,s32653.csv,447,3.012,7.492,4.48,1.0,0.0,0.0,447,1.0,65.94091424060315,200.68685699999992,3.332430523921244,0.7718120805369127,0.0,0.116331096196868,293,0.6554809843400448,31.65854405258995,43.03091199999999,1.154227743653223,9,0,0.2667184704806934,0.8316087877561955,3.779854135763506,4,0,0.1192113703164566,0.9441197522850024,3.4787224853868346,8,0.1299999999999999,0.530627678346355,1.0523178283694028,0.9154005767564092,6.1683243439747,-0.0102272454542058,0.0111856823266219,0.0111856823266219,0.2793129602240221,0.078825772416526,train,val,train,test,1,-0.2807290936239195,0.2360938480783109,-1.9359928388026768,-1.3652937270110534,-0.5789936654643475,0.0354086837643421,-3.494362645234185,-3.10336830329462,False,True,0.2977072295954181,0.7346333853354134,1.0,0.5229690544685068,0.5182099315663431,0.7755070202808112,0.5052328623757195,0.5537452645175839,none
32154,s32154.csv,336,6.312,9.682,3.37,0.8005952380952381,0.0178571428571428,0.0,263,0.7827380952380952,176.92202692724643,437.353515,2.468887420547363,0.9970238095238096,0.0,0.5029761904761905,166,0.494047619047619,12.974194051423712,25.678702499999986,9.212510208058625,9,0,0.2727391759936134,0.8538864990465747,3.994233376296208,4,0,0.1875974393924245,0.9027969880567296,3.071181258150096,1,,0.4669984125045797,4.426623167012765,0.8767607699146917,3.734741126256833,-0.0181346216957669,0.056547619047619,0.056547619047619,0.3933312453973218,0.095034527285556,train,val,test,test,2,0.3724051268262556,0.4480691786664182,-0.0643346194119463,0.2809964830132272,0.097023304945273,0.2040735598435625,-0.3908028212996642,0.0332535354052537,False,True,0.4833727920936888,0.5650936037441497,0.0,0.3399777451668376,0.4689565620932947,0.5942277691107645,0.7968177655677655,0.5532222718826029,none
32030,s32030.csv,290,2.212,5.122,2.91,0.9724137931034482,0.0068965517241379,0.0,280,0.9655172413793104,235.9772366137208,739.3603314999998,2.2146115852880164,1.0,0.0,0.2793103448275862,209,0.7206896551724138,11.282494329028289,41.20155799999999,0.8130809940872329,9,0,0.7083970912500646,0.473867314390948,7.982444362050789,4,0,0.0650400138154306,0.9816160146891566,2.9604179456755046,5,0.4949999999999999,0.9742184597568552,6.271237551514425,0.5389791732034069,105.299018024321,-0.0268525290884595,0.0172413793103448,0.0310344827586206,0.8802921212136107,0.1759233500753412,test,test,test,train,3,0.1776128491768096,0.4062168958855126,-2.1780020077783147,-1.0745773960839735,-0.1079203859824402,0.1956209703579685,-5.952756484844604,-3.1718669565056232,False,False,0.5467830394943525,0.5710998439937598,0.0,0.5432519427850763,0.5542345920563622,0.6346333853354135,0.35401949241234953,0.552478981262085,none
31983,s31983.csv,288,6.312,9.192,2.88,0.9756944444444444,0.0,0.0,281,0.9756944444444444,283.5472748066643,896.0633500000001,2.853993569793276,1.0,0.0,0.5868055555555556,119,0.4131944444444444,8.170433719958968,16.045967999999995,3.841561260116949,9,0,0.0417455269948008,0.9720262028276218,3.984514369321338,4,0,0.3146664518870554,0.8237622630867611,3.5709845539537066,2,,0.770202457172521,6.217684308095938,0.8056955024212178,8.217416568366843,0.0191400304144761,0.0868055555555555,0.0868055555555555,0.4420548609497319,-0.0347590483341586,train,val,train,test,1,0.5285729673429387,0.5468887998442746,-0.1246901257203062,0.2038997421636355,0.6406063594969824,0.6591903726792188,-0.2857794283763126,0.1031924951797755,False,True,0.4734475755567592,0.5055772230889236,0.0,0.4738136016580662,0.4848027600234088,0.548829953198128,0.7930402930402931,0.5515943381510329,none
32220,s32220.csv,288,6.312,9.192,2.88,0.71875,0.0381944444444444,0.0,196,0.6805555555555556,423.0373602407246,1297.72742,3.1545242815151453,1.0,0.0,0.0069444444444444,286,0.9930555555555556,4.563480912430781,15.360109999999992,2.43440628029842,9,0,0.3819936574221974,0.7829148954195266,3.25239233239205,4,0,0.2395418925918965,0.8865648722499345,3.0738940859981265,1,,0.5502476223868153,6.8357573600275074,0.8346594232533483,7.316523596463508,0.056589461283018,0.0520833333333333,0.0555555555555555,0.3071710905543423,0.0417812037022584,train,test,train,train,1,0.4832296442712833,0.5417257256650441,-0.0543416230223238,0.0888614730895074,0.5075560185551949,0.5631489365036001,-0.3724304402509335,-0.268475380069004,False,True,0.4650408575472631,0.551833073322933,0.0,0.3326641177757545,0.4557051111372949,0.634009360374415,0.7131083202511774,0.5499818671179847,none
31181,s31181.csv,447,4.512,8.992,4.480000000000001,1.0,0.0,0.0,447,1.0,62.95606993675616,185.271653,0.943238389893647,0.7740492170022372,0.0,0.2281879194630872,244,0.5458612975391499,89.21475892026584,49.55323399999993,4.457890466434033,9,0,0.5583985804650846,0.6577948433710195,3.457690170953391,4,0,0.1330725525511433,0.9281658328593336,3.584250645587459,13,0.0100000000000006,0.2964004499437576,3.933390173626517,0.9530693772236286,0.3938796431566462,0.0049518328628658,0.0,0.0,0.1791711354203379,0.1564848173735194,train,train,val,train,0,,,,,,,,,False,True,0.4100477608475689,0.7173556942277691,0.0,0.3583133879609609,0.5020852256646565,0.737597503900156,0.5059687336473051,0.547695648055573,none
32223,s32223.csv,288,6.312,9.192,2.88,0.6527777777777778,0.0208333333333333,0.0,182,0.6319444444444444,590.2952959958446,1617.1214145,4.697096373059914,0.2638888888888889,0.0,0.0,76,0.2638888888888889,40.67644873589545,115.56615750000002,1.926124919328093,9,0,0.5532621572354679,0.6482495261820209,4.219704390103781,4,0,0.7960308013859286,0.4466696763685442,4.765217393905311,0,,1.0510448684997324,12.677003909815028,0.8762161209409127,3.540867985951481,-0.0167357090451199,0.03125,0.0451388888888888,0.4437224646245968,-0.0093758340590091,train,train,train,train,0,,,,,,,,,False,True,0.5375707763442499,0.4210608424336973,0.0,0.7354949052746634,0.5561695381546805,0.4416536661466459,0.6625784929356358,0.5476437090934783,none
31102,s31102.csv,841,0.522,8.972,8.45,0.958382877526754,0.0,0.0,806,0.958382877526754,275.3046857462019,916.0831525,0.5378979410125354,0.8299643281807372,0.0,0.5933412604042806,199,0.2366230677764565,21.102058146237347,71.96875499999999,0.5528026602255833,9,0,0.9282613169180638,0.2489665554480622,5.112209272180911,4,0,0.9043301772345728,0.288889690687565,2.819919741083286,12,0.1400000000000001,0.5978754095854946,3.700307473894878,0.6550531994170032,84.4479190792888,-0.0162020863149361,0.0975029726516052,0.1070154577883472,0.2471170036705971,0.055023314241282,val,train,test,train,1,-0.098151844511381,0.2642230874797764,-1.5859314949957684,-0.3747865240213508,-0.1798035033384117,0.2429326865334755,-0.8999864753276425,-0.0092585771515374,True,False,0.3713528371330918,0.8767550702028082,1.0,0.6585318749765847,0.6343973300605403,0.828393135725429,0.039131998953427526,0.547412686519601,none
32020,s32020.csv,546,3.502,8.982,5.48,1.0,0.0,0.0,546,1.0,157.46143681113938,564.2288675000001,2.9792108981486347,1.0,0.0,0.7252747252747253,150,0.2747252747252747,10.02794817563769,27.73798799999998,0.4622044603331909,9,0,0.516019627418489,0.691011265240017,5.673660227108236,4,0,0.6856225024485836,0.5683221446972329,5.213097078738512,7,0.6399999999999999,0.578061092892147,2.8275510665059165,0.8711027297772286,11.574488023631211,0.0363109948531664,0.0274725274725274,0.0274725274725274,0.4773235541306924,-0.0130882247746754,val,val,train,train,0,,,,,,,,,True,True,0.3508361090650196,0.7128315132605304,0.0,0.6812562929954671,0.5766605557125826,0.7015600624024961,0.39431253270538985,0.5472101815356328,none
31806,s31806.csv,327,1.002,4.292,3.29,0.746177370030581,0.0091743119266055,0.0,241,0.7370030581039755,563.5566928947866,1629.54473,0.8252852218372362,0.0519877675840978,0.0,0.0,17,0.0519877675840978,58.89927534372443,152.628076,6.540141677359404,9,0,0.9153835641259782,0.2913010099582983,2.6012536133695674,4,0,0.9782497775434532,0.1487681548750853,7.1260567302199895,13,0.0650000000000001,0.6149319749862349,7.016853005690652,0.7571230231821293,17.22176426222027,0.0064924956001042,0.2354740061162079,0.2354740061162079,0.7873664057163011,0.0867999494750435,train,train,test,val,1,-0.0525552814828677,0.2591351511291492,,,-0.0238104651907278,0.3237822380196992,,,False,True,0.6939560288508824,0.4418876755070202,1.0,0.6336125867925436,0.587629072563029,0.4165366614664586,0.509402799581371,0.5462537811979354,none
31095,s31095.csv,396,3.012,6.972,3.96,0.98989898989899,0.0025252525252525,0.0,391,0.9873737373737372,220.64980640140183,642.227095,1.2656970951900164,0.4090909090909091,0.0,0.0025252525252525,161,0.4065656565656566,24.243151484084088,40.64984,3.2809073648022045,9,0,0.8380493914433501,0.3823005060958274,3.3336285039535976,4,0,0.7315772620465052,0.516093862861674,3.789494978562996,2,,0.7918669665146788,10.219640072085642,0.2577079828849427,250.23353490337823,-0.0083580386419022,0.0555555555555555,0.0555555555555555,0.4113807241273562,-0.0157604376653829,train,train,test,train,1,-0.4207643502139184,-0.38009924029985,0.1090550405043332,0.3376727766398837,-0.4055362050133357,-0.2776523066036247,0.0446667364138985,0.300959760658516,True,False,0.4137214735645179,0.6079953198127925,0.0,0.5719362053847475,0.5291817392974829,0.6371294851794072,0.5335230245944531,0.5447871206379983,none
31499,s31499.csv,497,4.002,8.992,4.990000000000001,0.8470824949698189,0.0,0.0,421,0.8470824949698189,140.59440550647855,444.40605,0.9722535661417988,0.7404426559356136,0.0,0.4607645875251509,139,0.2796780684104628,90.81155777901157,166.49985399999994,20.72153337530496,9,0,0.9300594427823952,0.2627687847346875,2.680724546942958,4,0,0.8819611595090606,0.3427136064300939,4.068372422142582,1,,0.4656738093208258,1.11022783797802,0.5908299819402162,119.711327211807,-0.0277291913079636,0.1187122736418511,0.1448692152917505,0.8325057209414896,0.2370281353113015,train,test,test,train,2,-0.0911231260603009,0.1842968005924227,0.3974690282251625,0.5104913668934878,-0.8986800508587018,-0.3442285863785407,0.365336740639774,0.4890400468840696,False,False,0.4771313973623767,0.6401326053042122,0.0,0.4509368170755609,0.5263234460559744,0.6213728549141966,0.5694498953427525,0.5447465680371386,none
32291,s32291.csv,447,3.512,7.992,4.48,1.0,0.0044742729306487,0.0,445,0.9955257270693512,244.8729340924477,254.7642659999996,6.382581396477774,0.9217002237136466,0.0,0.7785234899328859,64,0.1431767337807606,167.88147420943426,571.9938829999999,69.21796560317783,9,0,0.2758026241468505,0.8442116063342684,3.7715712773464927,4,0,0.0803969466759009,0.954375896017902,3.2571300276682558,9,0.3150000000000004,0.914135157299648,0.911327921174366,0.9583794028165828,0.0195804457302595,0.0278002632939521,0.0,0.0022371364653243,0.3774927267991046,0.0796164257020883,val,val,train,val,0,,,,,,,,,False,True,0.3035591354819169,0.5893915756630265,1.0,0.5854160131458422,0.4881575528444828,0.560374414976599,0.9439102564102564,0.5446164470686294,none
31549,s31549.csv,316,1.002,4.182,3.1800000000000006,0.6930379746835443,0.0158227848101265,0.0,214,0.6772151898734177,550.1036054084287,1438.8355335,0.8382689996881781,0.759493670886076,0.0,0.5443037974683544,68,0.2151898734177215,17.30428432310312,53.32180149999999,2.5705529352855896,9,0,0.6699755902679416,0.5613130444647432,2.5878313938618933,4,0,0.9094219629444692,0.309126886513962,2.846646297481072,16,0.0900000000000003,0.4707160899200673,17.786965174667287,0.7482017127507052,13.872709782423042,-0.156820275329264,0.110759493670886,0.110759493670886,0.8297980089971996,0.3293479417502922,test,train,val,val,1,-0.5153936541728035,0.0194603273926463,-0.2823044803281208,0.083511926809088,-0.5252020699913142,0.0402008338706518,-0.547645975082462,-0.0417251703836074,False,True,0.7722438110815139,0.4614274570982839,1.0,0.4686649910394408,0.5723844411747614,0.45413416536661466,0.40561224489795916,0.5444683948617101,none
32328,s32328.csv,298,7.512,10.492,2.9800000000000013,1.0,0.0,0.0,298,1.0,207.14698354471363,551.2086429999999,2.293052279738645,0.4530201342281879,0.0,0.3355704697986577,35,0.1174496644295302,256.8372208718845,731.316699,24.233168210270584,9,0,0.4470727872501441,0.7380511426469841,3.4025474916979914,4,0,0.2935844295767185,0.8428805630622808,3.3055184464761345,3,0.2000000000000001,0.9876732757657202,4.235787964405104,0.5498888992997651,38.913271413532,0.0343441795670564,0.174496644295302,0.174496644295302,0.6405498820250587,0.033277261156728,val,train,train,train,0,,,,,,,,,False,False,0.5090766180152964,0.4870124804992199,0.0,0.5223003838198619,0.5053212996260392,0.4831513260530421,0.8003663003663004,0.5443835184537301,none
31450,s31450.csv,228,1.002,3.292,2.29,0.8859649122807017,0.0,0.0,202,0.8859649122807017,588.5381440310343,1695.0381785,0.570405267003079,0.8070175438596491,0.0,0.5657894736842105,55,0.2412280701754386,280.46277685084056,1031.389197,3.8687269520461656,9,0,0.972473602908432,0.1603388046317625,2.5410198231807057,4,0,0.910506845330595,0.2994823454368653,6.305148198166033,7,0.1499999999999999,0.4343247788812283,12.412762895971504,0.8703998589708173,2.5693456994570205,-0.0560374819196465,0.1052631578947368,0.1096491228070175,0.8135436193658894,0.3011879227792822,val,val,test,train,1,0.3815830099540582,0.4654690703304375,-78.71486994414103,-30.188822501758786,0.2998710882458952,0.4196054229709193,-54.03447303816007,-21.40807322131285,False,True,0.7885453929232757,0.4058112324492979,0.0,0.4360343664909064,0.5488351288276727,0.43993759750390016,0.4414246467817896,0.5441575088694471,none
31160,s31160.csv,149,5.012,6.492,1.4800000000000004,0.4966442953020134,0.0402684563758389,0.0,68,0.4563758389261745,581.3962475160229,1888.8870805,25.21777313232159,0.8657718120805369,0.0,0.0067114093959731,128,0.8590604026845637,16.522527124757314,51.0101985,2.2347177109477045,9,0,-0.0857195317811173,1.069906825757465,7.071102376646679,4,0,-0.0454821357798888,1.0207694038328157,3.809323085796695,0,,0.7668372844827605,6.624022231062639,0.2629717318346115,89.58468469332502,-0.0214337059775947,0.2885906040268456,0.2885906040268456,0.9175295653046384,0.0718316140062369,test,val,train,train,1,0.3387469780265602,0.4316833109719802,-0.1579020688140469,0.1286267094899152,0.3205232218041616,0.4186182163672528,-0.2564353729823478,0.1104997518235597,False,False,0.6548274252113204,0.3234789391575662,0.0,0.4615336357459831,0.4808673182529053,0.4,0.7896879905808477,0.5441314715124208,none
32219,s32219.csv,288,6.312,9.192,2.88,0.7604166666666666,0.0,0.0,219,0.7604166666666666,512.6899573513219,1745.0555419999998,2.647309666315288,1.0,0.0,0.6597222222222222,98,0.3402777777777778,17.799485106412636,52.05849249999997,2.1537147247522115,9,0,0.11780207157025,0.9528676926403736,3.139519658740309,4,0,0.4795679029307285,0.7522436075487828,5.419690517079291,0,,0.804174445581445,9.217460926587147,0.8130504128346682,11.393802164446925,-0.0280174766593733,0.0833333333333333,0.0868055555555555,0.6091772827277254,0.002146565718186,train,train,train,test,1,0.3453435085956987,0.5275938533544766,-0.0089983332499238,0.2140897734570924,0.2796890309503729,0.484452088323976,-0.2569136862270338,0.0177000270502016,False,True,0.5769968632073179,0.4606864274570983,0.0,0.5160061588369608,0.5179909993836338,0.49251170046801873,0.6378041601255887,0.5431752869937853,none
31106,s31106.csv,310,0.502,3.612,3.1100000000000003,0.8741935483870967,0.0,0.0,271,0.8741935483870967,289.7395973175833,840.057055,0.7337433627985279,0.9548387096774194,0.0,0.0032258064516129,295,0.9516129032258064,25.504514264552824,82.092549,0.3356656132920028,9,0,0.9431903432835332,0.2294072338137388,4.6425063917731535,4,0,0.9172368412569414,0.2554016782519179,4.000171694270201,9,0.2499999999999997,0.7553021339449881,2.614083403385901,0.6291673158268368,59.17962459434482,-0.0199731744277982,0.1129032258064516,0.1193548387096774,0.7176650290833197,0.099089683722447,train,train,train,train,0,,,,,,,,,True,True,0.4636918189512626,0.6234789391575664,1.0,0.7999416022093895,0.6204922460009069,0.6897035881435258,0.04979395604395605,0.5424493146807909,none
31781,s31781.csv,233,0.532,2.932,2.4,0.9227467811158798,0.0,0.0,215,0.9227467811158798,274.84324716531904,836.109194,2.2781458164177786,0.8068669527896996,0.0,0.3991416309012875,95,0.407725321888412,38.792406545155664,122.406216,3.321610853679166,9,0,0.8757935638556972,0.3327721977763587,4.118275047746536,4,0,0.9767307769995244,0.1520438359076396,2.1177040328999466,14,0.0199999999999995,0.4589800416503053,3.250082152979338,0.5177931532267174,40.01994204354197,-0.0773104364179092,0.2660944206008583,0.2832618025751073,0.8860777038444643,0.2981065253665917,train,train,train,train,0,,,,,,,,,False,False,0.6162530569013842,0.4407176287051482,0.0,0.3741844561372767,0.4821950768034694,0.484399375975039,0.7078754578754579,0.540944654562341,none
31394,s31394.csv,202,1.002,3.082,2.08,0.8861386138613861,0.0,0.0,179,0.8861386138613861,741.2696917420144,2177.187527,0.5123412087150362,0.9455445544554456,0.0,0.5396039603960396,82,0.4059405940594059,18.609645365365456,54.892240000000015,2.6581699077190835,9,0,0.9587934758781562,0.2020484577370282,5.333659209988532,4,0,0.9124038304949508,0.2922929474699519,3.366247489386512,10,0.0999999999999998,0.7569958814260607,5.070094223977423,0.654587161135971,16.066772864314064,0.0504255566828042,0.2425742574257425,0.2475247524752475,0.7841736572507982,0.133217682115048,train,val,train,test,1,-1.5380412766351257,-0.131605722445562,-0.3162314104651204,0.227356704013833,-11.363785029270682,-5.291560912143693,-0.7980242507593194,-0.0596479534090721,False,True,0.6436366682964713,0.4003510140405616,1.0,0.7486109239480381,0.5899789660023729,0.4492979719188767,0.36293171114599687,0.5395415845205973,none
32454,s32454.csv,149,5.012,6.492,1.4800000000000004,0.953020134228188,0.0067114093959731,0.0,141,0.9463087248322148,412.8015770302149,1347.75346,1.9222165848156467,1.0,0.0,0.0,149,1.0,5.254455654857023,14.783677999999997,1.0764569573188756,9,0,0.0238695653259015,0.9977064942106164,6.716259273509593,4,0,0.6676995431898162,0.5594170718048725,4.1691349118372125,2,,0.8073993099443179,12.20602338883882,0.4815903680393208,23.34316525303123,0.2588712695411643,0.2214765100671141,0.2214765100671141,0.948007670106214,-0.0109546514036169,train,test,test,train,2,-0.3966182473325457,0.027591913985396,-1.8311531203650708,-0.580704896708686,-0.4286314375904365,0.0434001991917331,-1.1604082263209143,-0.2802405903255189,False,False,0.6878516184101511,0.3847503900156006,0.0,0.6159228904473059,0.5601875700832049,0.4773790951638065,0.3310930141287284,0.5393595092749731,none
31384,s31384.csv,396,2.212,6.192,3.98,0.9974747474747476,0.0,0.0,395,0.9974747474747476,174.76684647491317,571.0590849999998,2.298828864234604,1.0,0.0,0.4545454545454545,216,0.5454545454545454,10.7911567162959,33.441207500000004,1.8040980816980368,9,0,0.6176156661563074,0.603957486016736,3.1652361700402856,4,0,0.4093682201822944,0.7658286246950592,2.698879465568716,4,1.0,0.445691538714795,5.596285836213086,0.8836193584812515,5.663209338692292,0.0301206060392167,0.0303030303030303,0.0303030303030303,0.1859278979497149,0.0995939282835891,train,train,train,train,0,,,,,,,,,True,True,0.4554419278523008,0.6431357254290171,0.0,0.3383266344293077,0.4860001689772535,0.6840873634945397,0.5167288069073783,0.538525839954009,none
31262,s31262.csv,675,3.512,10.292,6.779999999999999,1.0,0.0,0.0,675,1.0,83.6301745368013,287.5224809999999,1.2939348848780072,0.7777777777777778,0.0,0.56,147,0.2177777777777777,5.155743551392488,8.241446000000003,1.8338819809474305,9,0,0.6946333820647301,0.5266393375982338,3.0352602069342165,4,0,0.7298732459024664,0.5200950498549273,2.5786394354052127,6,1.4999999999999991,0.9856801415431092,3.403457388391647,0.6286322550489203,98.56322095782538,-0.0116739468029402,0.1244444444444444,0.1244444444444444,0.2436977325305661,0.1033012239598591,train,train,val,train,0,,,,,,,,,True,False,0.3974363770166244,0.7863494539781591,0.0,0.4662131357952923,0.5541889815867619,0.7366614664586584,0.35068354264782836,0.5364300014549187,none
31908,s31908.csv,696,3.512,10.492,6.98,0.7212643678160919,0.0229885057471264,0.0,486,0.6982758620689655,306.04693086869804,760.7847625,3.2002543921277664,1.0,0.0,0.9985632183908046,1,0.0014367816091954,,,,9,0,0.6167141667850522,0.6035294067340066,3.5525495443569635,4,0,0.8573535325268328,0.3495204201042336,6.235252230478757,15,0.1100000000000003,0.5177063167092127,9.2494763000999,0.8868118245938891,8.913578005111066,-0.1149066593089001,0.0977011494252873,0.1077586206896551,0.6569182123107575,0.0752228945061928,val,train,train,val,0,,,,,,,,,False,True,0.669632014328301,0.5643525741029641,1.0,0.7178257905491062,0.6472423431156746,0.42121684867394693,0.3958333333333333,0.5364252123504349,none
31643,s31643.csv,695,3.512,10.492,6.98,1.0,0.0,0.0,695,1.0,69.4498794193981,226.93684799999997,1.6271252901981932,1.0,0.0,0.943884892086331,39,0.056115107913669,18.88779194559126,37.76701200000006,12.426839259027938,9,0,0.7319746294833727,0.4974008086265404,2.9894425991890867,4,0,0.8150148590320065,0.4128588565818841,35.073519492782246,5,1.4999999999999998,0.1487940072989672,3.0440801819091567,0.9456373368205352,2.149259394217857,0.0114348589772611,0.0071942446043165,0.0071942446043165,0.1802174071230989,0.0575546696690564,val,train,train,test,1,-0.2727255431539532,-0.1265858461328526,0.1799565156453735,0.3532706169973795,-0.3326060329026998,-0.0678409204292609,-0.1675894747868795,0.0552156778981318,False,True,0.3468063306259781,0.7262870514820593,0.0,0.5011215188971219,0.5259191394069497,0.638377535101404,0.6748103087388801,0.5357826873737555,none
32118,s32118.csv,396,2.212,6.192,3.98,0.9949494949494948,0.0,0.0,394,0.9949494949494948,265.2730156555495,862.2285889999997,2.0506409538776915,0.9090909090909092,0.0,0.4494949494949495,182,0.4595959595959596,24.360965672953217,38.395895,1.957162216127224,9,0,0.6462575882551445,0.5905928557451201,3.0980290671872086,4,0,0.6622509486061353,0.5790336698841768,2.8631607984528493,5,0.9999999999999998,0.3810393866902744,6.652491945347098,0.6706968161714881,30.2004374715344,0.0195962791783671,0.0732323232323232,0.0732323232323232,0.5010569857372313,0.0923439084978022,train,test,train,val,1,0.2029565656347238,0.3934931866435264,0.3906568124783034,0.5868075265761662,0.1394356549774917,0.3329661529739696,0.387183917068214,0.587680000778317,True,True,0.4975810196241731,0.6181747269890796,0.0,0.3347911050164334,0.4909518428195684,0.6474258970358815,0.5032378335949765,0.533949005493316,none
32296,s32296.csv,447,3.512,7.992,4.48,1.0,0.0067114093959731,0.0,444,0.9932885906040269,249.21783601094384,343.093485499999,5.6652016167773045,0.8008948545861297,0.0,0.6241610738255033,79,0.1767337807606264,192.24069074679653,609.887869,9.441894258338571,9,0,0.1768340162392871,0.8980849672106486,3.6846338747782985,4,0,0.143216557064415,0.920635678667446,3.567775079814746,5,1.2300000000000002,0.7306828420237796,0.6768728489040601,0.9422461444883684,0.8350635850178048,-0.0048944915806119,0.0111856823266219,0.0156599552572706,0.6219158352984616,0.0033982052309154,train,train,test,test,2,0.2069528244953599,0.4019692309348053,-0.1674664751195082,-0.0111443381345421,0.2270052377222323,0.4238076481464865,-0.2571387279306425,-0.0980430628816332,False,True,0.340153999351505,0.6025351014040562,0.0,0.4203194403408523,0.4560370173667021,0.5809672386895477,0.9038625065410779,0.5330603873135601,none
32004,s32004.csv,80,3.502,4.292,0.79,0.95,0.0,0.0,76,0.95,99.422098451634,159.65965500000004,1.5600432601521552,1.0,0.0,0.0,80,1.0,7.116687614792114,11.826530499999995,3.54768645834095,9,0,0.0537795128028434,0.9026866045757608,3.3935093290280114,4,0,0.8834181282791758,0.3259492301942289,4.306718766314486,3,0.395,0.467988129785386,15.181684463473747,0.3866680284487098,31.46188889439746,0.1060215090845807,0.1625,0.1875,0.9077900671994312,0.6211191041751635,train,train,train,train,0,,,,,,,,,False,False,0.7652788430233585,0.2695787831513261,0.0,0.44247238285183,0.4949418840166886,0.3653666146645866,0.6026949241234956,0.5325053948191409,none
31978,s31978.csv,288,6.312,9.192,2.88,0.7881944444444444,0.0034722222222222,0.0,226,0.7847222222222222,300.0725939892301,944.4482025,3.059737038989965,0.9965277777777778,0.0,0.7604166666666666,68,0.2361111111111111,10.000481631482382,25.412383,3.499140867189245,9,0,0.2415734588005048,0.8454477621199555,4.371090170620044,4,0,0.4866877990211697,0.7205960806896441,3.6223306711427634,3,0.7549999999999999,0.5224963715529747,5.104704827374098,0.8284608567411597,11.125624432740665,-0.0087386011640724,0.0138888888888888,0.0173611111111111,0.4530842702480728,0.4609813174525444,train,val,test,train,1,0.3812322652686617,0.4892821691219304,-0.2106353838453294,-0.06515391757714,0.2274252741885105,0.3582530808703542,-0.303306954893684,-0.0420156452327342,False,True,0.5046318728421991,0.4386115444617784,0.0,0.5190882532335481,0.4858616720264566,0.45881435257410297,0.7948554421768708,0.5320068571938638,none
32377,s32377.csv,288,6.312,9.192,2.88,0.5868055555555556,0.0,0.0,169,0.5868055555555556,241.1335307867386,635.5128139999998,2.3467647628172936,0.9826388888888888,0.0,0.2465277777777778,212,0.7361111111111112,87.01443257885212,94.111542,2.0296194315128147,9,0,0.2306769293901554,0.8633549107168503,3.9054951343085342,4,0,0.3859283393828304,0.7641796820580267,3.2441309429362235,2,,0.855241780639826,3.8547240323530474,0.8013181179448305,10.01997684416542,0.0502891732388638,0.0520833333333333,0.0625,0.5606205787013236,0.0927672200089559,test,train,train,train,1,0.3444759496420015,0.4667985838705606,0.1391737818241907,0.6472045508330859,0.3396336040108902,0.4699559582546847,0.2867837394661492,0.651529434475588,False,True,0.4640466644829627,0.5028861154446178,0.0,0.5269721669538586,0.4965181230608108,0.5669266770670827,0.5797357404500261,0.5319908562823046,none
30842,s30842.csv,447,3.502,7.982,4.48,1.0,0.0,0.0,447,1.0,119.01987203872244,374.1995330000001,2.0461495229595537,0.988814317673378,0.0,0.2304250559284116,339,0.7583892617449665,38.11595232533864,112.49891499999998,0.6627495775656115,9,0,0.5016313744403087,0.6897887456774625,3.6605812466939462,4,0,0.4984915788306401,0.7151431329666837,3.0391281556109355,7,0.5650000000000002,0.536257989540964,3.426254708781266,0.6914646870522814,35.38749201840656,0.015471508886782,0.0782997762863534,0.0827740492170022,0.3266076593589713,0.0019539924301695,test,test,train,train,2,0.34694847767095,0.479576407638202,-0.1361876170874992,0.1843780213415494,-0.3732880982672613,-0.0900829752281336,-0.6403221815314488,-0.2058057145946488,True,True,0.3404104091935837,0.7455538221528861,0.0,0.4467294505211878,0.5141063161276208,0.7918876755070202,0.3021814495028781,0.5312148279644932,none
31900,s31900.csv,641,0.522,6.992,6.47,1.0,0.0,0.0,641,1.0,243.011660281666,805.37234,1.8423496615178063,0.6193447737909517,0.0,0.4648985959438377,99,0.1544461778471139,20.450784980718478,76.08623899999999,0.8145738077399984,9,0,0.7138808626981765,0.5167641848734945,4.358820668080062,4,0,0.6285609586662267,0.5296880890311958,2.6814410976190475,6,1.0899999999999994,0.5349558057876266,3.193311547417478,0.7218585951897196,38.46241924577501,-0.0055732997983275,0.0920436817472698,0.0998439937597504,0.5240680625565086,0.2861379561638998,val,train,train,train,0,,,,,,,,,True,True,0.476312626918674,0.7356864274570983,0.0,0.4694151025563046,0.5650241997984117,0.6829953198127925,0.2887885923600209,0.529822470238168,none
31792,s31792.csv,149,5.012,6.492,1.4800000000000004,0.7718120805369127,0.0134228187919463,0.0,113,0.7583892617449665,392.9518433038106,380.998126,0.6704377342966775,0.9664429530201344,0.0,0.0067114093959731,143,0.959731543624161,26.238959970714507,91.815188,1.9096991719848917,9,0,0.5888363039237944,0.6327676946463371,3.7739395755213696,4,0,0.7030122404194359,0.548205165562472,3.120650328402908,0,,0.7521935367394847,21.66412366998693,0.8369520415778056,2.6195155220798125,0.1786778713628261,0.3959731543624161,0.4026845637583892,0.9694929233206018,-0.4160910029463774,train,train,test,val,1,-0.0882517335243887,-0.280828289403408,-0.2779035714172235,0.1493479426493046,0.0965406621165425,-0.0277715340471631,-0.4434127825556933,0.0265006214102868,False,True,0.7824292697998985,0.3558112324492979,0.0,0.5373509359431341,0.5595894565701589,0.43962558502340093,0.25636119832548404,0.5296358350896226,none
32108,s32108.csv,139,4.002,5.412,1.41,0.8705035971223022,0.1151079136690647,0.0,105,0.7553956834532374,614.6560231149265,1997.1111999999991,9.908004755894478,1.0,0.0,0.0071942446043165,138,0.9928057553956836,23.441848282306356,80.053413,2.037267329944517,9,0,0.5516942450594831,0.6395201846968946,3.263732602730582,4,0,0.8916678757912877,0.3113827965327211,3.0784625125635743,4,0.1900000000000004,0.7914431431809591,5.769405294330138,0.7538385503428708,6.095179169852437,0.0625439574133505,0.0935251798561151,0.0935251798561151,0.8654221625300501,-0.0031228629589771,val,train,train,train,0,,,,,,,,,False,True,0.5839741856401819,0.3298751950078002,0.0,0.4856119644655521,0.4655308725664593,0.4263650546021841,0.7366071428571428,0.5290711436313325,none
32174,s32174.csv,396,2.212,6.192,3.98,0.9949494949494948,0.0,0.0,394,0.9949494949494948,252.66266587979425,758.8491814999994,2.2125866968242467,0.8737373737373737,0.0,0.6742424242424242,79,0.1994949494949495,8.386974161226473,22.19101400000001,2.5625442030581214,9,0,0.3342569161908534,0.8103003987341084,3.742959178091736,4,0,0.7295768471071129,0.5229266670389687,3.653829602786997,4,1.0,0.762912385073012,8.364633116410394,0.5555100644552039,123.59615294828734,-0.0049813676007302,0.0732323232323232,0.0782828282828282,0.2469224317179035,0.0448478811108421,train,test,test,train,2,0.2499565913871653,0.3882555817659747,0.1423228744568483,0.2599841007062711,0.1104430747808291,0.3106888325713191,-0.2206951584720243,0.015010803188113,True,False,0.4260653169740791,0.5539001560062402,0.0,0.5698904269129437,0.5139550436169948,0.5510140405616225,0.6338304552590267,0.5287833436426683,none
31689,s31689.csv,596,2.512,8.492,5.98,0.988255033557047,0.0,0.0,589,0.988255033557047,259.6687264036965,805.84788,1.8025871333173764,0.1996644295302013,0.0,0.0033557046979865,117,0.1963087248322147,119.45214518650774,145.58806599999997,1.6931777244721335,9,0,0.7813383235704328,0.4389814306043132,3.08224328845186,4,0,0.3340510529115279,0.8098831119871073,3.957336164075703,11,0.0650000000000003,0.4322363869947615,8.834285428559046,0.4652148815647452,207.0559562824801,-0.0422568352841619,0.0604026845637583,0.0704697986577181,0.2989382814488962,-0.0712270178022754,train,test,train,test,2,-0.2088415075799248,0.2502173221016752,0.1499030723462823,0.017564374086253,-0.0838526661087393,0.3240347046060068,0.1378063185886643,0.0052257079741285,True,False,0.3717340488713014,0.7166926677067083,1.0,0.5689937289303253,0.551647469481401,0.6756630265210608,0.4078525641025641,0.5283123692247482,none
32487,s32487.csv,149,5.012,6.492,1.4800000000000004,1.0,0.0,0.0,149,1.0,232.13130184763105,346.96131799999955,10.273261488658006,1.0,0.0,0.0,149,1.0,3.900183639548728,10.762718,1.7773800415811398,9,0,0.1794358094234456,0.8916099226536098,2.6380663994033364,4,0,0.2364285965426058,0.8814942139812116,3.6336316081358544,1,,0.8248916824311939,5.2560536270113225,0.4774743585043601,29.36123587451726,-0.1369696231770478,0.2684563758389262,0.2885906040268456,0.7944063805822166,-0.0241925186577736,val,val,train,val,0,,,,,,,,,False,False,0.5664024138037912,0.4022230889235569,0.0,0.3903157219163291,0.4561136425294705,0.4973478939157566,0.6683836996336996,0.5276647949399443,none
30907,s30907.csv,297,2.912,5.892,2.9800000000000004,0.8316498316498316,0.0,0.0,247,0.8316498316498316,441.3108804275863,1633.868926,2.360730200121039,1.0,0.0,0.0437710437710437,284,0.9562289562289562,22.305707135123686,66.52907400000001,0.8435761005513915,9,0,0.967995023463663,0.1701925695863596,3.608685330231333,4,0,0.6261583293306097,0.610810929037976,4.905673648302109,5,0.01,0.3920741380375394,5.182656084796511,0.4772915654469675,71.2066360790772,-0.0083510532975493,0.0639730639730639,0.0639730639730639,0.7564908275133974,-0.0585787046159795,train,train,train,train,0,,,,,,,,,False,False,0.4357458482269086,0.5931747269890796,0.0,0.4983215736393351,0.5096186734173964,0.6620904836193449,0.38235871271585553,0.5276619908690892,none
32304,s32304.csv,591,2.012,7.992,5.98,0.9983079526226736,0.0033840947546531,0.0,588,0.9949238578680204,178.6631990283498,214.34961400000003,1.625016850818654,0.4263959390862944,0.0,0.3536379018612521,43,0.0727580372250423,13.362096915885228,41.655243,1.800566892934046,9,0,0.0162141694528231,0.9896117024108856,6.109363630499131,4,0,0.6679982277824026,0.5881224003087052,5.913934979090777,5,1.4999999999999998,0.2750381052878416,1.128327502697654,0.8490735861860164,11.637848679411672,-0.0162370487587181,0.1928934010152284,0.1928934010152284,0.5815559256284841,0.121315698431337,test,train,train,train,1,0.2891579423145667,0.4909187685982539,0.375192467687236,0.3256241287889415,0.1387705788609807,0.3798796084440887,0.1097775640429163,0.0809925051756607,False,True,0.4970821523951553,0.6640405616224648,0.0,0.5129663204551478,0.5602828460427114,0.5968798751950077,0.40487637362637363,0.5255529999087778,none
31866,s31866.csv,594,6.012,11.992,5.980000000000001,0.9949494949494948,0.0,0.0,591,0.9949494949494948,129.40766864134204,339.62403499999994,2.664737687326012,1.0,0.0,0.9191919191919192,48,0.0808080808080808,3.1768716235477763,10.809753,3.000447772998124,9,0,0.6549453261597802,0.5975686526731562,3.832602313976109,4,0,0.5718540003097724,0.6521058511945856,4.081128322584527,20,0.0100000000000006,0.4284621270084153,2.656423882940641,0.8142587352238891,20.58075544980377,-0.0213916673613483,0.0303030303030303,0.0303030303030303,0.4067933442962824,-0.0477673314425162,test,train,train,train,1,-0.2807969795053655,0.1740290308919256,0.0618616966493795,0.0529133038941245,-0.2144703034304549,0.2404813334769835,-1.5175697753385258,-1.2936966117710176,False,True,0.2912165665499813,0.677808112324493,0.0,0.5425417462852817,0.5019211614916506,0.6082683307332294,0.7451268969126112,0.5238225987379701,none
31443,s31443.csv,179,1.002,2.792,1.7899999999999998,0.6815642458100558,0.0055865921787709,0.0,121,0.6759776536312849,492.1257718422133,1414.39011,1.5524445876029882,0.9441340782122905,0.0,0.0055865921787709,168,0.9385474860335196,28.25094382084688,86.68885750000003,0.536017430838614,9,0,0.9868831155272498,0.1159702702560374,2.103042001597188,4,0,0.9197749419358549,0.2785455590204142,4.004654338323556,8,0.04,0.493205542451205,9.987840558436256,0.6653659932687727,15.156639950940669,-0.0770742662838963,0.1787709497206704,0.1787709497206704,0.8144292289245736,0.2689732513732177,train,val,train,train,0,,,,,,,,,False,True,0.7376343963163805,0.3994929797191888,1.0,0.5140250094200396,0.5522020844384612,0.48330733229329176,0.21126046572475143,0.5234060730839496,none
31345,s31345.csv,239,6.102,8.492,2.390000000000001,0.7112970711297071,0.0125523012552301,0.0,167,0.698744769874477,257.7444590928615,545.2921469999999,2.23657209953824,1.0,0.0,0.00418410041841,238,0.99581589958159,8.11456023588587,24.249824999999998,2.1439117043514537,9,0,0.8529719058596347,0.3402192234679597,5.287662117771733,4,0,0.9304007407589135,0.2504878680075826,3.595606409992417,4,1.0,0.5094239539148645,5.878883344996583,0.6908037567407002,38.51737153522964,-0.0487640083541621,0.0627615062761506,0.0627615062761506,0.4201605441525776,-0.1158954829051472,train,train,val,train,0,,,,,,,,,False,True,0.3833646733955353,0.4977379095163807,0.0,0.5859763344896828,0.4841788043660755,0.5822152886115445,0.581567242281528,0.52302705397896,none
31924,s31924.csv,447,3.512,7.992,4.48,1.0,0.0,0.0,447,1.0,65.86409164903554,149.31949999999995,2.6640549719006144,0.3288590604026846,0.0,0.0,147,0.3288590604026846,7.984878118441195,8.305949999999992,2.471163978444666,9,0,0.2951589902876845,0.8511932094133945,3.321436414885664,4,0,0.4182740939632752,0.7623451407203505,3.2911842735205497,4,1.4799999999999995,0.6604612392331184,1.5596538054731512,0.942375727021028,0.9593807475662236,-0.0148251368681609,0.0089485458612975,0.0156599552572706,0.296330338784154,0.0644729386233384,train,val,train,train,0,,,,,,,,,True,True,0.3154462873291952,0.653198127925117,0.0,0.4294733763926577,0.4678675582568066,0.6533541341653666,0.6805501046572475,0.522479062022391,none
32286,s32286.csv,298,3.512,6.492,2.98,1.0,0.0,0.0,298,1.0,216.48567826516748,234.58051699999996,11.420208457349691,1.0,0.0,0.0134228187919463,294,0.9865771812080536,21.67130198368116,62.94242349999999,0.9932146332271315,9,0,0.2992573080006175,0.8321755623282872,5.50681883610162,4,0,0.0488895608017652,0.9453434407528282,3.357502031778813,3,0.7550000000000001,0.8674701482964593,1.1013199826085571,0.9014814162223488,2.614006499427469,-0.0333585833533869,0.0167785234899328,0.0335570469798657,0.3676018546416001,-0.1689850022430749,train,train,test,test,2,0.3930844445965743,0.4771669937341631,0.0742872187334052,0.3161661343647272,0.3676749413294912,0.4551107026934951,-0.1648272909056717,0.0102153125056296,False,True,0.2414289477493692,0.6317082683307332,0.0,0.5274952338448834,0.4638465957815009,0.7148205928237129,0.5625490580847724,0.5218635652437443,none
32221,s32221.csv,288,6.312,9.192,2.88,0.7013888888888888,0.0034722222222222,0.0,201,0.6979166666666666,500.44805100515896,1717.03278,2.383454362879636,0.9791666666666666,0.0,0.4340277777777778,157,0.5451388888888888,5.666029742640614,17.08557399999998,1.747475743558652,9,0,0.3507562209950177,0.7718187113467693,3.5304736457942454,4,0,0.0940225051747777,0.9546901255343828,2.9324257136181835,3,0.7549999999999999,0.6260494006890844,7.892623634821101,0.7931915970209928,12.294712352937836,0.0299759466330718,0.0798611111111111,0.1041666666666666,0.5244433928792274,0.1522132695536895,test,train,train,test,2,0.2561508898120533,0.3247277472340006,-0.2581297021274216,-0.1146261387578605,0.3138200857667361,0.380934438415551,-0.4055690719792165,-0.006334274632755,False,True,0.5762848543335268,0.4967628705148206,0.0,0.3417190588422736,0.4780824213496036,0.5494539781591264,0.517595499738357,0.5215642313508032,none
31636,s31636.csv,596,3.512,9.492,5.98,1.0,0.0,0.0,596,1.0,156.0325827957805,544.1102850000001,1.0531591109490803,0.87248322147651,0.0,0.8523489932885906,12,0.0201342281879194,207.3708469773087,414.757033,1.6472981161304043,9,0,0.6569641747719827,0.584508952050185,4.494259444755852,4,0,0.644236881428224,0.5985631390208271,3.8123771771022334,8,0.3399999999999998,0.993725484467105,2.855397638113728,0.9093639740954812,5.8233083888718165,0.0121310469939402,0.0520134228187919,0.0654362416107382,0.4970395470101038,0.0351171432330428,train,val,train,train,0,,,,,,,,,False,True,0.4145304589464758,0.6525741029641186,1.0,0.8369456147799536,0.6245702811026941,0.5759750390015601,0.2743982208267922,0.5214507286255786,none
31060,s31060.csv,198,4.002,5.982,1.9800000000000004,1.0,0.0,0.0,198,1.0,97.98690837435134,291.3275634999999,1.8438652323012352,1.0,0.0,0.0,198,1.0,6.696156919188988,8.437683000000007,1.8945273453561289,9,0,0.472233850389523,0.707332925194554,3.3319973529401854,4,0,0.1311082591559495,0.9301137257903804,5.054170151137306,2,,0.5038476639183379,6.652709333754313,0.4071480529138586,67.6043323217319,-0.0282716786008073,0.1161616161616161,0.1161616161616161,0.733614098545017,-0.046709720162757,train,train,train,train,0,,,,,,,,,False,False,0.5070006610658189,0.485569422776911,0.0,0.4538179499484173,0.4835449143294806,0.5811232449297972,0.45285518053375196,0.5205504658639899,none
31885,s31885.csv,296,4.012,6.992,2.9800000000000004,0.9966216216216216,0.0,0.0,295,0.9966216216216216,248.28436329765503,827.19286,1.5860754257862204,1.0,0.0,0.206081081081081,235,0.793918918918919,27.489708141551663,94.34704599999996,1.2685035253753845,9,0,0.3739563232308015,0.7804059189596239,4.127991627078665,4,0,0.8100599143247629,0.3877511921030797,6.515095873664126,5,0.6700000000000004,0.2415943667010887,2.740435352587133,0.905672138459308,1.833142418150164,0.0501476150512579,0.0168918918918918,0.0202702702702702,0.4755133783382645,0.1035213835984406,train,train,train,train,0,,,,,,,,,True,True,0.4039460446228504,0.6008190327613104,0.0,0.5634609886769812,0.5207060736875506,0.6638065522620905,0.32018576661433806,0.5192534475853892,none
31793,s31793.csv,298,3.512,6.492,2.98,0.9966442953020134,0.0,0.0,297,0.9966442953020134,68.79118145128119,155.33940599999994,2.377444995428272,1.0,0.0,0.5033557046979866,148,0.4966442953020134,6.71645019482415,22.22959800000001,2.043477253410793,9,0,0.3642787359193778,0.7799373647012395,3.0785788987378773,4,0,0.0985102608809823,0.9404042394371755,4.001386027058582,2,,0.3430295195001075,2.567254618252263,0.7808264628659058,10.294642857388208,-0.0058711531120645,0.1711409395973154,0.174496644295302,0.7581982492884509,-0.0567631239484142,train,train,train,train,0,,,,,,,,,False,True,0.475438820247489,0.5489859594383776,0.0,0.3377674395685763,0.4598789047606262,0.5921996879875195,0.5912480376766092,0.5188638428560324,none
32028,s32028.csv,396,2.212,6.192,3.98,1.0,0.0,0.0,396,1.0,162.76780008786525,513.0659474999999,2.4539495000165297,0.7070707070707071,0.0,0.6767676767676768,12,0.0303030303030303,385.5244599641325,947.987995,22.967205536155166,9,0,0.6813921711827055,0.5629065601792086,4.200583623510096,4,0,-0.0687868857228342,1.031256136837898,3.4946257085334542,13,0.0250000000000001,0.8223758005572246,5.211635275904722,0.749362507415119,23.765696353426108,0.0254558854810135,0.0934343434343434,0.0934343434343434,0.405242161619712,-0.1071421465983901,train,train,test,val,1,0.18401374708284,0.3767643831417001,,,-0.022162825016428,0.227166780727177,,,False,True,0.4158157159810027,0.5119734789391575,0.0,0.5106197678160729,0.4779121485668779,0.48549141965678627,0.820725405546834,0.5186430586614514,none
31815,s31815.csv,397,3.512,7.492,3.98,0.9974811083123426,0.0,0.0,396,0.9974811083123426,219.3734262310272,710.518035,2.339728483248158,1.0,0.0,0.6221662468513854,150,0.3778337531486146,17.802127791401745,57.095279000000005,1.9404814654696,9,0,0.3963448868064356,0.7580155125636509,3.3728144876286854,4,0,0.1452674265548994,0.9167604078073636,3.193154334354342,5,0.5,0.7184699892329889,3.673631599827439,0.6403403008234899,60.81653227942188,-0.032278696381341,0.0755667506297229,0.0856423173803526,0.4808625310971772,0.0700965233731358,test,train,train,val,1,0.4140659872897346,0.5196138603492761,0.2050757946197026,0.3916396559117308,0.1460093182703059,0.2880253535772978,-0.1700494685474647,0.0685192036723626,False,True,0.3968844113598818,0.6140015600624025,0.0,0.4078682828301738,0.4761705748468516,0.6385335413416537,0.5513474620617478,0.5183611016784142,none
31562,s31562.csv,447,3.502,7.982,4.48,0.988814317673378,0.0,0.0,442,0.988814317673378,168.42744205725376,616.7561404999999,2.550818194823639,1.0,0.0,0.9955257270693512,2,0.0044742729306487,,,,9,0,0.674474619870679,0.5498302879110646,5.327997693364135,4,0,0.6334788007377444,0.5918056422301687,4.899075715856314,8,0.5600000000000005,1.274540005146288,3.80381169472988,0.7213202170052694,37.52485079992312,0.0083044410947757,0.0894854586129754,0.0939597315436241,0.8335878768421721,0.0772680289076941,train,train,train,train,0,,,,,,,,,False,True,0.5393430117036999,0.5284711388455539,0.0,0.7768676809706249,0.6067952569834263,0.4711388455538222,0.34375,0.5183510938782325,none
32522,s32522.csv,198,7.012,8.992,1.980000000000001,0.6060606060606061,0.0404040404040404,0.0,112,0.5656565656565656,617.1368112452163,1767.0737835,2.7533548388095213,1.0,0.0,0.0101010101010101,196,0.98989898989899,8.755721185709666,27.075270000000003,0.7782356818942588,9,0,0.4714321711017141,0.7300079647414717,2.7189550302805503,4,0,0.54890694529186,0.6727023800611689,2.638127645194096,0,,0.6407991768135832,14.7692199983416,0.3885517824526134,118.74561294100364,-0.0448439519599935,0.0454545454545454,0.0606060606060606,0.9435556738603528,0.333851802977582,train,val,test,val,1,0.0762537269747073,0.3420301446559499,-0.4848553376487958,0.0147993702526446,0.1549818343435149,0.3949548262252399,-0.4111397038644448,0.0316810254025521,False,False,0.6667350053869052,0.4145475819032761,0.0,0.369923828939275,0.4894260542333459,0.4967238689547582,0.4231096284667713,0.5176650678088818,none
32658,s32658.csv,447,3.012,7.492,4.48,0.9910514541387024,0.0,0.0,443,0.9910514541387024,212.51714246214456,434.2055319999999,3.5864340545531963,1.0,0.0,0.5369127516778524,207,0.4630872483221476,11.033391117384356,34.20746199999999,1.2501737285549277,9,0,0.0925544729301481,0.9516247032967362,3.9461505264823615,4,0,0.4924062540084523,0.7129798011018059,3.1152107928086004,7,0.7399999999999998,0.4515415636789398,0.9119012697211676,0.7032791562749948,32.61293776860764,0.0319861915563092,0.087248322147651,0.0917225950782997,0.7540688417285922,-0.0425441744865038,train,test,test,train,2,0.1628609315174717,0.3818962533997246,-0.2229681815254556,0.1489601549335349,0.1111954329656778,0.3382361650066902,-0.3148222280467406,0.0274887398578599,False,True,0.3450088676075017,0.6808502340093604,0.0,0.365575629366875,0.4687233743759642,0.6992199687987519,0.5306285975928833,0.5176212818457151,none
31421,s31421.csv,515,3.802,8.992,5.190000000000001,0.8135922330097087,0.003883495145631,0.0,417,0.8097087378640777,248.17158338456568,793.0893120000001,1.50018066487345,0.966990291262136,0.0,0.7689320388349514,102,0.1980582524271844,33.00157564455762,113.1905035,1.055006481114353,9,0,0.8662989931764224,0.2780507461148919,6.700231377044728,4,0,0.4146389306867489,0.729144957301253,3.993711205438993,9,0.6000000000000001,0.7794040108361668,5.467281198268061,0.5968474104180599,117.56506139345672,-0.0255135525178332,0.087378640776699,0.0951456310679611,0.5167507223211523,-0.0125751183748289,train,train,train,train,0,,,,,,,,,False,False,0.4364967030090854,0.6272620904836194,0.0,0.7120144995176206,0.5859199275777328,0.5948517940717628,0.27037545787545786,0.5162482221403926,none
31035,s31035.csv,589,3.502,9.412,5.910000000000001,0.8505942275042445,0.0,0.0,501,0.8505942275042445,163.81895762073222,547.17012,1.287302859326138,0.2767402376910017,0.0,0.1561969439728353,71,0.1205432937181663,37.21664817624971,90.79816,14.604452706620629,9,0,0.5481503414118828,0.6650361797596575,4.8862808193603,4,0,0.8686561172998011,0.3591812964429951,3.2016819947998103,19,0.0200000000000004,0.4677519180689695,3.0949839511968325,0.8879395100444771,6.920446389313284,-0.0057153247046699,0.0509337860780984,0.0526315789473684,0.4828882543083841,-0.1901175747461029,train,val,train,train,0,,,,,,,,,True,True,0.3584700438550932,0.6425897035881436,0.0,0.514898911584226,0.5048405850804006,0.5914196567862715,0.6220401622187337,0.5146497369414805,none
32298,s32298.csv,447,3.512,7.992,4.48,0.9149888143176734,0.0067114093959731,0.0,406,0.9082774049217002,261.9423050217373,233.7643,6.09144794978059,1.0,0.0,0.668903803131991,148,0.3310961968680089,18.94948466140962,61.68879800000009,1.588013246116403,9,0,0.7386391076940598,0.5332935776624591,17.074653279631104,4,0,0.1515978957446153,0.9272417477065868,3.406377888835935,6,0.0100000000000006,0.9384882967978908,0.6373357954947905,0.9267549985841664,4.280957090407815,0.0081269622517454,0.0111856823266219,0.0111856823266219,0.4281282702614551,-0.097600612208423,test,test,val,test,3,0.1976631164001333,0.4220708399142049,-0.3963504133434969,0.0235493453670781,0.1548604335579619,0.3935773383803512,-0.4031587209873999,0.0090355816588692,False,True,0.2489390285492997,0.6337363494539782,0.0,0.6295031476611919,0.4977873265995048,0.6324492979719188,0.6098737571951858,0.5135679634820141,none
31276,s31276.csv,756,3.012,10.592,7.58,1.0,0.0026455026455026,0.0,754,0.9973544973544972,172.04593041885505,537.9580480000001,0.5675359328538238,0.0396825396825396,0.0,0.0264550264550264,10,0.0132275132275132,12.161654442829766,30.2926365,1.2636701152383345,9,0,0.8543177496277314,0.3738778086732567,2.389881383274507,4,0,0.7371303792319879,0.5083447720183878,4.713550580222515,19,0.1999999999999999,0.2920117649181682,12.697051042999789,0.3205119924346902,362.6601287988192,0.004655086323792,0.1256613756613756,0.1309523809523809,0.2494788536212434,0.1173993317690764,val,train,val,train,0,,,,,,,,,False,False,0.5276634572054334,0.7269500780031202,1.0,0.5704445272834001,0.6102480955080138,0.6215288611544462,0.14055141287284145,0.5135599726468447,confirmed
31540,s31540.csv,218,1.002,3.192,2.1900000000000004,0.8532110091743119,0.0,0.0,186,0.8532110091743119,163.4218715201021,475.59445,0.6590602422566939,0.7798165137614679,0.0,0.5642201834862385,47,0.2155963302752293,16.306660526739215,50.025961,1.8130069769262969,9,0,0.9740481464110708,0.1577812257761147,5.382417543453474,4,0,0.9735503547986892,0.160034939998393,2.494838763867286,6,0.2999999999999998,0.7880651669717265,10.799189241227005,0.6217554184956549,19.1380351188039,0.0086835463309885,0.3394495412844037,0.3440366972477064,0.9325825927273308,0.2815712272221708,train,train,train,train,0,,,,,,,,,False,True,0.7964010393189028,0.3829953198127925,0.0,0.4779150492389842,0.5561632404677886,0.41731669266770666,0.23515175300889585,0.5128070091999355,none
31266,s31266.csv,597,3.012,8.992,5.98,0.9949748743718592,0.0,0.0,594,0.9949748743718592,111.03821798881,344.26560400000005,1.4010568475310714,0.0703517587939698,0.0,0.0,42,0.0703517587939698,114.52854516902832,361.1044905,0.7147869163513784,9,0,0.7030280511287498,0.5006454058436299,3.5602240737568334,4,0,0.5684302101682687,0.6548068277880019,4.48729532184567,3,2.0,0.913926994638915,3.051308790982964,0.7964209982767428,22.625303430811517,0.0128793915067181,0.1239530988274706,0.1407035175879397,0.4128438844001175,0.1703746303957151,train,train,val,train,0,,,,,,,,,False,True,0.4741949355982917,0.6682527301092043,0.0,0.6572759152719234,0.5970394575792006,0.6012480499219969,0.2069760596546311,0.5123954968872694,none
31061,s31061.csv,198,4.002,5.982,1.9800000000000004,1.0,0.0,0.0,198,1.0,96.82308127775325,297.6210014999999,2.031844694952349,0.98989898989899,0.0,0.0,196,0.98989898989899,4.134499700187112,14.165245,1.5462657905826571,9,0,0.403857549954237,0.7415446481333274,3.432169979271279,4,0,0.1060843079030362,0.9395942184119964,3.0421010239458983,3,0.5,0.6982797903850543,5.981671899081432,0.6037171027726855,17.581610311353586,0.0898601476621551,0.2525252525252525,0.2626262626262626,0.5431669096987294,0.0075400685299065,train,train,train,train,0,,,,,,,,,False,True,0.5429859403784691,0.4821372854914196,0.0,0.379968824307224,0.4727837763466282,0.57597503900156,0.4139194139194139,0.5123690334481604,none
32598,s32598.csv,137,4.002,5.472,1.4700000000000006,0.8029197080291971,0.0,0.0,110,0.8029197080291971,166.7728055224543,425.757767,3.497456954862076,0.3211678832116788,0.0,0.0,44,0.3211678832116788,6.513821091083986,16.249099,2.6699285601381706,9,0,0.7803049844520893,0.4329153703800554,3.14741721128319,4,0,0.9212867269124442,0.2668500313907015,5.090156931516704,10,0.08,0.8048531025102631,3.4248348453675104,0.7891085936975738,3.250453699283975,0.0382432247309759,0.072992700729927,0.0802919708029197,0.6573778368988734,0.1169839484160218,train,train,test,train,1,0.074168680023735,0.3071607818287287,-4.272711793962786,-0.1182481941899,-0.3941485491441807,-0.0080535117607083,-1.603094924742703,0.0962864539278178,False,True,0.4937577012590177,0.2787441497659906,1.0,0.7511044698108401,0.4957069888020049,0.3435257410296412,0.7608418367346939,0.5123295527713919,none
31054,s31054.csv,396,4.002,7.982,3.98,1.0,0.0,0.0,396,1.0,94.8765389214848,319.2404475000001,1.790552153916822,1.0,0.0,0.7474747474747475,100,0.2525252525252525,14.154360074432915,43.913843,1.1999437716079366,9,0,0.7398295877608398,0.4938236576723233,4.868206210319813,4,0,0.3039731530086379,0.8327097492890442,4.577204587894628,7,0.8150000000000004,1.0041168271256762,5.056118570767179,0.4955713074128046,50.634068772902566,7.227734185697842e-05,0.1262626262626262,0.1287878787878787,0.3098455778123237,0.0022865277052383,val,test,train,test,2,-0.0975503391504168,0.2317052391521791,-0.7469267376401798,-0.7306860577368401,-0.2620794621443394,0.1440762499810954,-3.1275084180342105,-2.4901095524257726,True,False,0.408280143507962,0.5822542901716068,0.0,0.7079540827014562,0.5590732765982859,0.5833073322932918,0.3335459183673469,0.5120319761300258,none
31968,s31968.csv,288,6.312,9.192,2.88,0.9791666666666666,0.0,0.0,282,0.9791666666666666,355.83471870309427,1223.2363234999998,3.3604314813893668,0.7708333333333334,0.0,0.7604166666666666,3,0.0104166666666666,,,,9,0,0.289917793490788,0.8173473855584688,3.4777840964914093,4,0,0.4583728473046786,0.7365454756217849,3.828777180897813,2,,0.8146935933147643,10.344316298608735,0.8499672833039595,4.764084496281017,0.0076356411650087,0.0763888888888889,0.0798611111111111,0.6577133571212479,0.1891050039496333,train,train,train,val,0,,,,,,,,,False,True,0.6737154128614498,0.4146255850234009,0.0,0.5643831628717403,0.5502342981212198,0.41201248049921996,0.40224358974358976,0.5119136289504224,none
32113,s32113.csv,431,6.312,10.632,4.319999999999999,0.6960556844547564,0.0881670533642691,0.0,262,0.6078886310904872,604.7891035527673,1917.9454604999987,11.233394023762193,0.9721577726218096,0.0,0.9559164733178654,7,0.0162412993039443,58.689098722221885,149.999377,1.4400176572035566,9,0,0.2013591138326421,0.8503800584678353,3.58267409333059,4,0,0.9367733666766148,0.1222191406545772,9.98211453749762,1,,0.5545714419607302,7.911012442380204,0.8964827014816898,4.268326561392167,0.0050989552793173,0.0533642691415313,0.0533642691415313,0.4263670658235836,0.213366973136976,train,train,train,test,1,0.4422497361351608,0.493014460640389,,,0.3152691345949473,0.3808360225706393,,,False,True,0.5840772584350019,0.4663806552262091,0.0,0.5001907504143189,0.5177174949057195,0.4177847113884555,0.6242477760334904,0.5110028410530543,none
32423,s32423.csv,149,5.012,6.492,1.4800000000000004,1.0,0.0,0.0,149,1.0,120.23558297133933,178.86755599999992,2.232501665298885,0.6308724832214765,0.0,0.0,94,0.6308724832214765,13.870054456223436,27.9402025,8.288261824093965,9,0,0.135710569138294,0.8971202696701831,4.183432417615603,4,0,0.234579943395519,0.85202412193193,3.321712290706757,2,,1.0237680893936651,2.141808518193129,0.7263327484693205,6.809732844192723,0.0076875514746922,0.1610738255033557,0.1610738255033557,0.7312704400052957,0.077453180942573,train,val,train,test,1,0.2312994254300767,0.4162312652551794,-0.0715420342010908,0.2922290647489378,0.1050014956828229,0.3402808899123255,-0.4255080472849404,0.0550809463430119,False,True,0.4878099629253822,0.3588533541341653,0.0,0.5172654973003804,0.4515118101609557,0.4322932917316693,0.7547095761381475,0.5100565665860616,none
31560,s31560.csv,447,3.502,7.982,4.48,1.0,0.0,0.0,447,1.0,234.8356679968744,873.1640550000002,1.7455627241990412,1.0,0.0,0.6510067114093959,156,0.348993288590604,8.370548946229484,26.079,1.7985028477525746,9,0,0.4913548306527929,0.7119834631758777,3.561486092731872,4,0,0.1257667493184358,0.9343537586893396,3.6241008512110895,13,0.0299999999999998,0.7802963586935722,4.451496961202543,0.6199613140801437,98.79337792339884,-0.0321100746589532,0.0357941834451901,0.0402684563758389,0.5268074706868903,-0.1019991751138929,train,val,val,val,0,,,,,,,,,False,False,0.342254811159399,0.6672386895475819,0.0,0.4905520222318799,0.5004883319170073,0.6744149765990639,0.41354330193615907,0.508056732612651,none
32106,s32106.csv,133,4.002,5.322,1.3200000000000005,0.7969924812030075,0.0977443609022556,0.0,93,0.6992481203007519,559.7909690208312,1668.432739999996,7.086124847660735,1.0,0.0,0.0150375939849624,131,0.9849624060150376,9.44023715263735,29.75469,1.921705998274055,9,0,0.6717043302685487,0.5518748145537498,2.737089246063377,4,0,0.8729093244742023,0.3468926741780047,2.822160320883386,1,,0.7928971486761712,5.5058732821041,0.9001701116956593,0.1681351169878933,-0.0147039217326999,0.0300751879699248,0.0300751879699248,0.7000854172445428,0.1053043205339174,train,val,train,train,0,,,,,,,,,False,True,0.5760059498553237,0.3193447737909516,0.0,0.4299395222434393,0.4423546099492281,0.4162246489859594,0.6861427263212978,0.5067039818356915,none
31941,s31941.csv,517,4.002,9.192,5.19,0.9748549323017408,0.0,0.0,504,0.9748549323017408,407.5392975052495,1347.7954895,1.9785127279117705,0.011605415860735,0.0,0.0,6,0.011605415860735,38.17634713552868,95.412525,,9,0,0.6613929977254388,0.5713311690497218,4.558537663989481,4,0,0.7370323358798748,0.5114731741416244,3.6216816422522182,4,1.3100000000000005,1.3149161785269723,11.254845583614308,0.8434704065537119,34.86340298793016,-0.0393384520609154,0.0096711798839458,0.011605415860735,0.5894850108342559,-0.0347337552123396,val,val,train,train,0,,,,,,,,,False,True,0.5233946058491542,0.5855304212168486,0.0,0.6930409036368961,0.5960360305641698,0.5215288611544462,0.24439102564102563,0.506244715608213,none
30894,s30894.csv,297,2.912,5.892,2.9800000000000004,0.835016835016835,0.0,0.0,248,0.835016835016835,227.84709945004863,613.1146574999998,1.8608845497886768,0.9730639730639732,0.0,0.0,289,0.9730639730639732,35.62232515317342,121.28196799999986,2.590804919015717,9,0,0.9726131039759406,0.1573429734018598,4.635970479030056,4,0,0.9529927457058176,0.2148055778563307,1.7599822754683747,2,,0.4008447139815941,3.896327066577567,0.8022144852406022,19.549336036868223,0.012877539480171,0.0168350168350168,0.0269360269360269,0.0964475391724927,0.0044833915445983,train,train,train,train,0,,,,,,,,,False,True,0.315616410158641,0.60097503900156,0.0,0.3615126325082992,0.4292607969585601,0.6730109204368174,0.5818615907901623,0.5053954247170884,none
31556,s31556.csv,220,1.002,3.222,2.22,0.8090909090909091,0.0045454545454545,0.0,177,0.8045454545454546,517.2699182786429,1641.7871759999994,1.084848139361566,0.8,0.0,0.55,55,0.25,48.54295532631285,127.360844,0.5249872784620989,9,0,0.7379230486133699,0.5028729417300405,2.0697163784355546,4,0,0.9637100702082771,0.1873802727528261,3.7428198770076526,6,0.2199999999999997,0.5436498880677342,21.530329846992917,0.8092178092836224,6.692875764907742,-0.0508111298832141,0.3272727272727272,0.3272727272727272,0.940677249868712,0.1579817285617551,train,train,train,val,0,,,,,,,,,False,True,0.8671401505849814,0.3828393135725429,0.0,0.4002414907660251,0.557565259684941,0.41747269890795635,0.11976713762428047,0.5051324189972227,none
31505,s31505.csv,745,4.512,11.992,7.480000000000001,1.0,0.0,0.0,745,1.0,139.7204599641261,477.200716,1.7522105176521448,1.0,0.0,0.9986577181208054,1,0.0013422818791946,,,,9,0,0.8320948449484689,0.4081442917009996,2.7963383921109863,4,0,0.5405936960696996,0.6784033115373387,4.052135352690495,5,1.5,0.7321059128288043,5.468195251506847,0.8248032183432628,24.28380350502766,0.0733203780983049,0.0832214765100671,0.087248322147651,0.7095916103960381,0.2200745098003781,test,test,train,val,2,-0.2667135303075075,0.0425642169810123,,,-0.5318196080873753,-0.2912082130002599,,,False,True,0.6197730220238724,0.652223088923557,0.0,0.5345321224007351,0.6055582755518207,0.5160686427457098,0.21233974358974358,0.5043901436040175,none
31374,s31374.csv,396,2.502,6.482,3.98,0.9974747474747476,0.0,0.0,395,0.9974747474747476,62.5086079775621,150.02323699999997,2.234726045644232,0.9924242424242424,0.0,0.005050505050505,391,0.9873737373737372,20.67704025460417,66.80297,1.1091819870018016,9,0,0.732459693293003,0.51115845277578,3.786281873494052,4,0,0.0552799931947017,0.9767881149261716,3.187120750860129,6,0.9900000000000002,0.7654398790017646,1.4165513757001411,0.9552629659661436,0.0543197219028863,0.0118524938527783,0.0,0.0,0.1798927733750623,-0.0565544951125453,train,test,test,val,2,-0.1070153628743071,0.2555644633068074,-1.6504703948316104,-0.318092370034845,-0.2996409854181859,0.0692633737714712,-0.9571856371632396,0.0287143774284012,False,True,0.2340516647612696,0.7037441497659906,0.0,0.4418742723588664,0.460790816792201,0.7673946957878315,0.3945414704343276,0.5026357391624926,none
31676,s31676.csv,238,4.612,6.992,2.38,1.0,0.0,0.0,238,1.0,150.79768569764676,414.9675529999996,1.2447333038520936,0.9957983193277312,0.0,0.0,237,0.9957983193277312,20.92268605084248,70.47883799999998,1.5117873575800231,9,0,0.8567248463343557,0.3773314911441614,2.879657359601308,4,0,0.327087715140559,0.8233956280927809,3.911632924038901,5,0.395,0.6283874466139713,5.294630746762252,0.5805232839392127,50.71375333927817,-0.0189072320336824,0.088235294117647,0.0924369747899159,0.3716541034336595,0.1551374567158445,train,test,train,train,1,0.0509431468029792,0.4784246558011211,-0.9536057571542952,-0.0695763878025921,-0.338644314913082,0.2524938650914204,-0.683654354993144,0.0764727011974937,False,False,0.4610461698668905,0.536622464898596,0.0,0.4663761728003051,0.4890968740080118,0.6269890795631825,0.2892464678178964,0.5024528788780704,none
32409,s32409.csv,447,3.512,7.992,4.48,1.0,0.0022371364653243,0.0,446,0.9977628635346756,214.9787652012469,194.47537249999996,3.63163958386202,1.0,0.0,0.9955257270693512,2,0.0044742729306487,,,,9,0,0.0314607323285698,0.9846161460302592,3.823158747419541,4,0,0.4360912423290461,0.7341643347828543,3.58707937643001,5,0.75,0.7409179056237907,4.239568317310238,0.8550326613385124,8.768210507931135,0.0173691617780593,0.1879194630872483,0.1946308724832214,0.7460560550958446,-0.0612485805263875,train,val,train,train,0,,,,,,,,,False,True,0.5856879216283714,0.5374804992199688,0.0,0.4837102611156469,0.5382220256316131,0.4814352574102964,0.41025641025641024,0.5023754801584386,none
31379,s31379.csv,396,2.212,6.192,3.98,0.9924242424242424,0.0,0.0,393,0.9924242424242424,215.8163889328775,742.164198,2.4772709911715025,1.0,0.0,0.8888888888888888,44,0.1111111111111111,19.26129999639745,60.07572400000001,2.7419502184219366,9,0,0.5050633358176916,0.6915325825350906,3.105165336375016,4,0,0.2759043600327235,0.8524954602325402,3.1108607595859734,4,1.0,0.5051525458145085,17.615231300905283,0.2614755109897373,205.50814841528452,0.0039300750200523,0.0631313131313131,0.0681818181818181,0.2252374495574936,0.0898022024172043,train,train,train,val,0,,,,,,,,,False,False,0.4670855963687541,0.5274960998439937,0.0,0.3441837534219936,0.4513587197010598,0.5117004680187207,0.6951040031397174,0.5006990296023711,none
31725,s31725.csv,596,3.512,9.492,5.98,1.0,0.0,0.0,596,1.0,160.251605394378,452.3822225,2.651235388248547,1.0,0.0,0.9983221476510068,1,0.0016778523489932,,,,9,0,0.3505884523231925,0.7960139707105819,3.431613548239968,4,0,0.0467764630931535,0.9702928011778024,3.4129106002006906,9,0.75,0.7275912533515592,7.336122623438678,0.7598821386415991,28.809690468068485,-0.1881794672143733,0.1191275167785234,0.1241610738255033,0.7441880237474648,0.1685703303838805,test,train,test,train,2,0.2073737399470815,0.3965382035113826,,,0.2553643936527029,0.4182899748432305,,,False,True,0.663569020169217,0.5814352574102963,0.0,0.3992944365711078,0.555539828124162,0.46926677067082684,0.3541666666666667,0.499796579804762,none
31501,s31501.csv,596,4.512,10.492,5.980000000000001,1.0,0.0016778523489932,0.0,595,0.9983221476510068,182.28331862458063,569.2106989999999,0.7463197797235056,0.0402684563758389,0.0,0.0,24,0.0402684563758389,15.21258590170592,47.3230035,1.769488279701621,9,0,0.8531611378970352,0.383751220389981,3.1696540774004807,4,0,0.5519542563467053,0.6650920635645086,4.603219225972942,5,1.5,0.4851961451426588,3.906372480548892,0.720078734909435,79.5244232934337,0.061259382276356,0.046979865771812,0.0503355704697986,0.7702218107068798,0.1362631524438419,train,val,val,train,0,,,,,,,,,False,True,0.505171503421648,0.6652496099843994,0.0,0.5086171522926554,0.5622325353799131,0.5876755070202808,0.24082613814756673,0.49903814740064006,none
31370,s31370.csv,396,2.502,6.482,3.98,0.9974747474747476,0.0,0.0,395,0.9974747474747476,51.73662677119741,147.45529699999986,2.6519670905176462,1.0,0.0,0.1313131313131313,344,0.8686868686868687,8.966559246667583,26.165671000000003,1.1632101840721756,9,0,0.3753833316635837,0.7811200491917443,3.370770516226304,4,0,0.1594241662484522,0.9121095780697372,3.3611283928395266,4,1.0,0.4105567658297911,1.257639610093933,0.9345627262432438,0.9269311893753288,-0.0263606228490024,0.0,0.0,0.2200004285070155,0.0205558485853044,train,train,test,train,1,-0.3964109800679628,0.1171606295430881,-0.8892289876935826,-0.0349264554466448,-0.5389312774764976,-0.0637852747425093,-0.4991841852596823,-0.0346001030605571,False,True,0.2604154518837915,0.6953198127925118,0.0,0.3306688460281435,0.4337079964451492,0.754758190327613,0.46083529565672426,0.4987535329489128,none
31922,s31922.csv,447,3.512,7.992,4.48,0.9955257270693512,0.0,0.0,445,0.9955257270693512,146.6760329409727,225.2877919999999,2.289902149595317,1.0,0.0,0.5570469798657718,198,0.4429530201342282,18.56879900921654,61.82206699999996,2.2534401141602345,9,0,0.3488981138989389,0.7911388050861761,3.84064473666425,4,0,0.1531736695275719,0.9227802176114456,3.5713376580399303,3,1.4999999999999998,0.4525532088967847,1.5860896809485103,0.961079817427509,-0.1069293938357927,0.0503750152322068,0.0,0.0,-0.0220458362161175,-0.1119973095147417,val,train,val,train,0,,,,,,,,,False,True,0.2197930005739687,0.6833073322932917,0.0,0.4082203290594355,0.4385512152213717,0.7012480499219969,0.6044119570905285,0.49833196306348393,none
32332,s32332.csv,298,7.512,10.492,2.9800000000000013,1.0,0.0,0.0,298,1.0,159.64421283007013,507.5148894999993,2.6041048316862416,1.0,0.0,0.5067114093959731,147,0.4932885906040268,6.425235217126485,19.201680999999997,2.4722941645995324,9,0,0.2228974480938354,0.8658303247801037,3.1674498339175297,4,0,0.0670315289172645,0.9636955718833748,4.290239173564085,2,,0.5870397396028314,3.063628184731751,0.4807605240967408,72.3128754255392,-0.0067277403615847,0.0838926174496644,0.0906040268456375,0.3899646481647131,0.104809673965084,test,val,train,val,1,0.2752171915029525,0.4841024497663322,-0.0477482111174344,0.1257729015538564,0.19555726306232,0.4053619936192449,-0.2775588672497253,-0.0076319045313955,False,False,0.3513946320257795,0.5590873634945398,0.0,0.3672778034359726,0.4288520394629035,0.5912636505460218,0.6754153584510727,0.4983278241091994,none
32100,s32100.csv,278,6.312,9.092,2.78,0.3848920863309352,0.0179856115107913,0.0,102,0.3669064748201439,462.3857004146314,1313.5316149999985,13.155561381211196,0.7553956834532374,0.0,0.0,210,0.7553956834532374,304.9233772804163,202.44999749999988,2.890991391627788,9,0,0.0580311825554694,0.99414267191829,3.295885878315317,4,0,0.3090478288529943,0.8239875095528542,3.2059655719425497,0,,0.5196293415804414,9.03427831683329,0.9359605373987668,0.1734869495610824,-0.0334977000241668,0.0,0.0,0.0977521740826283,-0.0400008373208138,train,train,val,train,0,,,,,,,,,False,True,0.4248127648167291,0.437597503900156,0.0,0.2739081483599683,0.3840160385589002,0.5023400936037441,0.858974358974359,0.4983122429866655,none
31798,s31798.csv,298,3.512,6.492,2.98,1.0,0.0,0.0,298,1.0,71.82135211564197,142.27162799999996,2.565662654689691,1.0,0.0,0.9362416107382552,19,0.0637583892617449,42.08239619781406,123.780654,0.7859083943554304,9,0,0.2206841816468737,0.8598465945663282,3.416168684717239,4,0,0.2678564069311182,0.867518396477085,3.541972117183837,3,0.7550000000000001,0.645431684828163,4.308926720880258,0.8501333225984767,5.7292220255184105,-0.1044219546895244,0.2919463087248322,0.2919463087248322,0.8736450763466935,-0.10989786389289,test,train,test,val,2,0.1689029983462714,0.3750153945460578,0.1141615505496746,0.2068875978564942,-0.1469563386623427,0.1347340350549385,-0.0807479906023989,0.0399133736306877,False,True,0.6332129766285487,0.4650936037441497,0.0,0.4096921624467375,0.5073149518644657,0.46489859594383776,0.4035518053375196,0.49790992653373833,none
31119,s31119.csv,288,6.312,9.192,2.88,1.0,0.0,0.0,288,1.0,287.30918921399484,788.1842965,2.0456733472266766,0.0729166666666666,0.0,0.0,21,0.0729166666666666,60.633581843248,152.61445999999998,4.517565754999389,9,0,0.4076381965152207,0.7318111321224794,3.5346442837066494,4,0,0.2523625316202896,0.8622602518754123,3.82619268033224,3,0.7599999999999998,0.8321518588531864,8.737946611755923,0.6658525777717089,29.87623842405545,-0.038195759848485,0.0694444444444444,0.0763888888888889,0.2238526303700022,0.0158507991049215,test,train,val,train,1,0.3838864426709211,0.4930591572024819,,,0.2220581151236756,0.3912177492281661,,,False,True,0.4313228578143224,0.4437597503900156,0.0,0.5532271317955795,0.4722470524101921,0.4544461778471139,0.6891352694924124,0.49752968867634106,none
31640,s31640.csv,298,3.512,6.492,2.98,1.0,0.0,0.0,298,1.0,156.78459755874462,581.947631,2.0039824767350893,1.0,0.0,0.6644295302013423,100,0.3355704697986577,30.176212340960728,23.03644699999998,14.447661225146833,9,0,0.76565915472824,0.4808764233117068,3.2004073821644203,4,0,0.4610416292392079,0.7383184761522652,3.452057179243917,2,,0.6062072899409363,2.2317960560266115,0.9084245565322484,1.2313088003991728,0.0525727559044276,0.0100671140939597,0.0134228187919463,0.3008841807570579,0.0516046945834647,train,train,train,val,0,,,,,,,,,True,True,0.3145147502145151,0.5246879875195009,0.0,0.4732321132398976,0.4356905921788748,0.5542901716068642,0.731341575091575,0.49675654695682114,none
31325,s31325.csv,845,1.002,9.492,8.49,0.9893491124260356,0.0035502958579881,0.0,833,0.9857988165680474,95.61000579297912,198.06271,1.0079589300293232,0.2899408284023668,0.0,0.0,245,0.2899408284023668,9.66635001579263,27.064076,0.2261886557957616,9,0,0.9396688218616904,0.2427153238083343,2.250041832750742,4,0,0.9547588197370794,0.2106549268244519,4.039979706625851,11,0.5100000000000003,0.1664942016057096,0.8753721052592769,0.9636809715510034,0.9002824938588483,-0.0194539606837295,0.0059171597633136,0.0118343195266272,0.5017404996886796,-0.1213332854911728,train,test,val,train,1,-2.9561966753544864,-0.1027979239700345,-18.275282279638738,-7.33098752705409,-2.049617693472638,0.2068714578915286,-32.11522197452378,-16.606616247577154,True,True,0.2752678523609153,0.9022620904836194,0.0,0.3739273708470438,0.5243136912497003,0.8594383775351014,0.0943714024071167,0.49660052271043925,none
31252,s31252.csv,675,3.512,10.292,6.779999999999999,0.9985185185185184,0.0,0.0,674,0.9985185185185184,119.25075091516663,375.4514105,0.7932472020603,0.1125925925925925,0.0,0.0,76,0.1125925925925925,123.73402099194276,209.01139,0.7309383660538854,9,0,0.7203084118436676,0.5136636310990924,3.749099005359687,4,0,0.7447086596142358,0.5079492795655043,3.3000421469355388,9,0.4399999999999995,0.9802805024619088,3.666145363229274,0.6897335621711111,62.42913511514201,0.0162979366563273,0.0888888888888888,0.0903703703703703,0.4450442085019003,0.0724209237144642,val,train,train,train,0,,,,,,,,,True,True,0.4172216346618827,0.7379095163806553,0.0,0.6015553080751984,0.5847624952874478,0.6653666146645867,0.09767464678178964,0.49619762949294777,none
32615,s32615.csv,91,4.002,4.902,0.9000000000000004,0.7582417582417582,0.0439560439560439,0.0,65,0.7142857142857143,364.852812793438,1158.6521519999983,9.639735573791048,0.8791208791208791,0.0,0.0109890109890109,79,0.8681318681318682,77.56936920368761,55.931077,1.88877768111628,9,0,0.6442395627854042,0.5228867971636458,2.703380179230221,4,0,0.8408237346759906,0.3860006053928396,6.053012249498815,1,,0.825039098528292,3.2819431406020163,0.7096722119459296,4.727921611862621,0.1295388151137525,0.1538461538461538,0.1538461538461538,0.757232314277232,0.0650160111927806,train,train,val,train,0,,,,,,,,,False,True,0.5338972710214969,0.2640795631825273,0.0,0.599746547982474,0.4592158563661506,0.35507020280811236,0.6890862114076399,0.49552217633821105,none
31723,s31723.csv,447,5.712,10.192,4.48,1.0,0.0,0.0,447,1.0,111.12799525126744,336.9061249999999,1.2367451003337002,1.0,0.0,0.9574944071588368,19,0.0425055928411633,8.502634907325646,25.345178000000004,2.274937088020081,9,0,0.5909469434393668,0.6232551567086211,2.7940852393511912,4,0,0.5568304257606804,0.6645994320557618,2.7489138804373754,16,0.0199999999999995,0.6446046116433755,4.106726158059309,0.849611041802458,7.842441094083973,-0.0718906271797618,0.1096196868008948,0.1140939597315436,0.7877576539368152,-0.1176223864486309,val,train,train,train,0,,,,,,,,,False,True,0.5347662474012744,0.5689547581903276,0.0,0.3840240016940934,0.5015095524652887,0.5269890795631825,0.4296997645211931,0.4932840709779483,none
32013,s32013.csv,288,6.312,9.192,2.88,0.1944444444444444,0.0208333333333333,0.0,50,0.1736111111111111,868.8849614267617,2602.60881,8.372358996557525,0.9027777777777778,0.0,0.2534722222222222,187,0.6493055555555556,44.94694071069046,72.12409199999998,2.1010948412836945,9,0,0.2018865883234387,0.8922274269706861,4.117665298202904,4,0,0.0853748478875133,0.9513806426076108,3.553383718319872,1,,0.4732837733583418,5.755945321740343,0.7857065847528226,14.084385319997224,-0.025641766397603,0.0659722222222222,0.0729166666666666,0.2046945571202887,0.3354805115730664,train,val,train,train,0,,,,,,,,,False,True,0.4897529362989025,0.4086583463338533,0.0,0.3651955272750549,0.424002607103981,0.4536661466458658,0.7328950811093669,0.49310593080568027,none
31081,s31081.csv,749,3.512,11.052,7.539999999999999,0.9666221628838452,0.0,0.0,724,0.9666221628838452,83.78123573288067,266.86552750000004,1.7286317406598093,1.0,0.0,0.9986648865153538,1,0.0013351134846461,,,,9,0,0.8733406386475742,0.353756343836358,4.862768343063719,4,0,0.5368618150500551,0.678082351116397,2.724983531034978,13,0.4450000000000007,0.5083427334186283,4.766887740832031,0.8856068360295064,8.391582064680518,0.0059890018926306,0.1134846461949265,0.1281708945260347,0.61396281057029,0.1454230031640718,val,train,test,train,1,0.2274315490673941,0.2956828134518707,,,0.0969919812352279,0.2817225561358832,,,False,True,0.6195192497779185,0.6500780031201248,0.0,0.4789063967671476,0.5880309575444594,0.5098283931357255,0.20833333333333334,0.49287309170273785,none
31771,s31771.csv,527,3.502,8.792,5.29,0.9582542694497154,0.0037950664136622,0.0,503,0.9544592030360532,181.61527287638717,475.7428039999999,0.7474033493126273,0.0,0.0,0.0,0,0.0,,,,9,0,0.8091366499671113,0.4395311486681801,4.377296834097264,4,0,0.9005593194169125,0.3156673907907616,2.913477008094315,10,0.379999999999999,0.3201181625160659,18.33915222600074,0.7887291103458456,23.369716678769123,0.2802152868392988,0.2523719165085389,0.2580645161290322,0.9843305230348904,0.6997601075757821,train,val,train,val,0,,,,,,,,,False,True,0.8903069763217241,0.4570202808112324,1.0,0.5777992485331102,0.6449043145564678,0.3257410296411857,0.046474358974358976,0.49102954587911185,none
32173,s32173.csv,253,2.212,4.752,2.54,1.0,0.0,0.0,253,1.0,187.4623351210484,579.916516,2.216131873206253,0.9881422924901184,0.0,0.5098814229249012,121,0.4782608695652174,39.81939191303088,111.54204,0.5662691950400931,9,0,0.527336792650407,0.6717375960911156,3.292029980131552,4,0,0.4144512119639543,0.7521490086228005,3.079798068097614,4,0.9899999999999998,0.5648166902977517,5.968460852119565,0.6648114555422506,29.131010909513428,0.0861546417109836,0.1027667984189723,0.1067193675889328,0.5400648510922721,0.1601047114396785,val,train,train,test,1,-0.0165352024174562,0.0190508434926974,-0.4899474290145881,0.0508166079352611,0.2146801465151279,0.4068489496198801,-0.5197648961651784,-0.002050080565886,True,True,0.5463682411355437,0.4848673946957879,0.0,0.4221506722924934,0.487577674228714,0.5369734789391576,0.32500981161695447,0.49077393650274326,none
31547,s31547.csv,317,1.002,4.192,3.1900000000000004,0.7791798107255521,0.0031545741324921,0.0,246,0.7760252365930599,539.0983770132102,1407.4311274999998,0.6980602625947027,0.9842271293375394,0.0,0.3123028391167192,213,0.6719242902208202,32.50113091026104,95.87610199999996,0.1670335257631769,9,0,0.9602584489415384,0.1975118339488878,2.3161100478218724,4,0,0.9647899645880194,0.1849021681624659,3.060286425310877,10,0.1899999999999999,0.480068489025408,10.63935484936334,0.5847443856758756,78.67087787602121,-0.0626950142332519,0.1514195583596214,0.1608832807570978,0.5537302287702337,0.0203428596234764,train,train,val,train,0,,,,,,,,,False,False,0.5796428013287954,0.5760140405616225,1.0,0.4228156460344163,0.5313245884719711,0.6191887675507021,0.034929356357927786,0.49023009777777105,none
32133,s32133.csv,451,1.002,5.542,4.54,0.6873614190687362,0.0,0.0,310,0.6873614190687362,582.0033497980344,1808.1627595,1.0193828234445304,0.4501108647450111,0.0,0.4478935698447893,1,0.0022172949002217,,,,9,0,0.9326541846232408,0.2539800988170489,4.15042184642057,4,0,0.8982904861643904,0.3159449381633455,10.108566745598024,9,0.2750000000000001,0.4842052672375473,9.881637320152237,0.8338404150919883,11.505455175476456,-0.0340497431673284,0.1463414634146341,0.1507760532150776,0.7953158178251516,0.0645278418067122,train,train,val,train,0,,,,,,,,,False,True,0.7196365532499485,0.4518330733229329,1.0,0.7767868454793395,0.6430504229443103,0.3541341653666147,0.0921474358974359,0.4878847743281467,none
31980,s31980.csv,164,6.312,7.952,1.6399999999999997,0.6707317073170732,0.0060975609756097,0.0,109,0.6646341463414634,192.94050345104853,371.649688,1.2451143687302673,0.7134146341463414,0.0,0.0,117,0.7134146341463414,305.8036216309204,295.98695799999973,14.14783453471153,9,0,0.8329359693932052,0.3950603853049071,7.6329630771183075,4,0,0.633276060068487,0.596886504925777,6.003621282887415,2,,0.6329116584012769,4.129698296700744,0.7972281756603102,4.835085173686577,-0.0165728435311688,0.0304878048780487,0.0426829268292682,0.6601182884812874,-0.1502048464149219,train,train,test,test,2,-0.8660597871989849,-0.2635600481484277,0.3185574964858302,0.4842355991415098,-7.827508932109591,-5.136051995202814,0.3128626897911787,0.4814774484164801,False,True,0.399560105883177,0.3508970358814353,0.0,0.7259795108467412,0.4804538528716366,0.41762870514820594,0.6114763212977499,0.48753788864590913,none
31967,s31967.csv,517,4.002,9.192,5.19,0.986460348162476,0.0,0.0,510,0.986460348162476,229.77257880145515,743.1516555000001,2.172363392254097,0.9032882011605416,0.0,0.8955512572533849,4,0.0077369439071566,,,,9,0,0.7124022197334815,0.493528605976364,5.2286707696356105,4,0,0.6531460473929478,0.5756733876536531,3.98922547825874,8,0.0100000000000006,0.6381669058178969,4.754673657880563,0.8169652366595291,16.582427020181477,-0.0320799558881262,0.1102514506769826,0.1141199226305609,0.5104368474863595,-0.0956768512963058,train,val,test,test,2,0.327833801328517,0.5035151762413281,,,0.2393002050744375,0.4432545205953231,,,False,True,0.4704389609701766,0.5816302652106083,0.0,0.6498899097010377,0.563191202073586,0.5152886115444618,0.2844551282051282,0.4873988885947626,none
31343,s31343.csv,396,4.762,8.742,3.980000000000001,0.9974747474747476,0.0,0.0,395,0.9974747474747476,118.99344728048855,439.1715109999998,1.657282048719129,1.0,0.0,0.7171717171717171,112,0.2828282828282828,9.565850288146144,29.910285999999985,1.2001901764984015,9,0,0.6847008674331613,0.5539188710153219,3.213078681597433,4,0,0.6246524388476633,0.5978325496639714,3.268156702763238,4,1.0,0.2487632124897709,3.956106286111496,0.6882622574977845,29.37791180770903,0.0411906681014343,0.1439393939393939,0.1489898989898989,0.5706492989592223,0.0481457386413026,train,test,test,val,2,0.274421653019834,0.3746303539315224,-0.8142810232499076,-0.1657252202608629,-1.309807261611816,-1.0094227590496252,-1.7034928885075449,-0.8279635652412276,True,True,0.4955380273247664,0.5861154446177848,0.0,0.3757727951932566,0.4913105537378698,0.5862714508580343,0.3187957875457875,0.4873552759515003,none
32493,s32493.csv,149,7.012,8.492,1.480000000000001,0.4295302013422818,0.0134228187919463,0.0,62,0.4161073825503356,691.5727929630035,2106.6755885,19.67829167198504,0.6375838926174496,0.0,0.0067114093959731,94,0.6308724832214765,152.99197756156823,121.4758335,42.23441647503719,9,0,0.0931259711434628,0.9625863028372806,3.4794017402107174,4,0,0.3536266257014416,0.7957974954739366,2.7227251644186685,1,,0.7896968745091907,3.277421869405176,0.2913542966493072,50.48574754292383,0.0308883466536969,0.1208053691275167,0.1208053691275167,0.979764066559488,-0.054896061700256,train,val,val,train,0,,,,,,,,,False,False,0.4691968336580983,0.3042511700468019,0.0,0.3532272778626569,0.3766749846555121,0.36209048361934476,0.9913657770800628,0.4872842017865754,none
32175,s32175.csv,99,7.012,7.992,0.9800000000000004,1.0,0.0,0.0,99,1.0,193.9189173022513,534.818061,2.154557109821865,1.0,0.0,0.0101010101010101,98,0.98989898989899,25.463237810884237,75.29415699999998,2.8512056850949925,9,0,0.5560235606053799,0.6672955281765648,3.203964935045469,4,0,0.2314963904982112,0.8767405363646235,2.654456033778127,1,,0.7534047130739727,16.633408950377586,0.2148921674176595,32.25796718165964,-0.0139355487829511,0.1616161616161616,0.1616161616161616,0.6471164712087407,-0.0226932738963506,test,train,val,val,1,-0.3931168460731707,-0.2548045116980044,-0.3151998483184167,0.144889753824101,-2.238612569549795,-1.7164243922437232,-0.4054282034634389,0.105871981753288,False,False,0.5901944191655377,0.2956708268330734,0.0,0.3766589976994704,0.4230505354093549,0.39173166926677067,0.6437892464678179,0.48681823008146285,none
31400,s31400.csv,202,1.002,3.022,2.02,0.7326732673267327,0.0049504950495049,0.0,147,0.7277227722772277,628.6238263756942,2077.605632,3.717936548785805,0.698019801980198,0.0,0.693069306930693,1,0.0049504950495049,,,,9,0,0.879883405418049,0.3444892435043509,3.029719585868912,4,0,0.9205701989055088,0.2769534529058587,3.914420089476868,15,0.03,0.5653874968783819,19.79882228370313,0.4332377867837528,34.16575999771799,-0.4776655888765733,0.3415841584158416,0.3465346534653465,0.9653880688786608,0.123106266459756,val,train,train,val,0,,,,,,,,,False,False,0.787859294752177,0.2476989079563182,1.0,0.629366414962532,0.5512552954367329,0.23182527301092043,0.41346153846153844,0.48551209064363177,none
31898,s31898.csv,472,0.502,5.292,4.79,0.9978813559322034,0.0063559322033898,0.0,468,0.9915254237288136,229.51162705404752,687.9648874999998,0.9680023969035786,0.2055084745762712,0.0,0.0,97,0.2055084745762712,112.32057569822314,251.718192,8.877981108262052,9,0,0.5992475796959996,0.585631125034417,5.071607826665088,4,0,0.7712960920745727,0.3898946008933276,,7,0.3499999999999997,0.6499085095380878,2.965216681697489,0.6698685056734294,52.0599797908732,-0.020465836907486,0.125,0.135593220338983,0.7879438171955622,0.1371917541581923,test,train,train,val,1,0.3801350533908352,0.4563726692781766,-0.228139448244165,0.1832010821460397,-0.0155638994347793,0.1435224893592177,-0.0157559593692813,0.3253618725035747,True,True,0.528850659833329,0.6379095163806552,0.0,,,0.6117004680187207,0.5397861067503924,0.48430330117004583,none
31550,s31550.csv,416,1.002,5.192,4.19,0.6971153846153846,0.0024038461538461,0.0,289,0.6947115384615384,569.0718913928191,1427.8645779999997,1.1531155459794806,0.6418269230769231,0.0,0.5961538461538461,19,0.0456730769230769,16.200094071135695,55.67958899999999,2.220186019817544,9,0,0.919175268752502,0.2801374695192329,2.790253570031815,4,0,0.9907978399415642,0.095647928820459,18.354191182851338,10,0.2999999999999998,0.505733594120402,10.976469283923098,0.5368626835085919,138.66187902431352,0.025629892964771,0.1754807692307692,0.1754807692307692,0.237298870466907,-0.0090364259548626,val,train,train,train,0,,,,,,,,,False,False,0.5079469363161047,0.4910686427457098,1.0,0.6020721468871089,0.5302770967377677,0.4517940717628705,0.4013932496075353,0.4836215190741762,none
31367,s31367.csv,833,0.502,8.892,8.389999999999999,0.8979591836734694,0.0024009603841536,0.0,746,0.8955582232893158,394.7934712236436,1421.6046700000002,1.6980420218015244,0.0,0.0,0.0,0,0.0,,,,9,0,0.9419634286116064,0.2224688538980232,8.810561224245234,4,0,0.7322141309552318,0.4680879796415589,5.6332053900288175,7,1.0,0.4843208799344281,6.868858998702885,0.8724030587542034,21.984974794447396,-0.0904307752336248,0.0876350540216086,0.0912364945978391,0.5697983889462985,0.1207432389101645,train,train,train,train,0,,,,,,,,,False,True,0.6177212689101307,0.5967628705148206,0.0,0.6724144151543087,0.6267937733450255,0.4143525741029641,0.20592948717948717,0.48280899566429425,none
32176,s32176.csv,99,7.012,7.992,0.9800000000000004,1.0,0.0101010101010101,0.0,98,0.98989898989899,199.29439280841055,685.9665769999997,3.146180310042793,0.7272727272727273,0.0,0.0,72,0.7272727272727273,78.03848818314368,128.08942749999994,3.83654560750518,9,0,0.5040536099851649,0.6807303521281788,4.053720537739455,4,0,0.2552847282444261,0.8475281180576564,2.8685444425452453,1,,0.7670452099494622,7.452600139323993,0.5864042358013163,18.167942703077667,-0.0255074099524346,0.1414141414141414,0.1414141414141414,-0.0070277030963446,0.0812098341530988,val,train,train,test,1,0.063010748812625,0.3589923611202179,-0.2341766095569847,-0.086468745327277,0.3756232772329111,0.5414907366306199,-0.2008749899549831,-0.0741382176189506,False,False,0.4780933459306858,0.2734399375975039,0.0,0.4882229373169945,0.4095035304299647,0.3589703588143526,0.808918759811617,0.4815874018742385,none
31393,s31393.csv,337,1.002,4.382,3.38,0.6824925816023739,0.0059347181008902,0.0,228,0.6765578635014837,780.5860405874881,2349.0935615,0.3198807355346785,0.2522255192878338,0.0,0.0,85,0.2522255192878338,14.577745069361583,44.431356,0.5905179440691194,9,0,0.974412563957068,0.1583416500795527,2.183209840474418,4,0,0.9152902948454416,0.2836336206216892,8.319138240195468,8,0.4600000000000004,0.6241830189660047,10.914273509069554,0.6172996835965844,34.68823074771632,0.0402228023542947,0.2908011869436201,0.3086053412462908,0.8486190369123986,-0.012927175398967,train,train,train,train,0,,,,,,,,,False,True,0.6913991279417594,0.4859204368174726,0.0,0.4957445495394471,0.5607852125275653,0.48268330733229325,0.03429160125588697,0.47999848393474526,none
31544,s31544.csv,317,1.002,4.192,3.1900000000000004,0.722397476340694,0.0,0.0,229,0.722397476340694,477.301881262628,1369.414574,0.7398259861304437,0.8233438485804416,0.0,0.4668769716088328,113,0.3564668769716088,8.108634151157432,24.08461,1.1394435360273143,9,0,0.9634173741203386,0.1860221672886251,2.579185346366801,4,0,0.9911118570224212,0.0946349721338538,12.695732543711678,16,0.0499999999999998,0.4676081469363203,9.857622718465976,0.5567748348337364,58.8580414298248,0.1978157054157097,0.0914826498422713,0.1009463722397476,0.8058926274379744,-0.0335601559403585,val,train,val,train,0,,,,,,,,,False,False,0.5677732010105773,0.5031591263650546,1.0,0.5464310431065323,0.5387556275134308,0.5134165366614665,0.14403453689167975,0.4792684119674916,none
32524,s32524.csv,198,7.012,8.992,1.980000000000001,1.0,0.005050505050505,0.0,197,0.9949494949494948,308.94739198354875,253.3241259999997,13.660694681570437,1.0,0.0,0.005050505050505,197,0.9949494949494948,8.281522987311426,23.511566,2.879261798152945,9,0,0.2887877573919723,0.8263152829516112,4.44057831668593,4,0,0.078991615656324,0.9580522706382048,3.57680843820058,3,0.7550000000000003,0.5626664934052359,0.654501395339486,0.9240900696730416,-0.0691466749931224,0.0086578561220385,0.0,0.0,0.0275477690984777,-0.109198441760816,train,train,train,val,0,,,,,,,,,False,True,0.1745861692687131,0.483814352574103,0.0,0.4387812216390003,0.3620745491366857,0.5764430577223089,0.8572246206174778,0.4773539502080092,none
31666,s31666.csv,396,4.002,7.982,3.98,0.5959595959595959,0.0,0.0,236,0.5959595959595959,305.54739887662544,718.855055,2.4826779711142084,0.5606060606060606,0.0,0.3737373737373737,74,0.1868686868686868,12.8506089237162,28.70774449999995,6.890506271481434,9,0,0.2277829141266593,0.8672271161357132,4.05976517051141,4,0,0.1312884492788617,0.9334234770193686,3.1249013377878434,0,,0.5173487292692597,1.5293381465277154,0.8282604046026484,15.34133987914872,-0.0081071941534617,0.0252525252525252,0.0252525252525252,0.5332961286718267,0.4067741540593649,train,train,val,train,0,,,,,,,,,False,True,0.394814158811092,0.4929407176287051,0.0,0.3451871251272246,0.4142703442920963,0.4733229329173167,0.7847167713239142,0.47725900527792514,none
31887,s31887.csv,298,4.012,6.992,2.9800000000000004,0.9932885906040269,0.0033557046979865,0.0,295,0.9899328859060402,275.4887356125383,695.1356600000001,1.7218921346192344,0.9395973154362416,0.0,0.7684563758389261,51,0.1711409395973154,109.46516258033118,98.938005,5.110217718883458,9,0,0.6651960355772483,0.550075901592518,4.369998430261722,4,0,0.695447609765799,0.5348731885168017,6.075074699751654,3,1.435,0.3593625389297004,4.322095712122265,0.4907968504124036,102.6579488845786,-0.0006074726170682,0.0771812080536912,0.0771812080536912,0.3319914587789552,-0.0986458272549304,train,train,val,val,0,,,,,,,,,False,False,0.3114196967806941,0.4872464898595944,0.0,0.5995646424189106,0.4594025580497741,0.4934477379095164,0.6429552590266876,0.4771829894148545,none
31673,s31673.csv,450,4.612,9.132,4.52,1.0,0.0,0.0,450,1.0,99.72901806677233,292.9071204999999,1.1677914692304234,1.0,0.0,0.86,63,0.14,14.986678551045838,50.93661099999999,1.6623775475947495,9,0,0.7056417478186204,0.5091773946330411,3.5228551802163155,4,0,0.7866482968502178,0.4516943205180503,2.880454173548053,5,1.1949999999999998,0.5882009214518489,5.955080187825708,0.5462659018705566,119.32432821308868,0.0161955156973444,0.1177777777777777,0.1244444444444444,0.2222716211000706,0.1088092722848475,val,val,train,val,0,,,,,,,,,True,False,0.4589858185884541,0.6090483619344773,0.0,0.4318844988197494,0.5033773128289508,0.5719188767550702,0.29665423861852436,0.47574410689430535,none
31097,s31097.csv,796,3.012,10.992,7.98,1.0,0.0,0.0,796,1.0,162.89606791292047,636.87004,2.3803445170016406,0.6407035175879398,0.0,0.6394472361809045,1,0.0012562814070351,,,,9,0,0.7586452023474062,0.4916158790135588,3.19377001620729,4,0,0.6948261647688528,0.5533518527522652,3.4299587077768967,3,2.0000000000000004,1.1583766909469315,3.683939079756183,0.8105523947526259,38.63673522173468,0.0252861408375414,0.0427135678391959,0.0427135678391959,0.8010461776383587,-0.1300622505565759,train,val,val,train,0,,,,,,,,,False,True,0.4372974984408961,0.6695007800312012,0.0,0.5682158986122101,0.557844167048897,0.5266770670826832,0.3229166666666667,0.4755299611571736,kstar
32614,s32614.csv,88,4.002,4.872,0.8700000000000001,0.8181818181818182,0.034090909090909,0.0,69,0.7840909090909091,380.2262831569861,895.2261819999985,6.437253619502769,0.8636363636363636,0.0,0.0113636363636363,75,0.8522727272727273,11.907099414751189,36.77217499999999,1.6530301945506451,9,0,0.6912034300679522,0.4506619043952551,2.596031194292122,4,0,0.8201138960673373,0.4181440695489907,5.527238327467815,1,,0.922479268694276,2.665039517484261,0.7300461485431039,3.630995433682171,-0.1813094157607705,0.1931818181818181,0.1931818181818181,0.8355772686311131,-0.0394988855229009,train,val,train,train,0,,,,,,,,,False,True,0.5014698942768007,0.2608814352574103,0.0,0.6075038564643387,0.4490741222762754,0.35007800312012477,0.6258339874411303,0.47547284611691043,none
31057,s31057.csv,396,4.002,7.982,3.98,1.0,0.0,0.0,396,1.0,121.84626302074491,395.3126375,1.8142894261537863,1.0,0.0,0.9949494949494948,2,0.005050505050505,,,,9,0,0.4035395193272785,0.7607868893957873,3.793321757470304,4,0,0.4627383777185194,0.7323005878008297,4.111373524928978,7,0.5,0.700671140939595,3.72287257813867,0.6150323142385292,42.42330816327033,0.0061597762957062,0.1161616161616161,0.1287878787878787,0.8141002161016628,0.1759542076982559,train,train,val,train,0,,,,,,,,,False,True,0.5604636173833082,0.4958268330733229,0.0,0.6148648582046746,0.5541611151212232,0.45366614664586585,0.22355769230769232,0.47536892645019385,none
31323,s31323.csv,261,1.002,3.622,2.62,0.7318007662835249,0.0,0.0,191,0.7318007662835249,56.84473788538512,181.09483,1.025206275074234,0.9042145593869731,0.0,0.4789272030651341,111,0.425287356321839,9.55350015224692,22.515944999999995,2.1356654546440472,9,0,0.8019369500889421,0.4231752782017602,3.722057126424122,4,0,0.7966869065607982,0.448050018186343,5.649500449945103,7,0.4100000000000001,0.6547505355806216,2.7295205933299544,0.2446882042876224,183.5521529663349,0.0176329896983501,0.0114942528735632,0.0153256704980842,0.96580281133546,0.2342388449005723,test,test,train,val,2,-2.321368723132154,-1.1016628029141158,-0.0952737104425043,0.227133986521834,-3.2485274986029165,-1.4043216047072336,-0.2008767672048373,0.1299324787249123,False,False,0.4311022033254018,0.4432527301092043,0.0,0.635568676406013,0.4966948296239161,0.4867394695787831,0.37308673469387754,0.47532476049411737,none
32334,s32334.csv,298,7.512,10.492,2.9800000000000013,1.0,0.0,0.0,298,1.0,182.87999231514584,619.8100524999996,2.5844941321736243,1.0,0.0,0.8389261744966443,48,0.1610738255033557,30.854676955686276,101.72020849999998,3.839568169729568,9,0,0.0546456438279929,0.9704009764778332,3.370598980916104,4,0,0.1057990065382011,0.9461675533212112,2.802697627887217,2,,0.7319569964280841,1.985041073394234,0.8347620700827513,8.989707492995437,0.0407156881210734,0.0335570469798657,0.0335570469798657,0.6498141035472679,0.1124575603560083,val,test,train,train,1,0.3462827803577033,0.5196841835499331,-0.6798988879975497,-0.0259757533444198,0.2768948257623029,0.4734290781713361,-0.6244998046924293,0.0232284447239284,False,True,0.407936241519083,0.496996879875195,0.0,0.2550522006010647,0.3932422526683167,0.4981279251170047,0.7661237571951858,0.47480843617196433,none
32136,s32136.csv,327,1.002,4.292,3.29,0.7859327217125383,0.0030581039755351,0.0,256,0.7828746177370031,617.7638856331891,1974.3593125,0.6951013724649235,0.9969418960244648,0.0,0.6972477064220184,98,0.2996941896024465,19.654247331430373,48.573444,1.3455414712841005,9,0,0.9567239859075728,0.2094022179332794,2.8428935041395125,4,0,0.9554025580149704,0.2131241031954214,4.409769510904897,6,0.31,0.4971888257142353,6.88730069745267,0.731341160147523,33.783420404026806,-0.0301474185921401,0.1223241590214067,0.1345565749235474,0.6400332944497877,0.0411041186046353,train,train,train,train,0,,,,,,,,,False,True,0.5828416182352445,0.5124414976599064,0.0,0.4503634603212486,0.5184581286596773,0.5177847113884555,0.16805664573521717,0.4747293859344254,none
32089,s32089.csv,645,3.012,9.492,6.48,0.896124031007752,0.0015503875968992,0.0,577,0.8945736434108527,256.27536204536733,754.36484,2.3731185070596497,1.0,0.0,0.9984496124031008,1,0.0015503875968992,,,,9,0,0.8616647992960934,0.3469676085119084,6.315078461276687,4,0,0.8293266300491402,0.4056242585286764,7.156382645388445,6,1.4999999999999996,1.158864210519336,4.803855396114973,0.4941684590674436,222.9784465218756,0.007702452660442,0.1240310077519379,0.1333333333333333,0.2577024199599435,0.0510848720019895,train,train,train,val,0,,,,,,,,,False,False,0.4081953309450682,0.5803822152886116,0.0,0.8137588244320257,0.5901297885113956,0.45491419656786275,0.31971153846153844,0.47444483234470014,none
31251,s31251.csv,675,3.512,10.292,6.779999999999999,0.9955555555555556,0.0,0.0,672,0.9955555555555556,153.05069869439097,523.803338,1.095785593555895,1.0,0.0,0.994074074074074,4,0.0059259259259259,,,,9,0,0.76288308792491,0.4696631488753019,3.875765710635129,4,0,0.8287237712264954,0.4167410959102164,3.972500122202871,11,0.5,0.8667104959827869,3.903817621569861,0.7253244669975705,60.0345754077186,0.0511176222900918,0.0474074074074074,0.0533333333333333,0.4828281499460296,0.166264896155744,val,test,train,train,1,-0.6251649834475717,0.0506158125741681,,,-0.4887114378361819,0.1684932558184163,,,False,True,0.4328743080561966,0.6771840873634946,0.0,0.661751434553454,0.5870458687629281,0.5745709828393136,0.10096153846153846,0.4740976315048333,none
32214,s32214.csv,447,3.512,7.992,4.48,0.6420581655480985,0.017897091722595,0.0,279,0.6241610738255033,519.8996750491951,1533.4045049999995,8.729161062175718,1.0,0.0,0.9977628635346756,1,0.0022371364653243,,,,9,0,0.5642788714795774,0.6391897602057585,3.893423667612753,4,0,0.8250734471129599,0.4140057497813607,2.43196383399421,3,0.96,0.8204115948386154,6.845454323989251,0.81293866658835,16.117666029572426,-0.0640011401032171,0.0782997762863534,0.0894854586129754,0.7476072233404989,0.2560499933321248,train,val,train,train,0,,,,,,,,,False,True,0.6519386446028421,0.4179407176287051,0.0,0.5214502785354187,0.5308928603416672,0.3269890795631825,0.4623397435897436,0.4739457285249,none
32185,s32185.csv,288,6.312,9.192,2.88,0.5625,0.0277777777777777,0.0,154,0.5347222222222222,266.74338965521326,561.0803449999992,8.102919789752553,0.9826388888888888,0.0,0.8368055555555556,42,0.1458333333333333,43.23870516670437,118.1263325,0.4596833138921539,9,0,0.109803733893187,0.9592352258673266,3.342458176853095,4,0,0.6449010893125247,0.5732291555902593,3.2720957507108763,0,,0.2739784110382848,14.555404487386856,0.8680639583713871,4.186214665040101,-0.0168377807094462,0.1145833333333333,0.1493055555555555,0.6517444728281654,-0.0021493543314293,val,train,train,train,0,,,,,,,,,False,True,0.680741925465359,0.3819422776911076,0.0,0.2902193489289429,0.4590052757834462,0.38814352574102967,0.4715626635269492,0.4737472898044034,none
31991,s31991.csv,393,2.212,6.192,3.98,0.9643765903307888,0.0,0.0,379,0.9643765903307888,313.9934215464312,1122.7976669999994,3.212898353322758,0.9363867684478372,0.0,0.8753180661577609,24,0.0610687022900763,66.68413121535414,39.10318799999999,1.6682839498405768,9,0,0.552788262491392,0.6539427097399341,3.4072251951082397,4,0,0.5680584017413198,0.6507057046170361,3.125353628152932,3,0.6349999999999998,0.4890204847204129,3.7090408180348575,0.803368607025473,22.092704974359936,0.0399028438280999,0.0559796437659033,0.0610687022900763,0.7133562942251067,-0.1353695627451679,val,train,val,train,0,,,,,,,,,False,True,0.4240393982216079,0.5099843993759751,0.0,0.4230463203553712,0.4538222252657654,0.48689547581903275,0.5815835949764521,0.47266449709386893,none
31683,s31683.csv,833,4.612,12.992,8.38,0.9987995198079233,0.0,0.0,832,0.9987995198079233,142.5365612388319,486.161533,2.1368114084922665,1.0,0.0,0.9987995198079233,1,0.0012004801920768,,,,9,0,0.6910301495065855,0.5518462630504642,3.5676246096872224,4,0,0.6297123949353707,0.561119371449275,3.4037899119875537,16,0.0199999999999995,0.7112338858195218,4.440968142730807,0.4803439350818129,180.5673516730105,-0.0316228403694801,0.1092436974789916,0.1140456182472989,0.3192264363969101,0.3117161890917642,train,val,train,train,0,,,,,,,,,False,False,0.45779751834056,0.6758190327613104,0.0,0.53488941524494,0.5572326174591367,0.5316692667706708,0.27163461538461536,0.47098556680486964,none
31805,s31805.csv,324,1.002,4.292,3.29,0.8148148148148148,0.0030864197530864,0.0,263,0.8117283950617284,545.4458785397352,1694.649616999998,0.5580098737807887,0.6975308641975309,0.0,0.6080246913580247,29,0.0895061728395061,24.05993921535352,75.41224999999999,0.6308642534470322,9,0,0.947228402906458,0.2261076404111535,2.630434198125036,4,0,0.9888102474597829,0.1029266355261184,5.980116188271992,10,0.1600000000000001,0.5398946653924475,8.58901052815038,0.7544367067202962,16.16851657498694,0.1115328644932626,0.2253086419753086,0.2253086419753086,0.678641284593371,0.0226296712599166,train,train,train,train,0,,,,,,,,,False,True,0.6563515670663038,0.4671996879875195,1.0,0.5697408568828739,0.5641651963337003,0.4491419656786272,0.051739926739926737,0.46978437393476213,none
31083,s31083.csv,675,3.512,10.292,6.779999999999999,0.9925925925925926,0.0,0.0,670,0.9925925925925926,120.15054889399164,396.0612314999999,1.205938316809525,1.0,0.0,0.9985185185185184,1,0.0014814814814814,,,,9,0,0.7756011211468276,0.4452307657606209,3.37752442906282,4,0,0.5663560690594742,0.6576680542157982,2.354502971828482,13,0.2900000000000005,1.0497678950776814,4.724487731114414,0.7414770797836651,106.51970150130644,-0.0673973859036412,0.1377777777777777,0.1392592592592592,0.5222806106228057,0.0812010743818576,train,train,train,train,0,,,,,,,,,False,False,0.5296727148667064,0.6198907956318253,1.0,0.6343804120047422,0.5926613522759087,0.4889235569422777,0.12099358974358974,0.4677773374991728,none
31717,s31717.csv,596,5.712,11.692,5.98,0.9328859060402684,0.0,0.0,556,0.9328859060402684,178.74478153145105,473.45726250000007,0.7229703831575646,1.0,0.0,0.9983221476510068,1,0.0016778523489932,,,,9,0,0.7482885927464599,0.4873673783890911,3.2470663541566616,4,0,0.8714392045090362,0.3572763590860479,4.727393260894328,9,0.7450000000000001,1.3507229940459322,5.252978978471015,0.8062757143523281,19.33363712683697,-0.098693818743472,0.1442953020134228,0.1459731543624161,0.8855030785672263,-0.0513753703819898,test,val,val,val,1,-0.0201871669854455,0.3038073961172184,,,-0.5238338172742614,-0.12618568566891,,,False,True,0.6126399951114346,0.5647815912636506,0.0,0.6530955075195991,0.6080262074871595,0.45023400936037444,0.03766025641025641,0.46749896686705855,none
31716,s31716.csv,313,6.012,9.152,3.14,0.9936102236421726,0.0031948881789137,0.0,310,0.9904153354632588,168.86700220592377,415.9857455,2.752732547458121,0.0,0.0,0.0,0,0.0,,,,9,0,-0.0980993786926573,1.0460983775850574,5.0433979991223605,4,0,0.2993995657572742,0.8371277552582942,3.887607118899939,3,1.5699999999999998,0.4880775696114823,39.79096999837216,0.0821282836534799,282.77018928085624,-0.0050966324987007,0.2076677316293929,0.2172523961661341,0.9919555595058718,0.9746637363756252,val,train,train,train,0,,,,,,,,,False,False,0.8211511208303355,0.3387285491419657,0.0,0.4344381766591039,0.5362893374880365,0.2511700468018721,0.3661858974358974,0.4669069660840997,none
32005,s32005.csv,295,8.002,10.992,2.99,0.9423728813559322,0.0135593220338983,0.0,274,0.928813559322034,248.20302534890024,532.4871034999999,1.1243138222241733,1.0,0.0,0.9966101694915256,1,0.0033898305084745,,,,9,0,0.5235604895328215,0.6917839231657272,9.018497318073988,4,0,0.97814675737179,0.10081157013702,6.850503970131475,6,0.3599999999999994,0.6123106976567759,9.673496465671132,0.6441818793804938,23.47450242141837,-0.0609376372869173,0.2711864406779661,0.2711864406779661,0.9428222839589352,0.0637119474255634,train,train,train,train,0,,,,,,,,,False,True,0.731840890981413,0.378588143525741,0.0,0.6609994909772468,0.5869500093706779,0.324804992199688,0.10576923076923077,0.46448957243627076,none
32027,s32027.csv,396,2.212,6.192,3.98,1.0,0.0,0.0,396,1.0,163.11967125784858,478.4656700000001,1.7684811216217644,0.5833333333333334,0.0,0.5631313131313131,8,0.0202020202020202,157.73776154007317,313.233987,,9,0,0.5451000732204775,0.6646350412506314,3.7419034976737295,4,0,-0.0959650656205401,1.0476875324952684,3.3391588713578577,10,0.0599999999999996,0.9815781115295618,4.228940046282024,0.8597983450558044,7.808382998169216,-0.0766260001966957,0.0833333333333333,0.0883838383838383,0.5806836338209522,-0.0340163271510164,val,val,val,test,1,-0.0336378169870363,0.2701853164305399,,,-0.0481512498320191,0.260334266298544,,,False,True,0.4821063413443137,0.5063572542901715,1.0,0.6250930219145043,0.5334901650464211,0.47706708268330733,0.21314102564102563,0.4611938426099465,confirmed
32132,s32132.csv,226,1.022,3.292,2.27,0.8362831858407079,0.0044247787610619,0.0,188,0.831858407079646,359.04216823713045,1034.5279965,0.8972087661470051,0.0619469026548672,0.0,0.0575221238938053,1,0.0044247787610619,,,,9,0,0.9205801229323892,0.2778632920354119,5.47913367929907,4,0,0.8988481060244914,0.3167055229678593,4.07202982453947,5,0.2349999999999998,0.5304740545529668,17.342715882657416,0.6835071231418366,14.490717487005677,-0.3043642844608891,0.3805309734513274,0.3805309734513274,0.9458471059047024,0.1505384118439161,val,train,train,train,0,,,,,,,,,False,True,0.8234714205878123,0.2889235569422776,0.0,0.6296650511706484,0.578237757486726,0.27269890795631824,0.06891025641025642,0.4609072854960067,none
31023,s31023.csv,149,5.012,6.492,1.4800000000000004,0.9798657718120806,0.0,0.0,146,0.9798657718120806,57.88989404099621,172.24985,2.315598621514347,0.9328859060402684,0.0,0.0,139,0.9328859060402684,12.504218341164163,39.30543599999999,2.95666790811554,9,0,0.3870001444922393,0.7386076588072541,3.768523883888668,4,0,0.0805149161731745,0.9489342494974778,4.075851303694282,1,,0.4733848029256381,1.1531702593016335,0.5657606038532546,20.359322409892545,-0.0287221984417803,0.1006711409395973,0.1006711409395973,0.8283243201897651,-0.1952349675374816,train,train,train,train,0,,,,,,,,,False,False,0.3424073659191433,0.3749219968798752,0.0,0.4537692860751989,0.3871960628022162,0.4606864274570983,0.6977040816326531,0.4597177859147601,none
31794,s31794.csv,298,3.512,6.492,2.98,1.0,0.0,0.0,298,1.0,82.90964055988245,304.29553350000003,2.1663020674429365,1.0,0.0,0.9362416107382552,19,0.0637583892617449,24.03378953760408,75.678033,2.307011719357164,9,0,0.3337816832463707,0.7960124993600081,3.2304956009571164,4,0,0.6588667045920494,0.5865789252249383,2.728439126136287,3,0.7550000000000001,0.6011017323717415,2.6619064084525146,0.8138506206122966,9.77629907923227,0.0678281921853061,0.0503355704697986,0.0570469798657718,0.7957068460474285,-0.0121379078268286,test,val,train,train,1,-0.3551528952011273,-0.0804817515295543,-0.0046131682488415,0.305481685222827,-0.3908782731727129,-0.0104997806901983,-0.236636064850336,0.1442030861665161,False,True,0.4278510242618297,0.4650936037441497,0.0,0.3759774247312986,0.4253238472214824,0.46489859594383776,0.5873724489795918,0.4588172267127176,none
31089,s31089.csv,675,3.512,10.292,6.779999999999999,1.0,0.0,0.0,675,1.0,34.82497828617662,112.95362699999998,1.7832728909556248,1.0,0.0,0.9985185185185184,1,0.0014814814814814,,,,9,0,0.5846429922891945,0.6365942401098457,3.276784228328923,4,0,0.6272160844509561,0.6041736168647331,3.651512770779411,5,1.4999999999999996,0.8032105109798439,2.9122670391239778,0.7190935322728812,48.043214138415465,-0.0167546978190137,0.1644444444444444,0.1718518518518518,0.6182192411405625,0.0158155005237788,test,train,train,train,1,-1.011427331706003,-0.5324801504890622,,,-0.5464418108469569,-0.1510721868283924,,,False,True,0.4681483508157734,0.6253510140405616,0.0,0.5582910980813643,0.5502121071241266,0.4951638065522621,0.21794871794871795,0.4549460002701492,none
32459,s32459.csv,149,5.012,6.492,1.4800000000000004,1.0,0.0,0.0,149,1.0,157.92364460104352,223.5609319999999,3.311132485978356,0.7651006711409396,0.0,0.0067114093959731,113,0.7583892617449665,23.098525516013275,66.88445199999998,2.0074854158638304,9,0,0.1267658222923203,0.927977745245158,3.59505916782828,4,0,0.123195661491386,0.9140720576803856,3.1076014049183462,1,,0.5462418806062476,3.415308239120127,0.668050621263174,22.716886409440605,0.0161438490246006,0.0671140939597315,0.0671140939597315,0.827761912921236,-0.0586811591748129,train,train,train,val,0,,,,,,,,,False,True,0.4275869088135136,0.3757020280811232,0.0,0.2879905055953371,0.367548279591724,0.45756630265210607,0.658768315018315,0.4533164167969444,none
32137,s32137.csv,250,1.002,3.522,2.52,0.888,0.0,0.0,222,0.888,691.5058669992849,2036.671519,0.4803657677778472,0.4,0.0,0.396,1,0.004,,,,9,0,0.9631283053317172,0.1913341872039758,2.920721308179363,4,0,0.9269006603788736,0.2689795465125785,4.769812556382822,9,0.1550000000000002,0.4723961356271712,13.91828672623685,0.7504576742141337,29.025997090173867,-0.0823767496570944,0.2,0.208,0.821377510967039,0.4245837300179559,val,val,train,train,0,,,,,,,,,False,True,0.8073849281573782,0.318603744149766,1.0,0.6073483945226366,0.5763005536642913,0.2954758190327613,0.008814102564102564,0.45283018062332886,none
32336,s32336.csv,156,3.512,5.072,1.56,1.0,0.0,0.0,156,1.0,133.0768534667903,381.9337100000001,2.488714473773812,0.2179487179487179,0.0,0.0,34,0.2179487179487179,137.04422128458285,421.442335,2.1440459306245008,9,0,0.453175764573124,0.7134603846969745,3.787033946161415,4,0,0.2005026699234357,0.9078538120161026,2.92341918558587,2,,0.7154655361909239,4.069495688435025,0.4981418268882269,27.70166873331445,-0.0025009669059026,0.2628205128205128,0.2692307692307692,0.4068809588244183,0.06644704365627,train,train,train,train,0,,,,,,,,,False,False,0.4700779727107917,0.3383385335413416,0.0,0.4290511759959702,0.4116611299870377,0.3845553822152886,0.6205030088958661,0.4522786724331284,none
31101,s31101.csv,1445,0.502,14.992,14.49,0.997923875432526,0.0,0.0,1442,0.997923875432526,237.7781453744264,754.9379939999999,0.912145455571365,0.9377162629757786,0.0,0.936332179930796,2,0.0013840830449826,,,,9,0,0.9024718099793342,0.2989798843944509,3.521250112564384,4,0,0.863833662193829,0.3878102848961977,2.5897084711718814,50,0.1200000000000001,0.3865484784793932,5.281404771368019,0.5278673097746192,453.2390705244114,-0.0128968563082752,0.103114186851211,0.1058823529411764,0.3682233259849959,-0.0112508432361879,train,train,train,train,0,,,,,,,,,False,False,0.4069483334743953,0.7388455538221529,1.0,0.4986543178523637,0.5506241559095009,0.6106084243369736,0.06971153846153846,0.4515827482241933,none
31506,s31506.csv,745,4.512,11.992,7.480000000000001,1.0,0.0,0.0,745,1.0,162.52107977887374,509.73709599999984,1.0676808522122827,1.0,0.0,0.9986577181208054,1,0.0013422818791946,,,,9,0,0.8995082757635566,0.3117935487227336,3.5076721934595887,4,0,0.7815237846686409,0.4597680524263848,2.8911098949561387,7,1.125,0.6456702533097727,5.296692086722533,0.8331609827947507,23.592189207997063,0.016209101770255,0.0791946308724832,0.0845637583892617,0.5254995145099497,0.1127951347622338,val,val,test,train,1,-0.1307257640313616,0.2313718556179754,,,-0.2587825948895337,-0.0067250035550943,,,False,True,0.5427911537562211,0.652223088923557,0.0,0.4504619924738203,0.5533935826800684,0.5160686427457098,0.09775641025641026,0.45149756363468485,none
31319,s31319.csv,249,1.002,3.492,2.49,0.9839357429718876,0.0,0.0,245,0.9839357429718876,44.04523462466053,150.0855,1.459382137914613,0.6947791164658634,0.0,0.6907630522088354,1,0.0040160642570281,,,,9,0,0.3942979930004796,0.6343011905694796,8.108223372889546,4,0,0.8406917156786776,0.3719074111565953,7.93759068843533,2,,0.8665375575197799,3.825802197287767,0.2694981168587353,186.3537558916878,0.0012500380330035,0.1044176706827309,0.1044176706827309,0.9836096970456704,0.9496653072409836,test,train,test,train,2,-2.3635038395699426,-1.0667417150485514,,,-3.60778594741428,-1.9860616990589597,,,False,False,0.6039004471639408,0.3288221528861154,0.0,0.8072908637892309,0.5686401691542888,0.30826833073322935,0.17227564102564102,0.4514124421647048,none
32150,s32150.csv,288,6.312,9.192,2.88,0.7152777777777778,0.03125,0.0,197,0.6840277777777778,509.2610673908759,1443.8620299999998,11.7722019906953,1.0,0.0,0.9965277777777778,1,0.0034722222222222,,,,9,0,0.0757506752178428,0.9527398767107246,3.4337450081769108,4,1,0.361386199046704,0.799283853517102,3.271041002341107,0,,0.6752004634939188,7.792376735858149,0.8889386893220563,2.907376030891756,-0.0447120804228114,0.1319444444444444,0.1597222222222222,0.5636788189581038,0.2936292927188095,val,train,train,val,0,,,,,,,,,False,True,0.7018577532322576,0.3169656786271451,0.0,0.3748719729382683,0.4690497930322714,0.2811232449297972,0.47996794871794873,0.4512326121900287,none
31892,s31892.csv,642,4.012,10.492,6.480000000000001,0.9968847352024922,0.0,0.0,640,0.9968847352024922,114.40138207000876,325.5287084999999,1.571804618312767,1.0,0.0,0.9984423676012462,1,0.0015576323987538,,,,9,0,0.6081091510189803,0.614532370188571,4.739271332669695,4,0,0.5645691267732977,0.6612345982718988,3.9365079713720847,6,1.5,0.745233689569828,2.3897134974782475,0.6659955911587087,53.16313451650735,-0.0059628358251965,0.1152647975077881,0.1152647975077881,0.6591048593857745,0.066826763121553,train,train,train,train,0,,,,,,,,,False,True,0.4325126986745212,0.6053432137285492,0.0,0.6667851765621509,0.5632851223097198,0.47987519500780035,0.19230769230769232,0.450567817935953,none
31548,s31548.csv,389,1.002,4.922,3.92,0.7840616966580977,0.0077120822622107,0.0,302,0.7763496143958869,548.0424929356534,1502.34336,0.9370710115819898,1.0,0.0,0.9974293059125964,1,0.0025706940874035,,,,9,0,0.9255779310055996,0.2739039639818694,2.4358840489797786,4,0,0.9414066875186884,0.2367483199605727,1.97980243810592,16,0.1299999999999999,0.5239337220006137,16.89240624483166,0.5943729801297274,51.524094093748985,-0.0996616518069468,0.2082262210796915,0.2185089974293059,0.9534823458265111,0.1006713549848831,train,val,train,test,1,-0.0660619943177027,0.256104180305697,,,0.0436215639386546,0.3240516772547941,,,False,False,0.7691358733362809,0.4151326053042121,1.0,0.4448514184069825,0.5479493930462672,0.353198127925117,0.07532051282051282,0.45004580285505535,none
31055,s31055.csv,223,4.002,6.282,2.28,0.9417040358744396,0.0089686098654708,0.0,208,0.9327354260089686,281.63603534090566,658.1765869999998,1.4732101966059274,1.0,0.0,0.7713004484304933,51,0.2286995515695067,7.570452233861514,21.10644,1.1902071180061258,9,0,0.9739403250347524,0.1529517896271882,6.833966190982842,4,0,0.8454014751017066,0.3928661167849542,3.326952436624635,5,0.2449999999999996,0.9941329266354269,2.858326351396996,0.7355256096185712,17.197524874654476,-0.054152267768253,0.085201793721973,0.1031390134529148,0.442016375110383,0.4110193864421991,test,val,train,train,1,0.209298329886739,0.3228518438075989,-0.8536710194617624,-0.7045505766326645,0.3477656269010695,0.4352866200405706,-11.4333213818826,-9.700562643548936,False,True,0.4447851872415026,0.403978159126365,0.0,0.6465796147520597,0.4910410556543716,0.4388455538221529,0.2898024594453166,0.44943108883091837,none
31324,s31324.csv,296,1.002,3.972,2.97,0.9527027027027029,0.0,0.0,282,0.9527027027027029,57.31871642810007,163.21461999999997,0.675989368832163,0.8547297297297297,0.0,0.5337837837837838,95,0.3209459459459459,81.98168037600121,141.427209,0.6471529416400515,9,0,0.7007050494255392,0.5254629224566078,3.318300220850233,4,0,0.8514568510828613,0.3815240514570565,7.329521732375221,4,1.01,0.3889510702096195,0.9705446446748832,0.7061424069959897,26.256084623711292,0.0472422105633999,0.0878378378378378,0.0878378378378378,0.915324346360566,0.5551554590593801,train,train,val,train,0,,,,,,,,,True,True,0.5013264737681798,0.4976209048361935,0.0,0.5287327272287624,0.5082514006801594,0.5224648985959438,0.06871402407116693,0.4490009142638209,none
31642,s31642.csv,596,3.512,9.492,5.98,1.0,0.0,0.0,596,1.0,122.62563468236098,468.6970575,1.840447044183246,1.0,0.0,0.9983221476510068,1,0.0016778523489932,,,,9,0,0.6789494766143154,0.568226300929764,6.187370058097479,4,0,0.6522892490665404,0.5921015401165783,3.07589571646681,12,0.1,0.7391469114489042,4.614072849617929,0.9629395277474934,0.0891542441377417,0.0073617122344203,0.0,0.0,0.4699553714207216,-0.2435570357781855,val,val,train,test,1,-0.510494168982728,-0.2009582419734819,,,-0.2631869876749284,0.0116740178520781,,,False,True,0.3819610591652974,0.5814352574102963,1.0,0.7423137403110028,0.5598828328947586,0.46926677067082684,0.2267628205128205,0.44765651014149344,none
32310,s32310.csv,596,2.012,7.992,5.98,0.947986577181208,0.0016778523489932,0.0,564,0.9463087248322148,65.5053000947552,228.53990200000004,1.431392123610823,0.8993288590604027,0.0,0.825503355704698,44,0.0738255033557047,5.99837909911776,18.5852275,,9,0,0.8355196914425648,0.4001983580125682,4.583888167706209,4,0,0.7284687551250457,0.5215618986247762,3.686999968869656,7,0.885,0.3247859369540652,1.0145796162087937,0.7963624721537031,34.67141302168742,0.020519184786806,0.0721476510067114,0.0755033557046979,0.7188343530863528,-0.055045031925156,train,train,train,train,0,,,,,,,,,False,True,0.3515761390576981,0.6615444617784711,0.0,0.5307194096869289,0.5138080331987379,0.5946957878315133,0.1642628205128205,0.4475984913798772,none
32302,s32302.csv,115,5.012,6.152,1.1400000000000006,0.9565217391304348,0.0260869565217391,0.0,107,0.9304347826086956,202.33946171985025,287.44087399999995,2.031998832099947,1.0,0.0,0.991304347826087,1,0.008695652173913,,,,9,0,0.5905402555022826,0.5996444789188771,7.002171131066276,4,0,0.699713222519692,0.5185068693152498,5.375085645953733,4,0.0100000000000006,0.7386630274719628,11.088543053538045,0.4922511514668202,14.719588774805832,-0.0441672507582254,0.217391304347826,0.2260869565217391,0.9370515681191962,0.095108683483287,train,train,train,train,0,,,,,,,,,False,False,0.725745438358297,0.1735179407176287,0.0,0.7465188884616014,0.5386978492150545,0.19875195007800311,0.25400641025641024,0.4473032063463921,none
31802,s31802.csv,177,1.022,2.792,1.7699999999999998,0.8531073446327684,0.0,0.0,151,0.8531073446327684,547.8744946748817,1750.69503,0.7081100459600368,0.6666666666666666,0.0,0.6610169491525424,1,0.0056497175141242,,,,9,0,0.9130183804053256,0.2926097003446598,2.4424987769338733,4,0,0.8913867827014296,0.3300408610429185,4.4064324322226485,9,0.0449999999999999,0.5171152747839866,24.792189444673,0.5238644782313062,20.361571548806975,-0.1662012301415616,0.3672316384180791,0.3785310734463277,0.980843286534144,0.2149207741155036,test,train,train,test,2,-1.7614056245025436,-0.2150854977622155,,,-1.4469493267503135,-0.0725798662407077,,,False,False,0.8353758881539811,0.2495709828393135,1.0,0.6115243583012047,0.5631887123380145,0.2486739469578783,0.035256410256410256,0.4470994605129879,none
31218,s31218.csv,592,2.512,8.482,5.969999999999999,0.9442567567567568,0.0050675675675675,0.0,556,0.9391891891891893,238.2343617617758,714.49302,2.362648723431496,1.0,0.0,0.9881756756756755,7,0.0118243243243243,2.475002703594483,6.026498,,9,0,0.0534597910446594,0.9420002801711918,3.067907591699265,4,0,0.0450629116494239,0.9830839436590424,3.045763310938317,7,0.7400000000000002,0.4564113458652311,13.143911422939514,0.8697695562700037,29.739158568500805,-0.0236131664414507,0.0084459459459459,0.0168918918918918,0.3714896714912146,0.0321610055294373,test,test,test,train,3,0.3634545684704078,0.4339457551214044,,,0.3767254798789319,0.4497167873443173,,,False,True,0.5203927324221798,0.6204758190327613,0.0,0.1632029688359714,0.4482648836600208,0.5466458658346334,0.31810897435897434,0.4469729575397492,none
32014,s32014.csv,308,4.002,7.122,3.12,0.6915584415584416,0.0551948051948051,0.0,196,0.6363636363636364,556.54744403234,1666.6152950000003,10.466121897499477,1.0,0.0,0.9967532467532468,1,0.0032467532467532,,,,9,0,0.4129240460213577,0.7837780780993072,3.6306601048009375,4,0,0.803753505602365,0.4368818010255237,4.753375909856933,5,0.2550000000000003,0.9022270346199996,5.426529407678098,0.8881998617856789,2.85492996855003,0.0235866705359172,0.0584415584415584,0.0681818181818181,0.6019914320404264,0.052994869246161,train,test,val,train,1,0.3629506982823904,0.4489494646595039,,,0.3412018536646283,0.4245760294995844,,,False,True,0.5457943828796117,0.3414586583463338,0.0,0.6562064548191758,0.5074005008748337,0.2792511700468019,0.4735576923076923,0.44490340495163444,none
32061,s32061.csv,148,0.502,1.982,1.48,0.9594594594594594,0.0,0.0,142,0.9594594594594594,340.2796977538733,968.0190339999998,2.803655855910086,0.1621621621621621,0.0,0.1554054054054054,1,0.0067567567567567,,,,9,0,0.812373703809117,0.4480019869535863,3.923525267425412,4,0,0.5283577332349357,0.6006940956009559,4.72343982702698,9,0.07,0.4625530904582268,5.93986450999053,0.2525366494539868,60.050521462699095,-0.1244670760717568,0.1756756756756756,0.1891891891891892,0.8353304169445198,0.2273265187845738,train,train,train,train,0,,,,,,,,,False,False,0.6383296037155811,0.206786271450858,1.0,0.7216952742694308,0.5122991385890829,0.2234009360374415,0.36939102564102566,0.4445222005162194,none
31198,s31198.csv,148,3.522,4.992,1.4700000000000002,0.4932432432432432,0.0067567567567567,0.0,72,0.4864864864864865,292.1613868412689,767.4360285000002,3.435159226397104,1.0,0.0,0.9932432432432432,1,0.0067567567567567,,,,9,0,0.2213768336991141,0.8695960387336605,5.867402637833609,4,0,0.904402726882744,0.3159065431010898,16.351432893971563,0,,0.8006788074519305,11.253167212457736,0.2777701903098221,108.98895049260236,0.0312902252755943,0.0878378378378378,0.0878378378378378,0.9857351116016096,0.1723903677898642,train,val,val,train,0,,,,,,,,,False,False,0.6743394469410069,0.1649375975039001,0.0,0.7230999347315074,0.5106769459751697,0.18003120124804992,0.4030448717948718,0.4432360355604789,none
32434,s32434.csv,149,5.012,6.492,1.4800000000000004,0.959731543624161,0.0,0.0,143,0.959731543624161,230.1961621923253,309.1460010000003,2.5151601746507635,0.9932885906040269,0.0,0.4026845637583892,88,0.5906040268456376,19.88413887051032,62.74435699999999,2.441028307686226,9,0,0.3948375242039184,0.7671199632610695,3.286567084757579,4,0,0.2229405191366793,0.8749176760598844,3.8353577295717054,1,,0.51062091503268,0.6295108045278115,0.7848714944673608,5.186451276029087,0.0076456181439007,0.0939597315436241,0.0939597315436241,0.4973204491494905,0.248242199340721,train,train,train,train,0,,,,,,,,,False,True,0.3858967209306583,0.3408736349453978,0.0,0.4214068915463655,0.3807916920205292,0.41107644305772234,0.6606979330193616,0.44251531718714554,none
31058,s31058.csv,396,4.002,7.982,3.98,1.0,0.0,0.0,396,1.0,92.67292022283102,239.34516999999997,2.5437313969231665,1.0,0.0,0.9949494949494948,2,0.005050505050505,,,,9,0,0.5556776843064067,0.6640248236531364,3.455872710254189,4,0,0.4389017361581855,0.7483119818402002,4.29311388492686,8,0.2000000000000001,0.4951143041524097,3.2160601779143017,0.675011115316668,40.955208812763445,0.0039882291482053,0.0883838383838383,0.0934343434343434,0.3919610692248729,0.01785852822344,val,train,train,train,0,,,,,,,,,False,True,0.3590877411725184,0.4958268330733229,1.0,0.6712758463440206,0.5006028548892506,0.45366614664586585,0.3421474358974359,0.4412062733463203,none
32521,s32521.csv,198,7.012,8.992,1.980000000000001,0.9848484848484848,0.0151515151515151,0.0,192,0.9696969696969696,504.02962800042496,1505.458890999994,8.771501046925371,1.0,0.0,0.5,99,0.5,5.08230729206404,15.617110999999994,1.9616085616782912,9,0,0.2894438244395597,0.8268542167614351,3.65962490113276,4,0,-0.1066726345859944,1.0620044520799603,3.014973694860382,4,0.4299999999999997,0.891938917347899,1.0190356582008224,0.9019939938966745,0.6782337573441468,-0.0411802037308509,0.0202020202020202,0.0202020202020202,0.224042259251195,0.067839522592167,train,train,train,train,0,,,,,,,,,False,True,0.2867723506774088,0.4165366614664587,0.0,0.3823584582050449,0.360865691711867,0.47737909516380655,0.7105900052328624,0.4409256127844313,none
31985,s31985.csv,447,3.512,7.992,4.48,0.9865771812080536,0.0,0.0,441,0.9865771812080536,131.85366186846096,117.41073999999998,2.589114931712307,0.8299776286353467,0.0,0.5950782997762863,105,0.2348993288590604,21.859297332805628,69.33317999999998,1.7894268581339052,9,0,0.2562814627313223,0.8466948551345269,3.312772613756527,4,0,0.1401423862743648,0.9231373500730672,3.1810048299030305,4,1.4999999999999996,0.8072131147540992,1.0412300283276352,0.9469652668528824,0.3948380222479359,0.0071752592379786,0.0,0.0,0.0312291356619187,-0.1258133357423486,train,train,train,train,0,,,,,,,,,False,True,0.1966005996126708,0.6177847113884555,0.0,0.3801189106987284,0.3990705320600127,0.6053042121684866,0.547537284144427,0.4402502939776692,none
31027,s31027.csv,149,5.012,6.492,1.4800000000000004,0.9798657718120806,0.0,0.0,146,0.9798657718120806,35.621006352991245,90.3786425,2.441089136145776,0.4899328859060403,0.0,0.0,73,0.4899328859060403,28.6637969084054,52.61590199999999,6.392050575278264,9,0,0.2961548360049365,0.8037710888715933,3.603795768245879,4,0,0.1664357082255119,0.91867204558448,3.288854942687276,1,,0.8019210539498094,1.1403891727806892,0.9197494650075404,-0.3252914350304836,-0.0480562666302115,0.0,0.0,0.2100187751745887,0.3190863628697957,val,train,train,train,0,,,,,,,,,False,True,0.3239997666327557,0.3334243369734789,0.0,0.4450353411982749,0.3636090386216646,0.3984399375975039,0.7749542124542125,0.43957433807670143,none
32178,s32178.csv,409,2.212,6.332,4.119999999999999,0.9926650366748166,0.0,0.0,406,0.9926650366748166,217.8801690230095,567.9137725,2.030764885211455,1.0,0.0,0.9951100244498776,2,0.0048899755501222,,,,9,0,0.7277856737081679,0.487955639829713,4.743252468079968,4,0,0.7270121771550442,0.507866315920641,3.451682646498205,4,1.0,0.6112986650974067,5.83193949354983,0.6740125420141352,73.69672932639398,-0.0264539085107739,0.0782396088019559,0.0806845965770171,0.3480963300939438,0.0432940084660892,val,train,train,train,0,,,,,,,,,False,True,0.4322056545361674,0.5064352574102964,0.0,0.584729405542117,0.5039431408438975,0.46021840873634945,0.25080128205128205,0.4390786629943999,none
31744,s31744.csv,297,3.012,5.992,2.98,0.9865319865319864,0.0,0.0,293,0.9865319865319864,332.1099448857888,1130.639974,1.1396955581843553,0.0,0.0,0.0,0,0.0,,,,9,0,0.9524186884699488,0.2189784856872905,2.265208613696161,4,0,0.7981988190218294,0.4404498854243819,4.1099116034492775,12,0.1299999999999999,1.0386381254785064,15.592374077550335,0.6658745473157186,22.5139888939491,0.0943552363771115,0.3333333333333333,0.3434343434343434,0.9735478578450673,-0.0453057472156258,train,train,train,test,1,-1.4475749692297626,-0.5026730552430207,,,-1.346326013263193,-0.3284302742208767,,,False,True,0.7410596946828318,0.3112324492979719,1.0,0.7012572099918367,0.5786794133908323,0.2371294851794072,0.10897435897435898,0.4387044378215418,none
32333,s32333.csv,298,7.512,10.492,2.9800000000000013,1.0,0.0,0.0,298,1.0,164.11668232138078,552.0015584999998,2.52013884111695,1.0,0.0,0.9966442953020134,1,0.0033557046979865,,,,9,0,0.2605709150420467,0.8346959754511017,3.177153987378146,4,0,-0.0025396451155735,1.0021945435642825,3.529342931264713,2,,0.661208720448901,6.524007125839116,0.3983341924609615,83.8596338996937,0.0211846884596853,0.1510067114093959,0.1644295302013423,0.816226227891532,0.4488746600867324,train,train,train,val,0,,,,,,,,,False,False,0.6560032205222571,0.3980889235569422,0.0,0.3375544799307161,0.4701985944069345,0.3497659906396256,0.34134615384615385,0.4385424574790579,none
31082,s31082.csv,675,3.512,10.292,6.779999999999999,1.0,0.0,0.0,675,1.0,69.25202652017498,219.169363,1.5372461779076212,0.0,0.0,0.0,0,0.0,,,,9,0,0.7437166118865678,0.4715718259086552,3.3658509758218136,4,0,0.4753311412929313,0.7206236045516523,2.76017634083527,10,0.5199999999999996,0.6617095514944562,4.974536132826724,0.8519712279836433,12.084859535059705,0.0673049930526889,0.1422222222222222,0.1466666666666666,0.7116800595878733,0.0657537062399965,train,train,train,train,0,,,,,,,,,False,True,0.6291430625352115,0.5567082683307332,0.0,0.4337593980583797,0.5451757852205945,0.39219968798751953,0.1842948717948718,0.43833093443355897,none
31545,s31545.csv,317,1.002,4.192,3.1900000000000004,0.6813880126182965,0.0157728706624605,0.0,211,0.6656151419558359,485.9143737125417,1363.78996,1.120329233906021,0.9495268138801262,0.0,0.9305993690851736,6,0.0189274447949526,25.01476491994944,67.5318825,,9,0,0.9527039348570742,0.2179708090326025,2.1728333965261646,4,0,0.979827872617812,0.1399269535669943,5.340100060490184,8,0.3199999999999998,0.4818649612588477,8.86663199871614,0.7762084263760782,22.90707413299511,-0.0268656815953391,0.0820189274447949,0.0820189274447949,0.7793025567700063,0.0609443937126954,train,test,train,test,2,0.2409159094938834,0.3968642314647403,,,0.2963221591079912,0.4357148871281622,,,False,True,0.6262124181995303,0.4134945397815913,1.0,0.5458181377855273,0.5276428766290507,0.38174726989079566,0.10416666666666667,0.43806035408400645,none
32484,s32484.csv,149,5.012,6.492,1.4800000000000004,0.9664429530201344,0.0,0.0,144,0.9664429530201344,361.9464693225466,417.8893224999998,17.60405780072323,1.0,0.0,0.9731543624161074,4,0.0268456375838926,,,,9,0,0.1802526572972349,0.9007547635713512,3.70478327447985,4,0,0.2322520312024859,0.8979458652610588,3.060846955285604,1,,0.6955505279034683,9.619335853791297,0.0875080053670353,110.02402304877393,-0.0018625629089676,0.1342281879194631,0.1342281879194631,0.9641358848807386,-0.0132391629859711,train,train,train,test,1,0.2478131907818249,0.4786076813366916,,,0.190189429359831,0.4443161381550383,,,False,False,0.6183458717332806,0.2742199687987519,0.0,0.3585148204422814,0.4199524903188958,0.3106084243369735,0.49278846153846156,0.437442623551885,none
31403,s31403.csv,162,1.002,2.622,1.62,0.7901234567901234,0.0185185185185185,0.0,125,0.7716049382716049,832.7313294278941,2637.8412659999995,0.9330828140083351,0.5308641975308642,0.0,0.5246913580246914,1,0.0061728395061728,,,,9,0,0.8931116112054265,0.3341711593800928,1.959548833828295,4,0,0.929511246517243,0.2617875507713382,4.326488242047444,6,0.02,0.9983011844650146,21.374081748277906,0.5117058713313335,28.50537344760174,0.298669516827557,0.345679012345679,0.345679012345679,0.9774171780628648,0.7732533838831518,train,train,train,val,0,,,,,,,,,False,False,0.8529565647931108,0.2157956318252729,0.0,0.5720663331914542,0.5456831687738705,0.21185647425897036,0.07211538461538461,0.4372568168125472,none
32623,s32623.csv,146,0.522,1.982,1.46,0.5958904109589042,0.0068493150684931,0.0,86,0.589041095890411,348.2435807034444,1211.24089,16.231377904698522,0.863013698630137,0.0,0.0,126,0.863013698630137,19.256854734137637,32.2926725,1.179279004385593,9,0,0.8762559847981124,0.3456620067628782,4.325117341984385,4,4,1.0,0.0,,8,0.06,0.5485950064753187,2.948959234311669,0.6346650363831524,13.422720659549029,0.2523348171696437,0.2945205479452055,0.2945205479452055,0.7691719980660489,0.3988146519375434,val,val,train,train,0,,,,,,,,,False,True,0.6015404905825307,0.3183307332293292,1.0,,,0.4090483619344774,0.6013540031397174,0.4342845924195078,none
31722,s31722.csv,149,5.712,7.192,1.4800000000000004,1.0,0.0,0.0,149,1.0,92.95124271888623,290.111732,1.949586836477824,0.9932885906040269,0.0,0.0134228187919463,146,0.9798657718120806,7.232930714866248,22.084799999999987,1.9798448305270495,9,0,0.1973604074014296,0.7361457515061508,3.662392398857805,4,0,-0.0237781957428768,1.0200573830633457,4.377855380735098,2,,0.5871069716300024,3.8831214408792007,0.6198335496993335,27.40608121843487,0.0486881666613193,0.0671140939597315,0.0805369127516778,0.3646169345061436,-0.0281313091723598,test,val,test,train,2,0.4628007113099806,0.5669829989257726,0.1897024166990496,0.3571769028859958,0.0848422901254786,0.2769636877368401,-0.562514370616226,-0.3317813009619443,False,True,0.3279305402144641,0.3919266770670827,0.0,0.4588829383678579,0.3896149075588987,0.4819032761310452,0.4937369178440607,0.4340334509485451,none
31938,s31938.csv,137,4.002,5.362,1.3600000000000003,0.9343065693430656,0.0583941605839416,0.0,120,0.8759124087591241,644.0391877946763,1765.401696,0.7480399106615776,1.0,0.0,0.9927007299270072,1,0.0072992700729927,,,,9,0,0.8928783116593093,0.3011091955195274,5.3738972101549445,4,0,0.942806717531808,0.2289371829401644,2.036440733489768,9,0.0349999999999997,0.9624880864608246,8.877686875826114,0.7649376150977597,4.387377093104018,-0.0146392431835268,0.2700729927007299,0.2700729927007299,0.8616908624007592,0.250763300129621,train,train,val,train,0,,,,,,,,,False,True,0.7854062858237424,0.1848283931357254,1.0,0.7199204473540608,0.555558271842032,0.20811232449297973,0.047275641025641024,0.4339462288012698,none
31078,s31078.csv,183,2.012,3.842,1.83,0.9016393442622952,0.0054644808743169,0.0,164,0.8961748633879781,105.46705055756276,348.2283735,0.9844224341800766,1.0,0.0,0.8142076502732241,34,0.1857923497267759,18.0982679643008,52.29813049999999,1.6102856721688976,9,0,0.9509807075857196,0.2235566038004026,8.573203027264979,4,0,0.8542524253124018,0.3799515938502272,5.896788918602756,3,0.75,0.7472683561973722,3.843758277410384,0.6721694314033395,17.776545550571374,-0.0026294492128995,0.0546448087431694,0.0546448087431694,0.6950411995051642,-0.0029500766050522,train,train,train,train,0,,,,,,,,,False,True,0.4247306636466679,0.347581903276131,0.0,0.7509057180612667,0.4955811138413596,0.38798751950078003,0.2563284929356358,0.43369933854384773,none
31395,s31395.csv,216,1.032,3.192,2.16,0.9305555555555556,0.0324074074074074,0.0,194,0.8981481481481481,882.7564384199741,2630.4030425,0.4052460690174905,0.7777777777777778,0.0,0.6898148148148148,19,0.0879629629629629,24.951130782569827,73.06456999999999,1.207554365248545,9,0,0.9635606485956444,0.1876187754086875,2.2314725101293744,4,0,0.9356753920235504,0.2483907034084485,2.6517650406819566,12,0.0100000000000002,0.4543841680234943,12.924557844530488,0.6905198872162008,19.69217312760141,0.0505822452792503,0.2685185185185185,0.2731481481481481,0.7847490052944416,0.0552709449311385,train,train,train,test,1,-1.0878265911578069,-0.0487243636912488,-0.1834386600371064,0.1344546864212336,-0.3599087234876492,0.1033014826204224,-0.6425059803304485,-0.1272026343963408,False,True,0.7252626651733606,0.3653276131045242,0.0,0.2685116064589797,0.4622600793349535,0.3918876755070203,0.12295591313448456,0.4330539976938359,none
31880,s31880.csv,551,4.012,9.542,5.53,0.998185117967332,0.0,0.0,550,0.998185117967332,221.5048342269412,627.3562504999999,2.067796170337347,1.0,0.0,0.998185117967332,1,0.0018148820326678,,,,9,0,0.1087398456917915,0.958975659186913,3.810098725184069,4,0,0.1869307258998923,0.8991459760820183,4.058312378648502,4,1.5,0.6538543918063766,4.9302375412541055,0.7165555600796977,73.27475545275719,0.0015655310523483,0.0834845735027223,0.0961887477313974,0.5533100478844128,0.0870868602209527,train,val,val,train,0,,,,,,,,,False,True,0.4954611756877544,0.5492199687987519,0.0,0.4323970032720901,0.4953575015519042,0.44804992199687993,0.2620192307692308,0.43202075661127637,none
31105,s31105.csv,447,0.502,4.982,4.48,0.9507829977628636,0.0,0.0,425,0.9507829977628636,341.9478723760185,1022.2714399999996,0.4672726375535391,0.5525727069351231,0.0,0.5503355704697986,1,0.0022371364653243,,,,9,0,0.9373195046888974,0.2277870721206487,5.54005744782388,4,0,0.9189123028258688,0.2570405324917754,5.222696453037372,9,0.1999999999999999,0.704162324215313,2.958691774098712,0.7241501049571621,21.36723302168423,0.0523645163144191,0.145413870246085,0.145413870246085,0.5122057428297477,0.178590520102237,test,train,train,train,1,0.0777531409394209,0.2923931120085051,,,-0.1209071904164562,0.1735853980618986,,,False,True,0.4883681650401109,0.4747269890795632,1.0,0.845631550828702,0.5907727691904965,0.3918876755070203,0.008012820512820512,0.43131217541606975,none
31873,s31873.csv,762,5.412,13.082,7.670000000000001,0.9816272965879264,0.0,0.0,748,0.9816272965879264,185.10470583337155,579.6010775,1.2094913546687198,1.0,0.0,0.9986876640419948,1,0.0013123359580052,,,,9,0,0.8526571976146398,0.3734678349567791,4.72647339934482,4,0,0.8408367195426223,0.3371144745463,3.5396619922819283,14,0.8899999999999988,0.487336087659422,2.6061625540744755,0.8450684852954357,39.81737110932467,-0.0262744801800105,0.0118110236220472,0.0131233595800524,0.5538231938665182,0.1465742568617837,test,val,train,val,1,0.1148968297782476,0.3458242228418796,,,-0.2093654488335024,0.0518217187226638,,,False,True,0.4043635849110603,0.6590093603744149,0.0,0.5581623982033139,0.5396292503109105,0.5182527301092044,0.12259615384615384,0.43072395032441996,confirmed
31329,s31329.csv,398,1.002,4.992,3.99,1.0,0.0,0.0,398,1.0,37.89683490353168,122.714576,0.9884036505606264,0.3417085427135678,0.0,0.0,136,0.3417085427135678,17.132280647447473,15.033204999999995,2.859776753548723,9,0,0.7899423378607752,0.4385490558268012,3.2716264012457894,4,0,0.4575511283065712,0.7213928030830941,3.287981580844876,6,0.01,0.3797902078923096,0.7319038644132568,0.9559047393952024,-0.0417061091069279,0.0294559776934483,0.0,0.0,0.1740967891660267,-0.1163191897515283,test,train,train,train,1,-4.035378644592183,-2.114074802230306,0.1427390568484823,0.3543078013940522,-8.07093242886304,-5.365900931364354,-0.1911563556037299,0.1139838671360797,True,True,0.1925062477819636,0.6065522620904836,0.0,0.397103320566942,0.3988014746254391,0.6118564742589704,0.45435962846677136,0.4302139063932342,none
30811,s30811.csv,448,0.502,4.992,4.49,0.6986607142857143,0.0044642857142857,0.0,311,0.6941964285714286,255.05723175327063,723.59645,1.3758574272864603,0.0,0.0,0.0,0,0.0,,,,9,0,0.8800438914366127,0.3453906985907036,6.890190375441955,4,0,0.7954962753724217,0.4610785049426592,8.566076990570341,8,0.2999999999999998,0.6020623632625609,3.588859699489116,0.834149241791442,10.895021394057451,0.0198477772703886,0.0848214285714285,0.0870535714285714,0.7011209829876741,0.4358930100807524,train,test,val,val,1,0.2477063543406959,0.3314784173093522,,,0.153518010931642,0.2514209752466115,,,False,True,0.584865496339098,0.3826443057722308,1.0,0.8678526065582894,0.598984212706452,0.2521060842433697,0.1546474358974359,0.42967708896743606,none
32485,s32485.csv,149,5.012,6.492,1.4800000000000004,0.9932885906040269,0.0,0.0,148,0.9932885906040269,149.3912248453356,346.7027825000002,4.33489348450727,0.5100671140939598,0.0,0.0,76,0.5100671140939598,41.84370510601307,141.0229075,0.8719304813976628,9,0,0.3085266283999907,0.8041176468295532,3.5321291608509235,4,0,0.4819295766998358,0.7211343233329821,3.2507933145988765,1,,0.732456140350879,2.168757137290497,0.4730722773168939,31.032296510706782,0.0106290200817169,0.1409395973154362,0.1409395973154362,0.652834895544613,0.0332016885888842,train,train,train,train,0,,,,,,,,,False,False,0.3925190985879738,0.3428627145085803,0.0,0.4907614049259792,0.4046120560615877,0.4104524180967239,0.49162742019884875,0.42929502058380586,none
31920,s31920.csv,447,3.512,7.992,4.48,0.6532438478747203,0.0201342281879194,0.0,283,0.6331096196868009,559.3444915171206,1588.431515,2.121341406101533,1.0,0.0,0.9977628635346756,1,0.0022371364653243,,,,9,0,0.3599220862193867,0.7812836035406308,3.219422526164128,4,0,0.6672474508226989,0.5793701896474508,3.005166859192617,0,,0.7074368827490576,8.085418219864014,0.878054859252868,6.3138510460102415,-0.0199863946055271,0.0738255033557047,0.076062639821029,0.6075668296892263,0.1476557103400689,train,train,val,val,0,,,,,,,,,False,True,0.6367007744447056,0.4223088923556942,0.0,0.4324236045088864,0.5003804647328058,0.33198127925117005,0.27003205128205127,0.4291710924025204,none
31444,s31444.csv,179,1.002,2.792,1.7899999999999998,0.8379888268156425,0.0055865921787709,0.0,149,0.8324022346368715,508.7057754857784,1649.257496,1.2852634810670165,0.7430167597765364,0.0,0.7374301675977654,1,0.0055865921787709,,,,9,0,0.9661860200231226,0.1829806943014744,2.1752254268180446,4,0,0.932215159228422,0.2597181483932093,4.510759561817308,17,0.0100000000000002,0.5705360543549042,17.607423803109334,0.5593125330445294,21.704539118525,0.1817155287938206,0.3407821229050279,0.3407821229050279,0.9387754452038214,0.2164625702625091,val,train,test,val,1,-0.536543101043367,0.0985470692278988,,,-0.0174156256346238,0.4696812273816729,,,False,False,0.8099472105005623,0.2461388455538221,0.0,0.4492834819666803,0.5044151642090386,0.24274570982839314,0.13701923076923078,0.42802785399191257,none
31436,s31436.csv,179,1.002,2.792,1.7899999999999998,0.8603351955307262,0.0055865921787709,0.0,153,0.8547486033519553,473.01404900045134,1586.1199360000005,0.547604642922329,1.0,0.0,0.994413407821229,1,0.0055865921787709,,,,9,0,0.9638361077533107,0.1915720433325155,2.414782059827092,4,0,0.9734053747456268,0.1649772492795473,3.9253676832021904,11,0.0349999999999999,0.4878884174071889,21.732689859445024,0.4784284988329328,21.901809533987368,0.1370557651607521,0.3463687150837989,0.3463687150837989,0.9658455855750504,0.317630221669423,train,test,test,train,2,-0.0667544325017805,0.2627302868149924,,,0.4750623453302042,0.6474836824262433,,,False,False,0.8302729615953959,0.2521450858034321,1.0,0.5089012191982228,0.5315166823490567,0.24960998439937598,0.014423076923076924,0.42742452665656416,none
32145,s32145.csv,288,6.312,9.192,2.88,0.1909722222222222,0.0243055555555555,0.0,48,0.1666666666666666,582.8152065307135,1844.8394765,2.215372190100095,1.0,0.0,0.7673611111111112,67,0.2326388888888889,18.812576822655885,71.26009299999998,2.2755016828655,9,0,0.0832955414462676,0.95795514211448,4.462514061795236,4,0,0.3973425907699285,0.7793547359553106,3.1789750880163705,0,,0.6067398674290343,8.968912623338893,0.9244294253989068,1.0144778743111882,0.0725019115123019,0.0,0.0069444444444444,0.5396938451543984,-0.1365451240674121,val,train,val,val,0,,,,,,,,,False,True,0.4726919827290596,0.3257410296411856,0.0,0.4253300221689782,0.4070505609802792,0.32948517940717625,0.5984432234432234,0.4271676534234186,none
31213,s31213.csv,592,2.512,8.482,5.969999999999999,0.8699324324324325,0.0050675675675675,0.0,512,0.8648648648648649,269.0858732848267,582.2705584999999,3.1094162800263074,1.0,0.0,0.9983108108108107,1,0.0016891891891891,,,,9,0,0.3448725686589372,0.7957604512812428,3.3824644540414552,4,0,0.5997279126279781,0.6110516819634542,3.2441422219182243,25,0.0800000000000005,0.3436106037562866,12.902563179225211,0.4309451971581883,222.96466244524967,0.0334408181911434,0.0726351351351351,0.0760135135135135,-0.0228413350960552,-0.0504733626780826,train,train,train,test,1,0.3434055508384095,0.4625252836145754,,,0.3184694254999348,0.4352930023085533,,,False,False,0.3957517739753076,0.5395475819032761,1.0,0.5156127781375683,0.4820386079987747,0.431201248049922,0.3886217948717949,0.4268412173639656,none
31935,s31935.csv,149,6.512,7.992,1.4800000000000004,0.9932885906040269,0.0,0.0,148,0.9932885906040269,38.04155572782833,112.73825050000002,2.93990410895279,1.0,0.0,0.0067114093959731,148,0.9932885906040269,3.5386100089913115,8.774733499999996,2.272405654982191,9,0,0.247248679570264,0.8322694142791274,2.908932396817096,4,0,0.1281634078550803,0.9350211858580446,2.807301539968893,1,,0.7284650833037903,1.3041779183442768,0.8646298182650373,1.9642054149203343,-0.0307566407948183,0.0,0.0268456375838926,0.2302973696549516,0.1971007839859123,train,val,train,val,0,,,,,,,,,False,True,0.2941739747037439,0.3912246489859594,0.0,0.2918503914941608,0.3274446357396444,0.4829953198127925,0.6768216902145474,0.4267511325925464,none
32490,s32490.csv,149,7.012,8.492,1.480000000000001,1.0,0.0,0.0,149,1.0,219.8170522346804,345.2655019999999,6.880831101783226,1.0,0.0,0.9932885906040269,1,0.0067114093959731,,,,9,0,0.3932529423604277,0.7231808525126906,4.357260330255366,4,0,0.4086282820996009,0.7645978794307902,4.361393559012776,1,,0.9058210682983296,4.735772057085921,0.5111484650262758,25.966539889557296,0.0210088987481759,0.1879194630872483,0.1879194630872483,0.5086320325308531,0.1078756776939608,test,train,train,val,1,0.2020249859032665,0.4169971335556427,,,0.2362795153119791,0.4436251083065691,,,False,False,0.5167779998153894,0.2393135725429017,0.0,0.7048957333810357,0.4761007703397126,0.24274570982839314,0.4495192307692308,0.42529392849851405,none
31803,s31803.csv,179,1.002,2.792,1.7899999999999998,0.6256983240223464,0.0335195530726257,0.0,106,0.5921787709497207,535.662633231345,1479.920985,1.2963716953862905,0.441340782122905,0.0,0.435754189944134,1,0.0055865921787709,,,,9,0,0.921469289723142,0.2815784323148397,3.619756433005508,4,0,0.8961892168361212,0.3284076110143504,3.704910284472276,6,0.0500000000000002,0.5171066762002834,18.107685366724937,0.4936537316349482,26.447894541661697,-0.1388471668319446,0.3463687150837989,0.3463687150837989,0.9283684766002752,0.5102269840389554,train,train,val,val,0,,,,,,,,,False,False,0.8249710063762222,0.2068252730109204,0.0,0.5145214908104335,0.51548514502863,0.19781591263650544,0.14102564102564102,0.42494973674288,none
31404,s31404.csv,146,1.002,2.462,1.4600000000000002,0.7602739726027398,0.0,0.0,111,0.7602739726027398,733.5578940589673,2163.20892,1.3277542550848886,0.3082191780821918,0.0,0.3013698630136986,1,0.0068493150684931,,,,9,0,0.8593009359834438,0.3765325121843815,2.0802494364928537,4,0,0.92941386143339,0.2697826139600876,4.175746979144099,5,0.1200000000000001,0.5381082393686007,23.049791785978123,0.4990090172473411,20.367154027094053,-0.0030280887641949,0.2808219178082192,0.2808219178082192,0.9522304168074672,0.5914268220151888,train,test,train,train,1,-0.5786539978706604,0.0461939077033326,,,0.108364629935507,0.4702568028087942,,,False,False,0.8378657979810203,0.1842043681747269,0.0,0.4603623371010601,0.4958332592848296,0.20249609984399375,0.1482371794871795,0.4236481068201396,none
31590,s31590.csv,634,3.502,9.872,6.37,0.8848580441640379,0.0110410094637223,0.0,554,0.8738170347003155,168.93684286229694,522.4979055000001,1.3625830761108413,0.1798107255520504,0.0,0.1782334384858044,1,0.001577287066246,,,,9,0,0.7718954398090886,0.456381284220773,4.611661550728993,4,0,0.9001822434678102,0.3137789267638544,7.535870354790652,26,0.0500000000000007,0.5426683929686924,2.673446561110893,0.8752259814576285,11.366181390878708,0.019982776299216,0.0331230283911671,0.0394321766561514,0.5165913099877992,-0.1336992412490571,test,train,train,test,2,-0.1142581602473738,0.260262940146762,,,-0.3233427909308398,0.1151539392395789,,,False,True,0.3329032711434057,0.5721528861154446,1.0,0.8052176013932656,0.5583349354585773,0.44929797191887677,0.15384615384615385,0.42344973339648534,none
31448,s31448.csv,179,1.002,2.792,1.7899999999999998,0.9106145251396648,0.0,0.0,163,0.9106145251396648,468.6825716906365,1637.3321140000005,0.809408202731954,0.5810055865921788,0.0,0.5754189944134078,1,0.0055865921787709,,,,9,0,0.97476305087512,0.1596630477654662,2.717674401774793,4,0,0.9030780818336204,0.3143970311000816,3.843115036832852,14,0.0299999999999998,0.5539243429674057,18.530104172370844,0.4633486604837291,37.360018722796816,0.0951332695040643,0.3743016759776536,0.3743016759776536,0.957050809347604,0.429460682929026,train,train,test,val,1,-0.3874146571296111,-0.1145688185814992,,,-0.59342747284355,-0.0457368777295497,,,False,False,0.8290952055822747,0.2576053042121685,0.0,0.4208632580588963,0.5066041558457239,0.25585023400936036,0.055288461538461536,0.4224914132180302,none
32188,s32188.csv,288,6.312,9.192,2.88,0.5590277777777778,0.0381944444444444,0.0,150,0.5208333333333334,292.2608120814844,731.5702654999998,4.6018085262036905,1.0,0.0,0.9965277777777778,1,0.0034722222222222,,,,9,0,0.107528366623532,0.9490635101314054,3.158517197326119,4,0,0.4148578126989214,0.7721024677391503,2.894550856987221,0,,0.6898923378289394,18.2632202720668,0.8884682158632622,2.4776721907859747,0.0647633579684248,0.0590277777777777,0.0659722222222222,0.6372165917961248,0.1519804064797576,test,train,train,test,2,0.3400287736879793,0.4399894694448232,,,0.2059292684196296,0.3236421522620632,,,False,True,0.7003986614787072,0.2877535101404056,0.0,0.3228549810356138,0.4427097543773736,0.24773790951638064,0.4270833333333333,0.4217055094055065,none
32669,s32669.csv,149,3.012,4.492,1.48,0.9932885906040269,0.0,0.0,148,0.9932885906040269,424.6263990821658,1036.0201800000004,23.134865660777415,0.6845637583892618,0.0,0.0067114093959731,101,0.6778523489932886,26.65738800767431,80.9966,0.8187860652231581,9,0,0.0225403138179014,0.9948487469162758,4.444851684148276,4,0,0.1827929389326317,0.9084738506822132,3.522681284720942,1,,0.6505225592658693,0.967562043510798,0.9254846000048152,-0.5330349254280689,-0.0781531935397952,0.0,0.0,0.4279874916885078,0.1847427904055227,train,test,train,train,1,0.1765522042185195,0.4586490303849935,-0.7450145774721904,-0.2491537264491639,0.1263850511284084,0.4278914412317964,-0.6697444098842051,-0.1700951569797166,False,True,0.3360825970245608,0.3549921996879875,0.0,0.4014274322736059,0.3623044085314736,0.44180967238689545,0.5584935897435898,0.4215368013647057,none
32180,s32180.csv,37,6.312,6.672,0.3599999999999994,0.4594594594594595,0.027027027027027,0.0,16,0.4324324324324324,195.83448971383257,597.6880550000001,4.79453787817712,0.945945945945946,0.0,0.0,35,0.945945945945946,13.914114273220614,42.803342000000015,2.441182109048327,9,0,0.1467303260000765,0.8958980316275346,3.983143213940988,4,0,0.8871083068772853,0.312932437787401,2.1478979373647467,0,,,7.328893396100794,0.6380818361052146,1.0315488393245271,0.0011920093123565,0.1081081081081081,0.1621621621621621,0.6620588393192423,0.504189803435258,val,train,train,val,0,,,,,,,,,False,True,0.6364131960965647,0.209204368174727,0.0,,,0.2931357254290171,0.7541208791208791,0.42129638086870813,none
32384,s32384.csv,148,0.502,1.982,1.48,0.831081081081081,0.0202702702702702,0.0,120,0.8108108108108109,179.8810225070797,529.5007349999998,2.037614487457817,1.0,0.0,0.7027027027027027,44,0.2972972972972973,9.258987471099564,29.838576,0.3726158293263382,9,0,0.8381168743835892,0.3808028554932037,3.484843884955237,4,0,0.9526405915615777,0.1853772251976158,11.026303427403697,3,0.25,0.7009545987527889,2.8595793535557004,0.5072936673148002,37.26458664715637,-0.0593240610725165,0.2567567567567567,0.2567567567567567,0.4880530303253109,0.4532910694370557,train,val,val,train,0,,,,,,,,,False,False,0.49592276391607,0.2882605304212168,0.0,0.6133839662254025,0.4584793428856711,0.35039001560062405,0.2678898482469911,0.42112390758592966,none
31979,s31979.csv,131,4.022,5.322,1.2999999999999998,1.0,0.0076335877862595,0.0,130,0.9923664122137404,332.4646663344122,1177.6471225,1.2231026233891489,0.9847328244274808,0.0,0.6641221374045801,42,0.3206106870229007,23.22143434379568,77.114384,1.7337422355225396,9,0,0.796764240177745,0.4212416501789638,3.630173686623068,4,0,0.9308782736507704,0.2614289584655266,3.385455878985137,1,,0.6424950983951777,3.2821698810480955,0.8389936124130863,1.5877111661938803,-0.0504911914821963,0.0229007633587786,0.0381679389312977,0.801042117878747,0.191533679543232,train,val,val,test,1,0.2009262252908204,0.2963915251051624,-2.1000515755954803,-0.1632351041997022,-0.8294448053805961,-0.647213251296981,-1.5340869155210082,0.0728969033978228,False,True,0.5168537137531566,0.2799141965678627,0.0,0.5200387062769984,0.4348803804954563,0.3513260530421217,0.31599947671376244,0.42099226279140983,none
31217,s31217.csv,592,2.512,8.482,5.969999999999999,0.9341216216216216,0.0050675675675675,0.0,550,0.929054054054054,306.6114207689823,1003.8052174999998,2.190667483939145,1.0,0.0,0.9983108108108107,1,0.0016891891891891,,,,9,0,0.3513350903404756,0.7754796549341652,2.877948328280551,4,0,0.033965476852217,0.9935582457948492,3.11604748621476,4,1.5,0.4346235544016985,5.651248970043522,0.78504662270968,45.327095663877856,0.0147468081316164,0.0827702702702702,0.0945945945945946,0.6826365054579345,0.0304092939576979,train,test,test,train,2,0.3340415158861413,0.3832361354246468,,,0.2490405664455514,0.3081046447192618,,,False,True,0.5435084111027639,0.5542901716068642,0.0,0.2329219235266225,0.4541060810063566,0.44804992199687993,0.2876602564102564,0.420359819120113,none
31372,s31372.csv,246,2.502,4.972,2.4700000000000006,0.975609756097561,0.0,0.0,240,0.975609756097561,54.37909460342323,152.66552199999995,2.562888366853304,0.8495934959349594,0.0,0.2073170731707317,158,0.6422764227642277,38.94451916833571,107.80601900000002,0.2827731803289927,9,0,0.5803477301359644,0.6015045988649407,2.9228513867379,4,0,0.8231320269047194,0.3673926169622704,2.9285517496650866,6,0.4000000000000003,0.4771099345998132,1.2489194594071726,0.915158855065928,0.7650930112366658,-0.0532386645813556,0.0,0.0040650406504065,0.240221273769782,0.0882256415571678,train,val,val,train,0,,,,,,,,,False,True,0.2858822359941015,0.501170046801872,0.0,0.3558128644806647,0.3822121583227902,0.5694227769110765,0.3522043432757718,0.4197363627261265,none
31870,s31870.csv,654,5.412,11.992,6.580000000000001,1.0,0.0,0.0,654,1.0,107.27748930394014,273.10994750000003,1.958210757710437,1.0,0.0,0.9984709480122324,1,0.0015290519877675,,,,9,0,0.7217264867954101,0.5167908499177974,4.279154591257481,4,0,0.5587649059331864,0.6689776945789119,3.058201468084259,14,0.0100000000000006,0.3956104846927929,2.5555358520431133,0.8335878912958927,29.127230099256465,0.0162246458241469,0.0305810397553516,0.0428134556574923,0.4958540497814906,0.2203314509124795,val,val,val,train,0,,,,,,,,,False,True,0.4013451101936682,0.6135335413416536,0.0,0.455012984672161,0.4917114234390108,0.4861154446177847,0.24358974358974358,0.4196401201445001,none
31555,s31555.csv,132,1.002,2.322,1.32,1.0,0.0,0.0,132,1.0,180.843337853749,523.863719499999,0.6085181247260855,0.2424242424242424,0.0,0.2348484848484848,1,0.0075757575757575,,,,9,0,0.8637610960182861,0.3590278639556857,3.313392449030619,4,0,0.899473275498222,0.3103777350064874,4.109722644168198,5,0.0100000000000001,0.8574813886753297,12.349437292067565,0.4209212647748476,27.354198025460065,-0.360498810509859,0.2348484848484848,0.2348484848484848,0.9709900938086058,0.7119966893849108,train,train,train,train,0,,,,,,,,,False,False,0.7932879625236228,0.1908736349453978,0.0,0.6099035471698093,0.5274276232651,0.21591263650546022,0.024839743589743588,0.41956293697320385,none
32597,s32597.csv,149,3.012,4.492,1.48,1.0,0.0134228187919463,0.0,147,0.9865771812080536,162.50106120742072,296.0882879999999,4.238867146544774,0.7785234899328859,0.0,0.3355704697986577,66,0.4429530201342282,43.23159712128177,102.469435,5.369990632107061,9,0,0.1571218211729556,0.8862354984366408,3.353473618152655,4,0,0.276234443583705,0.8605465474988218,3.079573317866937,1,,0.8171232876712315,1.4129876466758535,0.8966536554878636,0.3130428457099397,-0.0154433263667566,0.0,0.0134228187919463,0.308193816324139,-0.0112332826525922,train,train,val,train,0,,,,,,,,,False,True,0.2542527870005284,0.3208658346333853,0.0,0.3848483879068709,0.3167460339439311,0.39188767550702025,0.8573717948717949,0.41936393371976655,none
32153,s32153.csv,288,6.312,9.192,2.88,0.8715277777777778,0.0625,0.0,233,0.8090277777777778,481.9800438418047,1350.6739419999897,13.11204423711258,1.0,0.0,0.9965277777777778,1,0.0034722222222222,,,,9,0,0.2352239373683744,0.8832102439812862,3.3949302265347803,4,1,0.2941856189254868,0.8496526630326285,3.308075992519888,0,,0.6588239915157696,23.414013155313825,0.1334293729710509,249.61675741291512,-0.0665927318146285,0.1006944444444444,0.1006944444444444,0.1844982891270348,0.4463788749048268,train,train,train,train,0,,,,,,,,,False,False,0.5633826327998476,0.3330733229329173,0.0,0.3816723501074747,0.4282612895387101,0.2995319812792512,0.4831730769230769,0.4185543964062375,none
31043,s31043.csv,447,4.502,8.982,4.48,1.0,0.0,0.0,447,1.0,63.032173666269465,221.759326,1.9194305149764372,1.0,0.0,0.9977628635346756,1,0.0022371364653243,,,,9,0,0.567839321304676,0.6256562828371909,3.796598684272456,4,0,0.7091084454973773,0.5384998403476229,3.216071865741365,8,0.0100000000000006,0.6107354700124507,3.1115416014787525,0.797884609217739,17.33939646712652,0.0061894615444555,0.0961968680089485,0.105145413870246,0.4420209513624609,0.2300736268784614,train,train,train,train,0,,,,,,,,,False,True,0.4724884278703937,0.4836193447737908,0.0,0.5090589236873875,0.4873553975316808,0.4118564742589704,0.23717948717948717,0.4184248796947374,none
31094,s31094.csv,1445,0.502,14.992,14.49,0.9916955017301038,0.0,0.0,1433,0.9916955017301038,163.42894071671597,537.488286,1.0215015721835214,0.0,0.0,0.0,0,0.0,,,,9,0,0.8682861928955504,0.3547441664374373,3.676366317819554,4,0,0.9223732728119244,0.2978295792632044,2.7975224859077548,28,0.2100000000000008,0.5470765022977722,4.197390594000709,0.9384424330605984,5.85631766855423,-0.0362489234770897,0.0768166089965397,0.089273356401384,0.6038499715700942,-0.1327076360696831,train,train,train,train,0,,,,,,,,,False,True,0.4845747057135735,0.6189157566302652,1.0,0.5759491655216302,0.5590064114768326,0.43120124804992205,0.09294871794871795,0.41818759345459305,none
31727,s31727.csv,596,3.512,9.492,5.98,1.0,0.0,0.0,596,1.0,132.22452856253304,390.2740025000001,0.983466506777955,1.0,0.0,0.9983221476510068,1,0.0016778523489932,,,,9,0,0.5639650745052521,0.6572002149744742,3.023558900330209,4,0,0.4176129798714881,0.7637542855444084,3.7057732810273114,8,0.2000000000000001,0.5028568897550609,8.98808701134201,0.4839474056422372,194.6497083127048,0.0725613996619404,0.1308724832214765,0.1375838926174496,0.1305262208121295,-0.0427595157715045,test,train,train,val,1,-0.1762832171102792,0.2042503322760629,,,-0.65416468460305,-0.17580344569624,,,False,False,0.4306303056121854,0.5814352574102963,1.0,0.5889853351924497,0.5309185476156035,0.46926677067082684,0.08333333333333333,0.41774360023085383,none
32181,s32181.csv,92,4.002,4.912,0.91,0.7934782608695652,0.1847826086956521,0.0,56,0.6086956521739131,466.39202097528846,1138.45843,7.086253172759543,1.0,0.0,0.9782608695652174,2,0.0217391304347826,,,,9,0,0.6829000719921371,0.5173292407287268,3.830868499132336,4,0,0.7724975207089935,0.4581069508953833,3.491363828591621,1,,0.7005881034371447,4.3989071980246175,0.557003008863126,13.326436679453607,0.0301803412930473,0.108695652173913,0.108695652173913,0.7153981203105142,0.2125984715362095,train,train,train,train,0,,,,,,,,,False,False,0.5539163881010596,0.1900546021840873,0.0,0.5711856672622643,0.4317455467784806,0.24461778471138845,0.453525641025641,0.4177287265580591,none
32172,s32172.csv,187,2.212,4.082,1.87,1.0,0.0,0.0,187,1.0,298.2584010381022,1087.290442,2.1885150597782985,1.0,0.0,0.9946524064171124,1,0.0053475935828877,,,,9,0,0.8780075644711431,0.3444968726590776,7.900267585695922,4,0,0.8871973824174731,0.341025287244652,6.840230410538378,2,,0.9217455194710644,4.797862565648183,0.8114082930608818,7.331738476162517,-0.0397401767202157,0.0481283422459893,0.0641711229946524,0.439704741225875,0.1370360460965937,train,val,train,train,0,,,,,,,,,False,True,0.4726418643735603,0.2743369734789391,0.0,0.8067020852981843,0.5034532188378301,0.2720748829953198,0.28685897435897434,0.4146566714587698,none
32218,s32218.csv,288,6.312,9.192,2.88,0.7465277777777778,0.0138888888888888,0.0,211,0.7326388888888888,445.864534078384,1523.786635,2.727174259910502,1.0,0.0,0.9965277777777778,1,0.0034722222222222,,,,9,0,0.521955923225673,0.6758639559038903,3.304436422442726,4,0,0.2148765489752725,0.8870715575684285,3.2799599121254266,3,0.98,0.5570411660577754,6.843526224440756,0.8347286866157536,6.302636660268833,-0.0126171631336515,0.1180555555555555,0.1284722222222222,0.5121137582917379,0.1787397539001815,val,train,train,val,0,,,,,,,,,False,True,0.6208727433200026,0.3243369734789391,0.0,0.3825080605340136,0.4455758190398337,0.2895475819032761,0.36378205128205127,0.41402437252972096,none
31282,s31282.csv,252,6.312,8.832,2.5200000000000005,1.0,0.0079365079365079,0.0,250,0.992063492063492,175.50208313567455,602.8292479999998,2.859635427018171,1.0,0.0,0.996031746031746,1,0.0039682539682539,,,,9,0,0.5924822171188501,0.5524308702400665,6.613914569664944,4,0,0.2402657084788465,0.8651968437083624,2.7367700808181814,4,0.0099999999999997,0.7612231840294111,4.427799054075211,0.8667863854162449,2.7949240954116363,0.0047727059127403,0.0515873015873015,0.0555555555555555,0.5472017067179724,0.0842748079456379,train,val,test,val,1,0.3501651165701427,0.5282075845011466,,,0.0607514308814236,0.3073672086789188,,,False,True,0.5031553640053148,0.3367394695787831,0.0,0.5293357202473946,0.4527639078286526,0.3157566302652106,0.37419871794871795,0.4127794270370956,none
31438,s31438.csv,228,1.002,3.292,2.29,0.8640350877192983,0.0043859649122807,0.0,196,0.8596491228070176,466.5045797556376,1402.411845,0.8222090324043136,0.5614035087719298,0.0,0.5570175438596491,1,0.0043859649122807,,,,9,0,0.9751115861906086,0.1534907669577493,2.492309607120766,4,0,0.4599369329026661,0.7255117058579287,4.753679264837969,15,0.0550000000000001,0.4222890004594507,6.86250065894173,0.7884496548258271,10.06712364553654,0.0600494936047798,0.2149122807017544,0.2280701754385964,0.8442490618936943,0.0531121487472482,train,val,train,test,1,0.0252325301220562,0.3797070162793529,,,0.0274807618136404,0.3816519381786091,,,False,True,0.6928477914570862,0.2971918876755069,1.0,0.552773711312848,0.512346001090262,0.2792511700468019,0.06009615384615385,0.4114852852296969,none
31445,s31445.csv,179,1.002,2.792,1.7899999999999998,0.8994413407821229,0.0055865921787709,0.0,160,0.8938547486033519,545.2711093228196,1866.1758219999997,0.524659877642246,0.0,0.0,0.0,0,0.0,,,,9,0,0.9657382941239538,0.1855184735096635,2.1143907423545487,4,0,0.9105704369977768,0.2962274566870722,5.333087917255246,14,0.04,0.4417179541763498,22.095922322648565,0.7068919482780083,11.25910729365425,-0.0804845510976799,0.4189944134078212,0.4189944134078212,0.9275377382299028,0.6944990921692733,train,val,train,train,0,,,,,,,,,False,True,0.8786509780294647,0.1878705148205928,1.0,0.5692462113891636,0.5440563859142692,0.1516380655226209,0.011217948717948718,0.41132014363395464,none
31258,s31258.csv,219,3.512,5.702,2.19,0.91324200913242,0.0228310502283105,0.0,195,0.8904109589041096,118.92516358810906,377.1768149999999,0.6751213057707732,1.0,0.0,0.9954337899543378,1,0.0045662100456621,,,,9,0,0.9532341070936016,0.2166482403976008,10.03152457878942,4,0,0.7929166473691682,0.4475570302810381,4.5647872812548265,2,,0.8185475395055346,3.613899367878134,0.889006382346969,2.039279432096778,-0.0937906499663568,0.2100456621004566,0.2146118721461187,0.8788550518878432,-0.1087996766570259,train,train,train,train,0,,,,,,,,,False,True,0.6081544545669212,0.2901716068642745,0.0,0.7492090325502784,0.539176831266002,0.27769110764430577,0.029647435897435896,0.4103512496949558,none
31428,s31428.csv,79,4.002,4.782,0.7800000000000002,0.8607594936708861,0.0,0.0,68,0.8607594936708861,250.0523274960277,787.8855024999999,1.88163601496838,1.0,0.0,0.0126582278481012,78,0.9873417721518988,12.976902913227626,42.99077599999998,2.9154781211601364,9,0,0.9621966750379408,0.199002104472734,6.737915195957846,4,0,0.558441459730157,0.6514590963470679,3.639163186942597,1,,0.931527272310944,3.1283484358002345,0.6884326541281023,5.593127666640385,-0.0515448822504969,0.0,0.0,0.0312103146310132,0.0599455711000104,train,train,val,train,0,,,,,,,,,False,True,0.2414708678844005,0.2600234009360374,0.0,0.6948046869407299,0.3839644001693723,0.3536661466458658,0.6132751177394035,0.4101196897256865,none
31447,s31447.csv,179,1.002,2.792,1.7899999999999998,0.9720670391061452,0.0,0.0,174,0.9720670391061452,434.05488157083226,1488.9849114999995,0.5748449783573004,0.0,0.0,0.0,0,0.0,,,,9,0,0.9528223604931748,0.2162015759863239,3.011301010776341,4,0,0.9031497769438964,0.3103218141458216,4.531232173927111,10,0.0500000000000002,0.5212816058475601,20.940692304456856,0.46996068099105,28.94999050617823,-0.2225603162219218,0.3631284916201117,0.3631284916201117,0.9176760117957226,0.706746792334471,train,train,train,train,0,,,,,,,,,False,False,0.8283534954421372,0.1944227769110764,1.0,0.6278996984848981,0.5463416048690941,0.15912636505460218,0.020833333333333332,0.4094665494272167,none
31435,s31435.csv,228,1.002,3.292,2.29,0.8728070175438597,0.0,0.0,199,0.8728070175438597,517.0784426547314,1523.44213,0.290392344329083,0.6710526315789473,0.0,0.6271929824561403,10,0.043859649122807,39.41202889245344,80.26459849999999,,9,0,0.9789465970146062,0.1414223769877494,2.724271301039499,4,0,0.9668026489126788,0.1839714919104126,5.402043591320266,14,0.06,0.3770318968240705,4.365993863527235,0.7333242741800267,13.635586096737011,-0.148893027633261,0.2061403508771929,0.2061403508771929,0.7803976534702041,-0.0002472268612775,train,train,test,val,1,-0.471068524121238,-0.1524489438877994,,,-0.2954352096286201,0.1055851524040956,,,False,True,0.582604269997962,0.3698517940717628,1.0,0.5235333564873814,0.490419629370618,0.38658346333853355,0.0016025641025641025,0.4081850544232939,none
32147,s32147.csv,288,6.312,9.192,2.88,0.2569444444444444,0.0173611111111111,0.0,69,0.2395833333333333,636.5368461360746,1880.415424,29.36396011097004,1.0,0.0,0.9965277777777778,1,0.0034722222222222,,,,9,0,0.07974953802116,0.9495018944410388,4.21922659329706,4,0,0.2604097221324948,0.8572980478406693,3.004703148909651,0,,0.7222999372919785,8.557661872907545,0.7893419581035754,19.19789514479854,-0.0225739694354147,0.1145833333333333,0.1145833333333333,0.624720415999888,0.4104939003195037,train,train,val,train,0,,,,,,,,,False,True,0.6778270394835628,0.2265990639625585,0.0,0.390717439063072,0.433764367925064,0.17784711388455537,0.4983974358974359,0.40785418864296713,none
31427,s31427.csv,72,4.002,4.712,0.71,0.8611111111111112,0.0,0.0,62,0.8611111111111112,246.1466358284625,766.7995569999999,1.5643883123390756,1.0,0.0,0.0,72,1.0,73.42530000968154,198.318896,0.2586886074525643,9,0,0.9568221481338396,0.2046537227558177,6.1134681998878975,4,0,0.6462572327074998,0.5884019427190492,3.772320609596197,2,,0.8972577645003096,3.665410046877288,0.5035183686089427,22.096388972734648,-0.1388096610697116,0.0694444444444444,0.0694444444444444,0.946632414871057,-0.0130544442279461,test,val,val,train,1,-0.4770101279241879,-0.0592989617809425,-12.364191650535574,-2.0101395092897607,-0.4685911140713259,0.0027601982768266,-39.29745918048399,-8.648084977106727,False,False,0.459520478493103,0.2475429017160686,0.0,0.6944373296833435,0.4558033819782131,0.3396255850234009,0.1966084510727368,0.40736324467070334,none
31402,s31402.csv,219,1.002,3.192,2.1900000000000004,0.863013698630137,0.0,0.0,189,0.863013698630137,481.1544040444469,1369.1305359999997,0.7268210188009475,1.0,0.0,0.9954337899543378,1,0.0045662100456621,,,,9,0,0.9579651227392444,0.2019066209809445,2.068227636809612,4,0,0.8770322936797812,0.3559061702717397,4.689241312949567,7,0.1999999999999999,0.4802801719329581,13.152702208043165,0.839245096275873,4.04073583993677,0.0002520220668669,0.1780821917808219,0.182648401826484,0.8477619197534583,0.0129007354477613,train,val,train,train,0,,,,,,,,,False,True,0.7571083754190869,0.2875195007800312,0.0,0.4340201698734927,0.4958258076317391,0.2733229329173167,0.038461538461538464,0.4073339420429074,none
32323,s32323.csv,149,3.512,4.992,1.48,0.8859060402684564,0.0,0.0,132,0.8859060402684564,268.51713119924665,858.0138944999991,0.6849425915247701,1.0,0.0,0.0067114093959731,148,0.9932885906040269,12.959264128552311,41.778816500000005,0.749750535388051,9,0,0.8302537520731327,0.385021566047846,5.209838656619908,4,0,0.6666467189874822,0.5798733405861509,3.660916819609312,3,0.2499999999999997,0.571585511648195,1.1761187039630787,0.5793302203076575,30.755058063172346,0.0102427727587176,0.1006711409395973,0.1140939597315436,0.8946235212729119,-0.0235050720211463,train,train,train,train,0,,,,,,,,,False,False,0.3944291908628683,0.3649765990639626,0.0,0.606585443302497,0.4477676594651399,0.4630265210608424,0.08307169021454736,0.4069879357107541,none
31289,s31289.csv,288,6.312,9.192,2.88,1.0,0.0,0.0,288,1.0,290.5673015874649,927.2404735,2.703773503275066,1.0,0.0,0.9965277777777778,1,0.0034722222222222,,,,9,0,0.1719992294565006,0.8852997575452446,3.31349848764478,4,0,0.072270244961165,0.9727075172779744,5.010111679295004,1,,0.6022586868402224,9.300004049059991,0.8466317765202762,5.597942337008904,-0.0062430442584811,0.0347222222222222,0.0347222222222222,0.4133269628828958,0.0815625310113327,train,test,train,train,1,0.5044677182851801,0.5727869903069798,,,0.3788845832449862,0.4308528293475822,,,False,True,0.5312535656745488,0.3641965678627145,0.0,0.3938361052305894,0.431558378307219,0.33510140405616223,0.3613782051282051,0.4066987778786487,none
32074,s32074.csv,240,0.502,2.912,2.41,0.9041666666666668,0.0,0.0,217,0.9041666666666668,113.99420326346252,392.114554,0.934236260224677,0.75,0.0,0.4541666666666666,71,0.2958333333333333,12.147921258661816,36.12163,2.4798263543898806,9,0,0.8972578859653891,0.3141598906395804,2.424803759724574,4,0,0.9466095190306456,0.2339566463380769,2.1589175770879927,4,0.49,0.542019833545361,1.0544949110295925,0.8726456229269288,2.682087037203641,-0.025421749722412,0.0916666666666666,0.0958333333333333,0.6675802972589916,-0.1131957607581138,train,val,train,train,0,,,,,,,,,False,True,0.3856774284999391,0.4246489859594383,0.0,0.3117176755029232,0.377129547711659,0.4591263650546022,0.40152407116692834,0.40634003657230033,none
31449,s31449.csv,228,1.002,3.292,2.29,0.8508771929824561,0.0131578947368421,0.0,191,0.8377192982456141,554.6499778887456,1473.03857,0.8130342180927527,0.3421052631578947,0.0,0.337719298245614,1,0.0043859649122807,,,,9,0,0.965930588257467,0.1813727264902907,2.042462263020081,4,0,0.9228824889191044,0.2777226435625891,4.971199670321447,13,0.03,0.490360599207591,10.799659363698716,0.6577430051067517,15.823579527396106,0.1520715546076539,0.2587719298245614,0.2631578947368421,0.8957682151980442,-0.1128680002361243,train,train,train,train,0,,,,,,,,,False,True,0.6708353001852433,0.2928237129485179,1.0,0.5756749503058961,0.5099831396885852,0.27425897035881436,0.05689102564102564,0.405839074591137,none
31886,s31886.csv,123,4.012,5.232,1.2200000000000006,1.0,0.0,0.0,123,1.0,115.54453085818612,342.453906,4.168850762510586,1.0,0.0,0.991869918699187,1,0.008130081300813,,,,9,0,0.7188972845927579,0.4992436056706416,6.966696286568571,4,0,0.7565320619923234,0.4815596641340695,8.82632957666698,2,,0.8195676521420842,2.250420309815922,0.61803657412048,21.640131464109075,-0.0255211367714614,0.08130081300813,0.08130081300813,0.7220764911994827,0.5104988449831724,test,val,val,test,2,-0.0458836623842064,0.2693348701455094,,,-0.3126774101973631,0.1012761806810605,,,False,True,0.4640385449365712,0.1853354134165366,0.0,0.7929502172108609,0.465165950586846,0.2109204368174727,0.41907051282051283,0.40538284771266647,none
31249,s31249.csv,145,3.012,4.452,1.44,0.993103448275862,0.0,0.0,144,0.993103448275862,151.2470424296976,515.819937,1.316909485295011,1.0,0.0,0.6896551724137931,45,0.3103448275862069,5.982544085032723,17.304778,1.4910301592703843,9,0,0.7505881494493966,0.4487284329826583,3.715910882239304,4,0,0.5029390465023216,0.7085857824895239,3.443616540100457,3,0.72,0.5902672248420734,3.416742202313795,0.6917502682606304,14.72295728183593,-0.1002572656786117,0.0689655172413793,0.0758620689655172,0.6769531526974721,0.0455126258205059,test,train,train,train,1,0.0984421696110475,0.2449185942074208,-0.8836947005897453,-0.0930774654583579,0.093259331068761,0.2688088902884608,-1.7537992440797932,-0.6301485427483546,False,True,0.4377814201401123,0.3000390015600624,0.0,0.5216382588648081,0.4147286252545036,0.37098283931357257,0.30399659863945583,0.4035727903931023,none
31034,s31034.csv,149,5.012,6.492,1.4800000000000004,0.9731543624161074,0.0,0.0,145,0.9731543624161074,32.83758419247465,110.57095800000003,3.090286066083629,1.0,0.0,0.0,149,1.0,12.235527131235848,38.42048600000001,1.889818655627306,9,0,0.3396509621517893,0.7896748358918524,2.8231357792237954,4,0,0.1751303319447884,0.9217563187408754,3.182065625559084,1,,0.7935097419694532,1.1741607798392024,0.8944014919948015,0.2816793760383433,0.0067309719410961,0.0,0.0,0.3467360490984055,-0.2260831448349908,train,train,train,test,1,-0.3028420988830927,0.0043295940235305,0.0534373825248437,0.2518807204260116,-0.327148527043223,-0.0157167772875852,-0.1332066944760295,0.0045940538694176,False,True,0.2120653719568676,0.3888455538221528,0.0,0.3695686955623899,0.3211894326913742,0.4820592823712948,0.6102335164835165,0.4034136563424642,none
31864,s31864.csv,546,3.502,8.982,5.48,0.9963369963369964,0.0,0.0,544,0.9963369963369964,149.7641131809964,406.7005745000001,0.8401877881665251,1.0,0.0,0.9926739926739928,4,0.0073260073260073,,,,9,0,0.704341142633778,0.5120539345598059,2.695377391710258,4,0,0.8710961967271931,0.3560788460319535,2.952491018534739,9,0.3999999999999999,0.3813289224190096,2.7783762893925648,0.7486165799667661,31.31116837324908,0.0091262827528811,0.0641025641025641,0.0641025641025641,0.5423041594008584,0.0638087101844849,train,train,train,train,0,,,,,,,,,False,True,0.3862770329003875,0.5920436817472698,1.0,0.4581848424595772,0.4798677028645531,0.5218408736349455,0.06330128205128205,0.40284237800072337,none
31541,s31541.csv,218,1.002,3.192,2.1900000000000004,0.9770642201834864,0.0,0.0,213,0.9770642201834864,149.70211783280072,508.60816199999977,0.9846746523266908,0.0,0.0,0.0,0,0.0,,,,9,0,0.9616578147733476,0.1915875627133855,5.727082437884795,4,0,0.9690714571459046,0.1754904541372535,1.8849742425677245,6,0.2999999999999998,0.8868733663107911,11.179773892161723,0.5991044848805902,21.386087514301074,0.1993827296953085,0.2568807339449541,0.2798165137614679,0.9249523157137738,0.3455888414733876,test,train,train,train,1,-2.469781561879343,-0.7419465626091126,,,-2.583850705487919,-0.7921358970044992,,,False,False,0.7893921889391152,0.2341653666146645,0.0,0.5206820810187882,0.5144497687494594,0.18783151326053044,0.08493589743589744,0.40279295875414955,none
32103,s32103.csv,96,4.002,4.952,0.9500000000000002,0.8541666666666666,0.1145833333333333,0.0,71,0.7395833333333334,463.913606046002,1526.38058,9.415862878041011,1.0,0.0,0.9895833333333334,1,0.0104166666666666,,,,9,0,0.6140176651560884,0.591287661979059,2.8430386978204445,4,0,0.9245006405702124,0.2739972537180531,3.5602833816343447,1,,0.7906706476970813,3.4543205266291226,0.594385298632117,9.714170922488323,0.0521650037122528,0.2291666666666666,0.2291666666666666,0.849251486701378,0.1900118969030139,val,val,train,train,0,,,,,,,,,False,False,0.6087809027318846,0.1492979719188767,0.0,0.5177551237646594,0.4206541432571642,0.17909516380655227,0.46474358974358976,0.4016471433684236,none
31036,s31036.csv,492,3.502,8.442,4.94,0.9939024390243902,0.0101626016260162,0.0,484,0.983739837398374,152.00217000335718,322.59250849999995,1.3866232986680032,1.0,0.0,0.9979674796747968,1,0.0020325203252032,,,,9,0,0.7437891782895144,0.4847474792366639,6.197730803153712,4,0,0.8417958918758188,0.3969569686549566,3.5526225250368277,15,0.0600000000000002,0.5846164947145409,2.752162687306029,0.9121647983461524,3.650570987969097,0.0131018659660821,0.024390243902439,0.024390243902439,0.3687135391420164,-0.0487367670728192,train,train,val,test,1,0.1144598857028036,0.4543163514446249,,,0.1453974419655708,0.4573901760417759,,,False,True,0.3219033523028194,0.5119344773790951,1.0,0.7546008348186451,0.5182234908342637,0.42059282371294854,0.15705128205128205,0.40155595270651434,none
31561,s31561.csv,149,3.502,4.982,1.4800000000000004,0.8120805369127517,0.0134228187919463,0.0,119,0.7986577181208053,489.40213654472126,1298.218081,0.913785521998636,0.1543624161073825,0.0,0.0,23,0.1543624161073825,533.5911218884327,16.905226999999996,2.1244392195199104,9,0,0.7513113398112421,0.4712114455035496,3.2169618089626,4,0,0.8719402754037222,0.3542159545347758,2.648924232820334,4,0.0499999999999998,0.8240258854258034,3.406948960744119,0.7640993183612546,8.803283577753923,0.0712939090586758,0.1677852348993288,0.174496644295302,0.6854048682427049,-0.0437490303696827,train,train,val,train,0,,,,,,,,,False,True,0.4989113923184141,0.2818642745709828,0.0,0.456891136915023,0.4103388244857958,0.3279251170046802,0.34474751439037155,0.4010892621932055,none
31079,s31079.csv,311,3.512,6.632,3.12,0.9485530546623794,0.0032154340836012,0.0,294,0.945337620578778,126.19616338627594,234.18531249999984,1.2472998682632184,1.0,0.0,0.9871382636655948,4,0.0128617363344051,,,,9,0,0.9286282306933176,0.252189030218619,8.456192887581157,4,0,0.6564377065830804,0.5875490182304808,3.0088895586198543,4,0.8000000000000003,0.8079793896316814,3.508657875372376,0.8463880531150295,5.738481275885926,-0.0227904784007429,0.0578778135048231,0.067524115755627,0.4372758405463791,-0.0338334799809988,test,train,train,test,2,-0.4128027451476745,0.0995864557268069,,,-0.3829373849629608,0.1405081839572619,,,False,True,0.385675501515216,0.4518720748829953,0.0,0.6317498801978768,0.4826666157987369,0.4260530421216849,0.13141025641025642,0.4005978877944587,none
31342,s31342.csv,396,4.262,8.242,3.980000000000001,1.0,0.0,0.0,396,1.0,199.4625681997131,645.1440325000001,1.226355206810099,1.0,0.0,0.9974747474747476,1,0.0025252525252525,,,,9,0,0.5636403331102273,0.6457107308963005,3.4020907494100467,4,0,0.5579249745852178,0.6627104308545275,3.8775936999151184,5,1.0,0.7814159776597468,5.553634510643791,0.7472817898127363,22.001597925259357,0.0005617318597408,0.1515151515151515,0.1565656565656565,0.2711880673772909,0.0028985999662424,train,val,train,train,0,,,,,,,,,False,True,0.4750268024129114,0.4490249609984399,0.0,0.5842434370960126,0.4986911483227767,0.37878315132605306,0.12419871794871795,0.4002876245110042,none
31283,s31283.csv,517,4.002,9.192,5.19,0.9961315280464216,0.0,0.0,515,0.9961315280464216,317.49530760298404,971.19726,1.6447528565021818,1.0,0.0,0.9980657640232108,1,0.0019342359767891,,,,9,0,0.8375170623721859,0.3712437835735566,3.6405430952764384,4,0,0.3074010931361613,0.8291182978012397,2.7148253068932955,4,1.2700000000000005,0.4556046078875417,7.552829540676161,0.8181832279952052,21.534825747790084,0.0182484067017595,0.0483558994197292,0.0560928433268858,0.4111574554433362,0.0217654669006214,train,train,train,train,0,,,,,,,,,False,True,0.4781379806394421,0.5262480499219969,0.0,0.3580435162155727,0.4589481655611754,0.43182527301092044,0.20192307692307693,0.40016649236699825,none
32662,s32662.csv,297,2.912,5.892,2.9800000000000004,0.8653198653198653,0.0033670033670033,0.0,256,0.8619528619528619,161.12849521134578,498.0692475,1.5066377054023004,1.0,0.0,0.5353535353535354,138,0.4646464646464646,19.94888828680589,65.20556300000001,1.4652262453302822,9,0,0.8346677422926617,0.3974085388396191,3.007768253034389,4,0,0.9547772401110628,0.2118559829011596,2.13093182694403,5,0.915,0.375825063984554,0.5408014627898321,0.8512067739104925,7.86717248331426,0.008588497296216,0.0336700336700336,0.0336700336700336,0.5054433335836597,0.0103975961221635,train,test,train,test,2,-0.3664026566440543,0.245530430016222,0.0814264831330921,0.2210445045782655,-0.612838336714767,0.0923995096006829,-0.1350110580173167,-0.0003668091485591,True,True,0.2917233849501437,0.5200078003120124,0.0,0.2833028802279462,0.3690967789101385,0.549609984399376,0.3349522501308215,0.4000992787986087,none
32292,s32292.csv,447,3.512,7.992,4.48,0.7829977628635347,0.0089485458612975,0.0,346,0.7740492170022372,334.96732955242265,857.812095,2.9647384447463323,1.0,0.0,0.9977628635346756,1,0.0022371364653243,,,,9,0,0.0765055431785902,0.9612814606065534,3.691849512446972,4,0,0.0693478693310175,0.9543646447282615,3.127879011638539,2,,0.8477366255144027,2.4343295065841883,0.8880415871562016,4.867617692680874,0.0114367810494656,0.0536912751677852,0.058165548098434,0.573557618123146,0.3797898781600843,train,train,val,train,0,,,,,,,,,False,True,0.4860020101714256,0.4468798751950078,0.0,0.3545523923185684,0.4328743775738222,0.3600624024960999,0.3782051282051282,0.3997391921284221,none
32335,s32335.csv,298,7.512,10.492,2.9800000000000013,0.8557046979865772,0.0033557046979865,0.0,254,0.8523489932885906,323.6954828493326,1064.5606014999996,3.053267844374843,1.0,0.0,0.9966442953020134,1,0.0033557046979865,,,,9,0,0.2299892470697702,0.8856354212534868,4.669492628675514,4,0,0.7646186801277866,0.4862378341096969,2.505660329520555,2,,0.6232229181053989,2.258856836622665,0.7092011721386837,18.790880917019397,-0.018830582968675,0.1879194630872483,0.2046979865771812,0.7246345862990022,0.0874720226579345,train,train,train,val,0,,,,,,,,,False,True,0.499384922465701,0.3702418096723869,0.0,0.4342412053077114,0.4346417178406441,0.3179407176287051,0.3838141025641026,0.39970005997196445,none
31711,s31711.csv,552,4.512,10.052,5.54,0.9891304347826086,0.0,0.0,546,0.9891304347826086,271.75674999512324,875.4455175,1.0545143721712278,0.0,0.0,0.0,0,0.0,,,,9,0,0.8414103877853805,0.3906517674720163,3.737919667316044,4,0,0.7697363982091061,0.483767712408405,7.321324933558484,14,0.2000000000000001,0.6633001467866488,6.29650868639545,0.9304620549405892,2.1347872187817947,-0.0219496051320524,0.0090579710144927,0.0108695652173913,0.4883379231158154,-0.2377009498554616,train,train,train,train,0,,,,,,,,,False,True,0.4339723952217803,0.4755070202808112,1.0,0.7924948506260472,0.5560662506137212,0.3388455538221529,0.0953525641025641,0.3989070523046869,none
32305,s32305.csv,596,2.012,7.992,5.98,0.9848993288590604,0.0016778523489932,0.0,586,0.9832214765100672,189.9142246466608,569.9009825,0.8016463476541841,1.0,0.0,0.9983221476510068,1,0.0016778523489932,,,,9,0,0.7931200448139915,0.4381981832744181,2.8035958832011745,4,0,0.8374920417960655,0.4033702885216492,2.6355347654478587,4,1.5,0.8070232062744087,2.360143403213493,0.8937783039773581,6.118152960624753,0.0335020846827873,0.0385906040268456,0.0486577181208053,0.6150436275408386,0.4029457020931486,train,train,train,train,0,,,,,,,,,False,True,0.483155964218538,0.5702418096723869,0.0,0.4235980938093482,0.4957686490046282,0.4564742589703588,0.052083333333333336,0.39888870692510714,none
31327,s31327.csv,842,1.032,9.492,8.46,0.9869358669833728,0.002375296912114,0.0,829,0.9845605700712587,126.07879569421766,228.50793,0.5687237970724723,0.2125890736342042,0.0,0.2054631828978622,6,0.007125890736342,9.278477719560946,23.4858175,,9,0,0.9437093462956584,0.2318943951413507,2.509445803566834,4,0,0.9582477152119724,0.2030073583210145,4.906530873599113,6,1.5,0.5917252131335089,0.9707300986479626,0.951129726565084,1.847461404686482,-0.0106723746872942,0.009501187648456,0.013064133016627,0.2628855724240028,-0.0518262507448038,train,test,train,train,1,-0.4909012689294324,0.1017069490354719,,,-0.5839836505780815,0.1122318060463349,,,False,True,0.2464700540848437,0.7410296411856474,0.0,0.4780734442543745,0.4890469266209842,0.6232449297971919,0.01842948717948718,0.39771442785940914,none
31889,s31889.csv,302,4.012,7.042,3.03,0.9271523178807948,0.0,0.0,280,0.9271523178807948,205.10245775412207,579.3961709999999,1.208311886640012,1.0,0.0,0.9966887417218544,1,0.0033112582781456,,,,9,0,0.7719936636464869,0.4503732501020067,5.493267414288856,4,0,0.8481680347434266,0.3869270023800772,6.582340668843902,9,0.1300000000000003,0.6475335654666287,1.6455677168702243,0.7609549335776526,13.155631379043983,-0.0752690525651168,0.0927152317880794,0.1026490066225165,0.6549416359394883,0.0319690240975105,val,train,train,train,0,,,,,,,,,False,True,0.4006333536706881,0.3826443057722308,1.0,0.8505971787212008,0.5293263344213819,0.32854914196567864,0.12179487179487179,0.39746847046488876,none
31031,s31031.csv,149,5.012,6.492,1.4800000000000004,0.9932885906040269,0.0,0.0,148,0.9932885906040269,41.88544139890145,93.72281500000004,2.195820826328052,1.0,0.0,0.0,149,1.0,9.840866954647806,32.771298,1.4417636794618534,9,0,0.4117391662011406,0.6955767075001494,3.558331491279336,4,0,0.1477980212922515,0.909929187873862,4.065051691342157,1,,0.7009611961552057,1.2491911058595626,0.8860228530919294,0.4177525665469315,-0.0837475755904894,0.0,0.0,0.2112908340566708,-0.1662794748557423,train,test,train,test,2,-0.1566976468726459,0.163469947493509,-1.7671050675228115,-0.5431598676225531,-1.1228280172489051,-0.5542717782772087,-1.5527045123838623,-0.5294324868911628,False,True,0.1932023460431452,0.3962168486739469,0.0,0.5113149185229072,0.3596911937078544,0.49048361934477375,0.43849751439037155,0.39662601648784485,none
32453,s32453.csv,149,5.012,6.492,1.4800000000000004,1.0,0.0,0.0,149,1.0,348.29139969096485,1124.6986339999971,15.122099624936393,1.0,0.0,0.9932885906040269,1,0.0067114093959731,,,,9,0,0.1390741593050594,0.9388264810990868,4.603492156038032,4,0,0.2613808403370332,0.8282685786457896,4.001811346188272,1,,0.5993226832689129,4.73447396669189,0.6544168425768815,11.126576826862255,-0.0073325466079582,0.1342281879194631,0.1342281879194631,0.800675261814965,-0.1616767631905443,train,train,train,val,0,,,,,,,,,False,True,0.5063240739755843,0.2324882995319812,0.0,0.4940306592229581,0.4067935284945354,0.24274570982839314,0.4879807692307692,0.39629722039209164,none
32340,s32340.csv,298,7.512,10.492,2.9800000000000013,1.0,0.0,0.0,298,1.0,149.17697419805828,488.5539144999997,2.4444661121690943,1.0,0.0,0.9966442953020134,1,0.0033557046979865,,,,9,0,0.166264685691057,0.9034712878887686,3.538784739260988,4,0,-0.0098856865858424,1.0157798644471852,3.860283160632332,1,,0.9049126554275736,4.482646909149715,0.5233250478592159,50.40420972054476,-0.0452273750323147,0.1812080536912751,0.1812080536912751,0.533328087904539,-0.0089944318708514,val,train,test,train,1,0.1911888610267468,0.3897901420988316,-1.5773011468396412,-0.2918785355931559,-1.0254841743412406,-0.5776731148905998,-0.893865025006159,0.0066090858374728,False,False,0.4729054778770278,0.3980889235569422,0.0,0.4295362875814074,0.4337089267763117,0.3497659906396256,0.3301282051282051,0.3957277135254005,none
31121,s31121.csv,92,4.002,4.912,0.91,0.9891304347826086,0.0,0.0,91,0.9891304347826086,282.5322727644359,955.62492,0.8855558995830424,1.0,0.0,0.0108695652173913,91,0.9891304347826086,6.775432344786789,21.66268,0.6407038105339237,9,0,0.8234783165480548,0.3894735936605026,4.346912534597255,4,0,0.8458149247853997,0.38434346054531,2.312297883425549,1,,0.5359451718494276,3.368628471298752,0.7453279794832862,2.518208704246719,-0.2948291467044669,0.1630434782608695,0.1630434782608695,0.8451723634084236,-0.0259446545757533,train,train,train,train,0,,,,,,,,,False,True,0.5357299935980083,0.2824882995319813,0.0,0.4555011256973955,0.423026740304715,0.37722308892355694,0.1050987702773417,0.39569821804503585,none
31085,s31085.csv,675,3.512,10.292,6.779999999999999,1.0,0.0,0.0,675,1.0,62.61082121529828,215.0889309999999,0.9984195144896488,0.0,0.0,0.0,0,0.0,,,,9,0,0.7228223839758324,0.500746172996245,3.0462191924419866,4,0,0.7122338111314047,0.5417770046635044,3.394853490507177,7,1.135,0.7936041528930685,3.117751524026008,0.6819428747094597,83.87833273349281,0.0247591773649806,0.1288888888888889,0.1407407407407407,0.7337527140908128,0.0536679025238748,val,train,train,test,1,-0.8307476063881234,-0.3101202083270147,,,-0.5954014264000871,-0.1436054197322416,,,False,False,0.4946217917877972,0.5567082683307332,0.0,0.510994575494063,0.5212638936897045,0.39219968798751953,0.08974358974358974,0.3953771375169949,none
32386,s32386.csv,148,0.502,1.982,1.48,0.9797297297297296,0.0067567567567567,0.0,144,0.972972972972973,233.6453974766816,474.7642779999998,2.695581298085148,0.1554054054054054,0.0,0.1486486486486486,1,0.0067567567567567,,,,9,0,0.8320974087225758,0.4202785425114861,4.226864966949954,4,0,0.8951478012084464,0.1866350730531457,15.819284288463471,3,0.25,0.8286625592577944,2.814695647926839,0.5185956083476178,30.00899160941846,0.0043079056864632,0.1756756756756756,0.1756756756756756,0.7233305155110837,0.0633718722543352,test,val,val,train,1,0.2719187122057702,0.4457346829690501,,,0.1452049017719165,0.3358790785695067,,,False,False,0.4780555957337631,0.2089703588143525,0.0,0.7156310507743046,0.4551483993241318,0.22589703588143525,0.3605769230769231,0.3952066891503872,none
31552,s31552.csv,218,1.002,3.192,2.1900000000000004,0.7522935779816514,0.0091743119266055,0.0,162,0.7431192660550459,498.2284078683462,1601.020525999999,0.5497092184652244,0.0,0.0,0.0,0,0.0,,,,9,0,0.939022490867043,0.2456678646199036,2.4252992685246726,4,0,0.9624995114999372,0.1926766715707757,3.424284866345805,10,0.06,0.4996679004713821,19.692696504909605,0.680373149275656,17.9193461113687,0.066192067264152,0.3486238532110092,0.3623853211009174,0.9248675462875678,0.2996567463436284,train,train,train,train,0,,,,,,,,,False,True,0.8448898657508953,0.2030421216848674,1.0,0.5065212927738315,0.5187325834346663,0.15226209048361936,0.015224358974358974,0.3926336436809449,none
31026,s31026.csv,149,5.012,6.492,1.4800000000000004,0.9865771812080536,0.0,0.0,147,0.9865771812080536,36.10302698620829,95.230863,2.480228042479569,1.0,0.0,0.0,149,1.0,1.1631757370346254,3.563205999999997,2.4230216612457323,9,0,0.3113293800750739,0.7829917446770285,3.225052030886405,4,0,0.0792441875647326,0.9713568940965176,2.7951274410197846,2,,0.7519016227180525,1.0911093718500506,0.8886402627424106,0.4152929027766128,-0.0739548777772768,0.0,0.0,0.0732146478069454,-0.2449386943632573,test,train,train,train,1,-0.1255902974711107,-0.1394025157899092,-10.149553782007828,-6.9560178804554775,-0.4153949687200946,-0.1625350800322456,-115.35253742092937,-88.33517621820347,False,True,0.172174632605635,0.3926677067082683,0.0,0.3250716594337081,0.2952163165899786,0.4864274570982839,0.6499869178440607,0.3924821592126694,none
31271,s31271.csv,796,3.012,10.992,7.98,0.9987437185929648,0.0,0.0,795,0.9987437185929648,186.6328531020588,624.569902,1.1834986809455903,0.0,0.0,0.0,0,0.0,,,,9,0,0.6066371415603311,0.5921969652725424,3.604011963408712,4,0,0.546303113374858,0.6702405426661884,2.653429061597941,6,0.25,0.8254912036017523,4.971029322208905,0.799421652020521,65.76390687555707,0.0021897272763572,0.0414572864321608,0.0414572864321608,0.4204338926924464,0.0586157620468195,val,val,train,val,0,,,,,,,,,False,True,0.4320189838552992,0.5994929797191888,0.0,0.4989249418371381,0.5107066698022122,0.42215288611544466,0.11538461538461539,0.39061328318603067,none
32419,s32419.csv,447,3.512,7.992,4.48,0.9977628635346756,0.0,0.0,446,0.9977628635346756,246.15748450313703,245.0315675,6.351358993400448,1.0,0.0,0.9977628635346756,1,0.0022371364653243,,,,9,0,0.120790715321472,0.9349659018119496,3.654037831531232,4,0,0.2548261100632645,0.86021780235924,3.780867871227796,3,1.4999999999999998,0.6421081677704195,1.874907535467552,0.8825185020183615,4.812613939528724,0.0029750359101299,0.0536912751677852,0.0604026845637583,0.5518743220980462,-0.1914812396684083,train,test,train,test,2,0.36827947422626,0.522915326989803,,,0.3302821614637761,0.4975710505890809,,,False,True,0.3291855213013858,0.4875585023400935,0.0,0.4177962884942381,0.4111992948227891,0.4065522620904836,0.44310897435897434,0.39051235065459106,none
31399,s31399.csv,149,1.002,2.492,1.49,0.7718120805369127,0.0,0.0,115,0.7718120805369127,720.147948731822,2282.5260039999994,1.5966461968349417,0.0,0.0,0.0,0,0.0,,,,9,0,0.8811588280319108,0.3461520148606082,2.108318380434918,4,0,0.9353402550682584,0.2562128834389631,4.085431871732812,8,0.02,0.5394725203443802,18.022526864746705,0.6283038408907621,13.629077954368071,0.0616755977555889,0.2281879194630872,0.2416107382550335,0.9482594479945212,0.723648003882758,train,test,train,train,1,0.2008137556133096,0.4031767895690048,,,0.2852469987339265,0.4662688538373685,,,False,True,0.8360212505423846,0.1394695787831513,0.0,0.4565780403038932,0.4783952023551054,0.10234009360374416,0.19631410256410256,0.38967623403441237,none
31118,s31118.csv,204,6.312,8.352,2.04,1.0,0.0,0.0,204,1.0,357.8610995363344,1186.526737,1.6212789831807224,1.0,0.0,0.9950980392156864,1,0.0049019607843137,,,,9,0,0.8075525286772905,0.4168437279816921,5.956871404935255,4,0,0.4179111299991397,0.7648085284108994,7.306689331907349,4,0.5300000000000002,0.8593065019338008,9.088211061944566,0.8228639069334969,5.414037306997113,-0.0214172519328566,0.0441176470588235,0.0441176470588235,0.3437012580300047,-0.2372689071023403,train,val,test,train,1,-0.2479492891115187,0.0938513856313586,,,-0.7012009285530694,-0.1374345535836199,,,False,True,0.4258652218662393,0.2964118564742589,0.0,0.7747376147857205,0.4852182618548905,0.2870514820592824,0.19791666666666666,0.3884783016014428,none
31071,s31071.csv,746,0.502,7.992,7.49,0.9758713136729222,0.0,0.0,728,0.9758713136729222,230.4623458142893,755.7204419999999,1.1330691904839,0.0,0.0,0.0,0,0.0,,,,9,0,0.9452872247198956,0.2102632591338842,5.520522513967162,4,0,0.8744857563750013,0.3256344823352565,2.5464042816946435,6,1.5,0.5975118021277457,4.621608117447661,0.7145326594559083,52.36291008706198,-0.0303872287479154,0.0965147453083109,0.1018766756032171,0.3866561831706659,0.0698084790610882,train,train,test,train,1,0.044998456361482,0.1979982238632329,,,-0.102016053593289,0.145462721872929,,,False,True,0.4508838797097377,0.580226209048362,0.0,0.4937228554603035,0.509005387703426,0.4074882995319813,0.10737179487179487,0.3884246812755286,none
32339,s32339.csv,298,7.512,10.492,2.9800000000000013,0.9966442953020134,0.0,0.0,297,0.9966442953020134,127.5185780394035,413.19117000000017,2.47266570881294,1.0,0.0,0.9966442953020134,1,0.0033557046979865,,,,9,0,0.3655326303251208,0.7553872872406838,3.799368035051018,4,0,-0.0829481345268875,1.036769017402874,3.968975900259518,3,0.7550000000000003,0.6168097605060964,4.97212462468086,0.5081182614200176,61.90433525122442,0.0459336496250638,0.1208053691275167,0.1308724832214765,0.4308228187245118,0.0165967412642269,train,train,train,test,1,0.3309243414412485,0.407955986598432,,,0.1009514146828327,0.2229821029194717,,,False,False,0.4361879655755831,0.3939937597503899,0.0,0.4627002970201276,0.4293736929701288,0.3450858034321373,0.3333333333333333,0.388295755598549,none
31619,s31619.csv,298,5.012,7.992,2.9800000000000004,0.9798657718120806,0.0,0.0,292,0.9798657718120806,43.12533501396264,138.8479075,2.4874300961159443,0.0939597315436241,0.0,0.0,28,0.0939597315436241,38.786255438175466,103.5777875,1.2522758930957465,9,0,0.5200804422341085,0.677602448040034,2.676442947714461,4,0,0.2729698921468099,0.840921913070142,3.2628306804832907,2,,0.933270313238518,0.7312226163648993,0.9418351568206405,0.0016454787020019,0.0275862111637643,0.0,0.0,0.3829496835017162,-0.13854372252158,train,train,test,train,1,-0.0803274554980832,0.1931909761587259,-1.7373148612938,-0.602921446782035,-0.8063086197583196,-0.4409550935660613,-0.8953771662156231,0.012120406152743,False,True,0.2176238273554692,0.466185647425897,0.0,0.4544229803473578,0.3756602102776855,0.4630265210608424,0.4589874411302983,0.38750931985262616,none
31674,s31674.csv,714,4.612,11.792,7.18,1.0,0.0,0.0,714,1.0,100.880056693524,326.35699550000004,1.3516550594757968,0.0,0.0,0.0,0,0.0,,,,9,0,0.6600021785034919,0.5560422765128904,3.971749906040878,4,0,0.192979490177512,0.8972292204048145,3.430288751146556,7,1.1999999999999995,0.6770818142044652,7.990185400547778,0.4652157893017709,304.97452185430257,0.0038523034346755,0.1204481792717086,0.1288515406162464,0.191164911912859,-0.0009833325213075,test,test,train,train,2,-0.2133146938418103,0.1931878675334406,,,-0.6055170022556635,-0.1341443359055983,,,False,False,0.4273230813420056,0.5719188767550702,0.0,0.5000350552453721,0.4997452019075881,0.40312012480499226,0.1530448717948718,0.3874069633806352,none
31318,s31318.csv,250,1.002,3.512,2.51,0.988,0.004,0.0,246,0.984,73.79877883326212,162.69737,1.5598108544555005,0.4,0.0,0.396,1,0.004,,,,9,0,0.7512194174972064,0.4667256782560793,6.60600793033387,4,0,0.8570262416992165,0.3598491639347975,6.989983226171359,3,1.255,0.7792213564207149,1.0912572928109356,0.7859292762852059,8.605696982065488,-0.0233178908355819,0.1,0.1,0.6688802021551356,0.0113885956658812,test,train,train,val,1,0.1585487904694048,0.2973882713668834,,,-0.0319398956203151,0.1927372435401846,,,False,True,0.3970223492820573,0.3307722308892356,0.0,0.76572505996107,0.4844456210482735,0.3098283931357254,0.18990384615384615,0.38638239795614476,none
32011,s32011.csv,161,4.002,5.602,1.6000000000000003,0.9751552795031057,0.0559006211180124,0.0,148,0.9192546583850932,532.2288695139858,1811.978274000002,2.148397656703862,1.0,0.0,0.9937888198757764,1,0.0062111801242236,,,,9,0,0.7017646133837613,0.5443907788081563,4.2565869879019775,4,0,0.9009140075203076,0.3058097575827025,3.383672953027855,1,,0.5671196925672511,4.177852991398021,0.7968212242786472,4.635199785343341,0.0771534727325214,0.2795031055900621,0.2795031055900621,0.7614927422666239,-0.2119436272550478,test,train,train,train,1,-0.0498944444855331,0.1949618025939493,,,-0.7716249955646526,-0.3213702886023617,,,False,True,0.5613696980267558,0.2364274570982839,0.0,0.545482779064482,0.4428738380131085,0.2358814352574103,0.27564102564102566,0.385932054216817,none
31766,s31766.csv,139,8.502,9.892,1.3899999999999988,1.0,0.0,0.0,139,1.0,67.54324413453622,203.65618099999995,2.035047160488656,0.0,0.0,0.0,0,0.0,,,,9,0,0.5102139070789353,0.6563102702153689,3.448317508539368,4,0,0.8486784676067869,0.3955956928584334,5.624574452205758,2,,0.6724596136044673,12.495412960083964,0.6289384195124994,13.126730552099986,-0.1223297255037757,0.3669064748201439,0.3669064748201439,0.8969645979916067,-0.1037360400054483,train,test,val,train,1,-0.6323410325878059,-0.0322125821058072,,,-1.177933007827329,-0.4850096007957429,,,False,True,0.6948323594542972,0.1288221528861154,0.0,0.609062423544615,0.4709978063825289,0.11825273010920437,0.25560897435897434,0.38545150956550933,none
30909,s30909.csv,297,2.912,5.892,2.9800000000000004,0.8451178451178452,0.0101010101010101,0.0,248,0.835016835016835,436.0386686297301,1799.36472,3.1106599488411435,0.797979797979798,0.0,0.7946127946127947,1,0.0033670033670033,,,,9,0,0.9671274464003188,0.1798451909853658,3.691581073206079,4,0,0.5134549229800592,0.7078107606291064,3.2250633810821547,2,,0.371167878196584,3.847950600604859,0.6631924200437495,32.83194425071104,-0.0464670934298672,0.0774410774410774,0.0976430976430976,0.662770943276541,0.0796480596948661,train,test,train,train,1,0.1049610608187681,0.3616340052022211,,,0.1739791766656663,0.4259065742374018,,,False,True,0.4715204050696201,0.3613494539781591,0.0,0.3983226880857379,0.411001257092444,0.3135725429017161,0.3894230769230769,0.38504700343289466,none
32101,s32101.csv,230,6.312,8.612,2.3,0.5782608695652174,0.0478260869565217,0.0,122,0.5304347826086957,470.6572548076812,1326.021643999998,11.626826584492616,1.0,0.0,0.9956521739130436,1,0.0043478260869565,,,,9,0,0.1344939893386162,0.93116361720485,3.951823878763858,4,0,0.343192736069009,0.8099509949797378,2.963902646410445,0,,0.8254088837250859,11.659760699858277,0.93861558879608,-0.4055968295180943,0.0599963027007778,0.0,0.0,0.1687608793487323,0.2181409966623105,train,train,test,train,1,0.4703106598822713,0.4558594868031795,,,0.4804473802807903,0.475393348196609,,,False,True,0.5406049928748854,0.2379485179407176,0.0,0.4394525888222183,0.4043295054321265,0.20998439937597504,0.4791666666666667,0.3839681459361884,none
31772,s31772.csv,139,4.312,5.692,1.38,1.0,0.0,0.0,139,1.0,27.37891167296976,84.13462500000003,2.286341934908148,0.9424460431654677,0.0,0.8633093525179856,11,0.079136690647482,7.290587649538272,20.56993,10.071481940698025,9,0,0.2672097017713024,0.8231862541255696,3.802285524429026,4,0,0.112042716635268,0.927444633228426,3.5355327275851485,1,,0.4407199100112454,2.2238346550721824,0.8687100434854982,0.5389659344502609,-0.0239881990579495,0.0,0.0071942446043165,0.3194383801488757,0.0042387878733459,train,train,test,train,1,-0.6463638979234534,-0.0608535625538111,,,-1.712239762368876,-0.8672312288991091,,,False,True,0.2659968794765231,0.2665756630265211,0.0,0.378633598189549,0.2999904693329301,0.32605304212168484,0.7750032705389849,0.38326581100091095,none
31161,s31161.csv,149,5.012,6.492,1.4800000000000004,0.4899328859060403,0.0067114093959731,0.0,72,0.4832214765100671,439.9028904198548,672.5688005000004,14.064686435120432,1.0,0.0,0.9932885906040269,1,0.0067114093959731,,,,9,0,0.1019761288611206,0.9688037014780584,5.630148451843606,4,0,0.0631165981188189,0.9704061063332932,4.3409605705938334,0,,0.7241123803643102,3.089352760655058,0.5610190786939734,34.022887958203654,0.0328148642137272,0.1006711409395973,0.1140939597315436,0.8414539016445571,0.5003037805056846,train,train,train,test,1,0.4256041942564393,0.4702708038955586,,,0.4218452167353954,0.4632183910553282,,,False,False,0.5486688520162084,0.1776131045241809,0.0,0.4907977568032591,0.401438011830114,0.18003120124804992,0.4855769230769231,0.38306933808610977,none
31801,s31801.csv,327,1.002,4.292,3.29,0.7614678899082569,0.0030581039755351,0.0,248,0.7584097859327217,511.76059795066107,1456.6092285,0.8178489520104941,0.4801223241590214,0.0,0.4770642201834862,1,0.0030581039755351,,,,9,0,0.9050179053115268,0.3096781518945118,2.787594033505142,4,0,0.8365426826276239,0.4058006151300771,4.630240981933123,43,0.0100000000000002,0.4331347960645125,9.128814014770043,0.8973734193764352,2.712357618085609,-0.0875498635086568,0.0397553516819571,0.055045871559633,0.7986615324909643,-0.1117991245163691,train,train,train,train,0,,,,,,,,,False,True,0.5890150139656452,0.375,0.0,0.4695243703301738,0.4782625659870279,0.3135725429017161,0.058493589743589744,0.38133621536144446,none
31685,s31685.csv,596,2.512,8.492,5.98,0.9949664429530202,0.0,0.0,593,0.9949664429530202,210.70101274530788,662.607274,1.084347999819319,1.0,0.0,0.9983221476510068,1,0.0016778523489932,,,,9,0,0.7688377735849857,0.4531504048838946,3.2463924844205034,4,0,0.4992583410673708,0.7100845467089414,3.819565742057927,3,1.5,0.4072198562147282,5.094765767257677,0.6693730675923749,79.47164591192974,-0.0292790038286799,0.0503355704697986,0.0553691275167785,0.4324342739068622,-0.0250265156441889,val,train,val,val,0,,,,,,,,,False,True,0.3760976613500973,0.5748829953198128,0.0,0.4544526016403232,0.4691790103265655,0.46177847113884557,0.0985576923076923,0.38049223095276974,none
31974,s31974.csv,196,6.312,8.272,1.96,0.9387755102040816,0.0051020408163265,0.0,183,0.9336734693877552,446.1809612630458,1334.7996839999998,2.249353130369529,1.0,0.0,0.9948979591836736,1,0.0051020408163265,,,,9,0,0.2974214809060662,0.8374321876576015,3.5388591652672354,4,0,0.5524876488889198,0.6652998239438176,3.0325134729448457,1,,0.554384589211637,6.571294206240798,0.8096429253509743,5.396563416078251,-0.0472482892241592,0.1071428571428571,0.1071428571428571,0.4634272275359124,0.0790405200877104,train,train,train,test,1,0.0329514006860365,-0.0009848932381844,,,0.3556694023308107,0.4699455218198701,,,False,True,0.5555871133321828,0.2727379095163806,0.0,0.3967369054560113,0.4089348296338006,0.26801872074882993,0.3036858974358974,0.37894704273297314,none
32031,s32031.csv,396,2.212,6.192,3.98,0.9974747474747476,0.0,0.0,395,0.9974747474747476,145.13795930639486,462.8796999999992,1.9002026537156764,0.76010101010101,0.0,0.7575757575757576,1,0.0025252525252525,,,,9,0,0.2983587992613102,0.8135785850566782,3.5557093064782874,4,0,0.333402271522523,0.8151520537531614,3.109800603622049,4,1.0,0.5362026103169685,7.610903541894372,0.6566547835578396,81.40736389801336,0.0076124394035401,0.0555555555555555,0.0555555555555555,0.2622286994802058,0.1380947920162497,train,train,test,train,1,0.2801232271692998,0.4245351373133624,,,-0.1902656495019776,0.0534634611360353,,,False,False,0.4543580616091899,0.4356474258970358,0.0,0.3832903032024596,0.4264890115879168,0.37285491419656785,0.23397435897435898,0.3780390834879069,none
31563,s31563.csv,223,0.502,2.822,2.3200000000000003,0.7757847533632287,0.0,0.0,173,0.7757847533632287,330.3502160704295,966.729102,1.812024996221662,0.9865470852017936,0.0,0.0,220,0.9865470852017936,54.68432896379981,160.22774499999997,0.4843313034476691,9,0,0.9679501791665972,0.1751034845421746,19.878132188494643,4,0,0.9765870924036462,0.1502967446513125,,5,0.0549999999999999,0.9776838900648878,0.9235901109020952,0.854804394904542,3.3215545293854607,-0.0086444753223831,0.0403587443946188,0.0448430493273542,0.6957817431555547,0.0269103961820339,train,train,train,train,0,,,,,,,,,False,True,0.3714044180629979,0.4919656786271451,0.0,,,0.5739469578783152,0.24061355311355312,0.3770921415372584,none
31257,s31257.csv,79,3.512,4.292,0.7799999999999998,1.0,0.0,0.0,79,1.0,74.78021307015119,184.8355219999999,1.8379727986094172,1.0,0.0,0.0,79,1.0,17.585818860839044,56.95398,0.9690520906098152,9,0,0.8742304650848767,0.3473727556521845,7.743312585898007,4,0,-0.0050120048153007,1.0040262727109943,3.1879824175370515,1,,0.8825096407550239,2.537935908719584,0.7041921461633122,6.351369165865262,0.0234277033823494,0.0632911392405063,0.0632911392405063,0.3485550944188304,0.1509944222043475,test,train,train,test,2,-1.1059715585293382,-0.055925718087335,-0.4261389378739927,0.0050743647104651,-0.9091908136842226,0.0409059182998282,-0.3149113043184894,0.0119435313055505,False,True,0.3423091183263029,0.2677847113884555,0.0,0.5479717293583946,0.3779243592076838,0.36443057722308897,0.30759419152276296,0.3767998545193001,none
31626,s31626.csv,156,4.002,5.562,1.5600000000000005,1.0,0.0,0.0,156,1.0,58.077675683451154,152.8064975,2.2001030028125275,1.0,0.0,0.9935897435897436,1,0.0064102564102564,,,,9,0,0.6550751847353019,0.5667140542826951,3.2797515483172117,4,0,0.5982513467964449,0.6330677458857459,4.41998693221255,3,0.5049999999999999,0.8584474885844754,3.323647943500311,0.8671000324866137,1.4773913301978543,0.0671064203645928,0.0897435897435897,0.0897435897435897,0.7041484071054448,-0.1677653458574431,val,train,train,train,0,,,,,,,,,False,True,0.4621204707419041,0.2510530421216848,0.0,0.6179052791231607,0.4349823132392043,0.2530421216848674,0.29086538461538464,0.3761685894573,none
31442,s31442.csv,186,1.002,2.872,1.87,0.6397849462365591,0.0161290322580645,0.0,116,0.6236559139784946,447.3406516744678,1265.3507499999998,1.854905865775464,0.0,0.0,0.0,0,0.0,,,,9,0,0.9600053183884462,0.1887245232792282,3.0949895679523816,4,0,0.9218520657987052,0.2780188389016033,3.425456828466881,19,0.0349999999999999,0.7158126019447599,7.821559145402823,0.6931249764818209,10.941338095359036,0.0425800197783675,0.1989247311827957,0.1989247311827957,0.7514451357059302,0.2244964960628186,train,test,train,train,1,-1.2985557808016237,0.0901043836969811,,,-1.1679922610313849,0.1182444575486845,,,False,True,0.6982088166996487,0.1484789391575663,1.0,0.6036515039396502,0.4774361657319202,0.1032761310452418,0.23157051282051283,0.3760563999420158,none
31553,s31553.csv,224,1.002,3.262,2.26,0.8348214285714286,0.0044642857142857,0.0,186,0.8303571428571429,612.1277558167805,1580.1813675,0.7042535074263021,0.4196428571428571,0.0,0.4151785714285714,1,0.0044642857142857,,,,9,0,0.9631020755700276,0.1909776437574489,2.5869015594960247,4,0,0.9766008369425684,0.1525995211393599,3.135499429530604,8,0.04,0.573405770373234,8.254318114187026,0.7036701754068653,17.516199029268115,0.083530697419959,0.2589285714285714,0.2767857142857143,0.7662795596647334,-0.0171928548855793,test,train,train,test,2,-0.8446473098151588,-0.259957789296446,,,-0.6794149905142114,-0.1096278204610594,,,False,True,0.6445151994413709,0.2868954758190327,1.0,0.4529517877602187,0.4618792726692069,0.2708268330733229,0.03445512820512821,0.3747963304565425,none
31423,s31423.csv,110,2.002,3.092,1.0900000000000003,0.990909090909091,0.0,0.0,109,0.990909090909091,251.12150039929685,801.3529179999998,0.7132865417851517,0.009090909090909,0.0,0.0,1,0.009090909090909,,,,9,0,0.5325938538898903,0.6165126092380481,2.681741281036161,4,0,0.9409307091808587,0.2434387236003938,6.869109277041287,9,0.0699999999999998,0.8065768044630796,2.7953052081446024,0.5619696019873768,24.844965603189124,0.2318198020553382,0.1636363636363636,0.1818181818181818,0.8956056795161282,0.8363507785552439,train,train,test,train,1,-0.4124490162985197,0.0740829358114846,,,0.0204280511283007,0.3749756200398927,,,False,False,0.5956350040449926,0.1736349453978159,1.0,0.736074133459852,0.4900667223429386,0.2,0.036057692307692304,0.37451027507862944,none
31056,s31056.csv,297,4.002,6.982,2.9800000000000004,0.9865319865319864,0.0,0.0,293,0.9865319865319864,110.9385014383821,345.5128379999999,2.208998800904781,1.0,0.0,0.9966329966329966,1,0.0033670033670033,,,,9,0,0.4982530481563678,0.6809681273669256,3.6886971306598855,4,0,0.5736612804269823,0.6496659885191081,4.103844725194558,7,0.1200000000000001,0.4254609412906395,2.591385896521804,0.7629260481094421,12.64566499308122,-0.0207739353258987,0.1279461279461279,0.1279461279461279,0.4931765509525129,-0.0466596219032685,train,train,train,test,1,0.1835603263955639,0.3157113922369153,,,-0.1431122632031038,0.0365469774738408,,,False,True,0.3804103256845506,0.3845553822152886,0.0,0.5281741425414574,0.4261902405273808,0.34009360374414976,0.29246794871794873,0.373256852891936,none
32295,s32295.csv,447,3.512,7.992,4.48,1.0,0.0022371364653243,0.0,446,0.9977628635346756,300.99228565751315,301.4708075,10.25316870267072,1.0,0.0,0.9977628635346756,1,0.0022371364653243,,,,9,0,0.0104265949437474,0.997871524686579,3.6905204752230394,4,0,0.1217493121440096,0.944617653502216,3.326270512896505,6,0.4100000000000001,1.025265938560738,0.9482380528014114,0.9667518081708352,-0.3011566559125718,0.1170677293230856,0.0,0.0,0.1934867153537161,0.0666475474035988,train,train,train,test,1,0.1646454967409308,0.4026733274475479,,,0.2148136402079263,0.4495612159681094,,,False,True,0.2713670716273729,0.4875585023400935,0.0,0.3893653911080246,0.3824335682210207,0.4065522620904836,0.47115384615384615,0.3731089119136859,none
32222,s32222.csv,288,6.312,9.192,2.88,0.5520833333333334,0.0138888888888888,0.0,155,0.5381944444444444,364.9159362198563,840.7804649999999,3.679253809388349,1.0,0.0,0.9965277777777778,1,0.0034722222222222,,,,9,0,0.2607476703189744,0.8301772878587712,3.054342628336634,4,0,0.525574270128869,0.76740182389787,2.3253102423062826,0,,0.7484055227077634,14.4135715969118,0.8499636006614528,5.136028692629106,-0.0242741036828688,0.03125,0.03125,0.529864539862878,-0.1357530885152451,val,test,test,train,2,0.3118953984303609,0.4481306583931566,,,0.2989124460725453,0.4446164555124157,,,False,True,0.5183570506621524,0.2913026521060842,0.0,0.3666487693312934,0.3933755267682708,0.2517940717628705,0.4110576923076923,0.3728807131496418,none
32032,s32032.csv,396,2.212,6.192,3.98,1.0,0.0,0.0,396,1.0,154.6691733161234,478.8879975,1.9496398822500247,0.0,0.0,0.0,0,0.0,,,,9,0,0.4773068604626047,0.7115279205608475,3.479717974482132,4,0,0.4386672461727492,0.7466274332664704,3.743286822218441,4,1.0,0.9586082428474209,5.586570007576402,0.8717979259866312,7.71180490785424,0.0278219806536234,0.0378787878787878,0.0479797979797979,0.3228154708764875,0.0238328250629168,val,val,train,train,0,,,,,,,,,False,True,0.4454507928302648,0.372191887675507,0.0,0.614476122230202,0.4705177748460807,0.2758190327613105,0.2419871794871795,0.37243234621121085,none
31644,s31644.csv,695,3.512,10.492,6.98,1.0,0.0,0.0,695,1.0,115.96562148864072,379.5507279999997,1.1277871183016126,1.0,0.0,0.9985611510791368,1,0.0014388489208633,,,,9,0,0.7433157474383001,0.4741512582163332,3.405810204415008,4,0,0.4355738339839939,0.7481043968940557,3.2566416722186977,5,1.4999999999999998,0.4923939481386812,2.8799457135681807,0.9664308409770528,0.3027046048413833,0.0004115745307449,0.0,0.0028776978417266,0.2162580086931021,-0.0349897085920743,test,train,train,train,1,-0.6466046522598975,-0.09939686674916,,,-1.687752140408826,-0.9482077311355536,,,False,True,0.2975870446588326,0.6364274570982839,0.0,0.4377510890138129,0.4582304023191346,0.503588143525741,0.10657051282051282,0.37235961108309507,none
30906,s30906.csv,120,2.912,4.102,1.1900000000000004,0.9083333333333332,0.0166666666666666,0.0,107,0.8916666666666667,560.8126436117782,1461.0455079999997,2.117781359497635,0.0,0.0,0.0,0,0.0,,,,9,0,0.7867865778835204,0.3743520040095488,4.046996982077792,4,0,0.4841905714078247,0.7084790818927718,4.525828769955368,1,,0.7925823827361977,7.398921376568829,0.3187428513301358,64.23574655168447,0.0003626780594274,0.125,0.125,0.8930555203323084,0.1590487530273611,train,train,train,train,0,,,,,,,,,False,False,0.6394001982145642,0.1056552262090483,0.0,0.6777372821575159,0.4640905831955191,0.09578783151326054,0.2692307692307692,0.3721803997779162,none
31554,s31554.csv,138,1.002,2.382,1.38,0.8840579710144928,0.0,0.0,122,0.8840579710144928,342.3401016963876,1142.222881,1.1215559581012229,1.0,0.0,0.9855072463768116,2,0.0144927536231884,,,,9,0,0.951994178381978,0.2171365294743308,3.707669984245912,4,0,0.9785787534821008,0.1378819465982137,6.651448145460909,3,0.6900000000000001,0.5706519065190649,5.438597272820257,0.5917484608510343,13.276934046801236,-0.0880651972884981,0.144927536231884,0.1521739130434782,0.8467107365485592,-0.1838656621255116,train,train,train,train,0,,,,,,,,,False,False,0.5354928650543732,0.2371684867394696,0.0,0.5446592383612997,0.4338292446362349,0.2848673946957878,0.10496794871794872,0.37203889545651436,none
31971,s31971.csv,114,6.312,7.442,1.13,0.9824561403508772,0.0087719298245614,0.0,111,0.9736842105263158,289.2870287607286,993.81742,2.3122315160943705,1.0,0.0,0.9912280701754386,1,0.0087719298245614,,,,9,0,0.8061910715458208,0.4059733466136336,6.221678274868708,4,0,0.7543299843265527,0.5106641149387927,4.909354865647876,5,0.0099999999999997,0.8365964008754844,6.434918670030815,0.8057654245577509,2.9975801103587343,-0.0759013890629046,0.043859649122807,0.0614035087719298,0.5434988100120742,-0.3284711507950835,val,val,test,test,2,0.594045790920221,0.5982137497489893,,,0.7108874017908089,0.7293381642023444,,,False,True,0.4272367873314091,0.1764040561622464,0.0,0.7602621314234167,0.4393529346498044,0.20249609984399375,0.31169871794871795,0.3699636035428404,none
32326,s32326.csv,298,7.512,10.492,2.9800000000000013,0.9832214765100672,0.0067114093959731,0.0,291,0.976510067114094,218.06043948255925,654.7831699999998,2.1401721229084685,1.0,0.0,0.9966442953020134,1,0.0033557046979865,,,,9,0,0.4677902683419169,0.7178347695654589,4.118085747607792,4,0,0.7113575437990787,0.5181829317288309,3.360545082726881,4,1.2300000000000004,1.121096388740673,2.635180038897878,0.5221007301573908,56.21984814704814,-0.0316905600387207,0.0771812080536912,0.0771812080536912,0.6073075416364648,-0.0314558931422967,train,test,train,train,1,0.4072844012424812,0.5032075777603306,,,0.1984948517148406,0.3274992627923784,,,False,False,0.3256775453871383,0.3874414976599063,0.0,0.641398262381304,0.4420111437808568,0.33759750390015597,0.27323717948717946,0.3699375814564764,none
31396,s31396.csv,211,1.002,3.192,2.1900000000000004,1.0,0.0047393364928909,0.0,210,0.995260663507109,768.6187531164358,2227.9039659999994,0.3653888782544357,1.0,0.0,0.995260663507109,1,0.0047393364928909,,,,9,0,0.9835338262051604,0.1272861789195449,2.734626501582675,4,0,0.9427392298560648,0.2362174281321782,4.049446286653175,5,0.1499999999999999,0.401398770384872,9.39520088735594,0.8163897308155186,4.697107691931731,-0.0853110704680577,0.1563981042654028,0.1658767772511848,0.84838932487623,-0.1840591650554783,train,train,train,train,0,,,,,,,,,False,True,0.658857110980358,0.3006240249609984,0.0,0.3713410185352926,0.4472207031400625,0.2882995319812793,0.004006410256410256,0.3692790604053745,none
31420,s31420.csv,47,2.002,2.462,0.4600000000000004,0.9574468085106383,0.0,0.0,45,0.9574468085106383,80.2561337700446,180.1900259999999,2.318784856984002,0.0,0.0,0.0,0,0.0,,,,9,0,0.6748991088372143,0.5198881849644769,5.168239905954343,4,0,0.7558933575565623,0.4819313144292919,7.619897662196546,3,0.2300000000000002,0.8343217977129358,3.0932040490204287,0.6489349174112969,3.825055854537428,0.0927192984328981,0.1914893617021276,0.2127659574468085,0.7985390237691178,0.6162130508523189,train,test,train,train,1,0.0793984483065798,0.1150122718829975,,,0.3513736685712352,0.3518648735511417,,,False,True,0.6046471557586734,0.0602964118564742,0.0,0.7652563393110899,0.4623071504586286,0.06489859594383776,0.31330128205128205,0.3691372283094929,none
31602,s31602.csv,606,4.512,10.602,6.090000000000001,1.0,0.0,0.0,606,1.0,112.99987002890826,372.2645675,1.5488085817581274,0.0,0.0,0.0,0,0.0,,,,9,0,0.4198246259516345,0.7596343312619812,3.1331241199179813,4,0,0.4693827752283422,0.731747385006295,3.2822093375677777,5,1.5,0.9605681041024564,3.259766189150401,0.8289228788136713,20.749920560722444,-0.0056824289945208,0.066006600660066,0.0775577557755775,0.3746397483377242,0.0075425837755172,train,train,train,test,1,0.3306085973949346,0.4584723961750196,,,-0.0391203246815297,0.1606684895116868,,,False,True,0.3767353671180091,0.5251170046801872,0.0,0.5284004754912133,0.4741684727767326,0.37191887675507024,0.18669871794871795,0.36905303985342053,none
31990,s31990.csv,77,2.212,2.972,0.7599999999999998,0.8961038961038961,0.0649350649350649,0.0,64,0.8311688311688312,649.2554669276229,1853.2526075,2.513873402183852,1.0,0.0,0.987012987012987,1,0.0129870129870129,,,,9,0,0.9623170312636042,0.1830299361812553,2.7253518527858143,4,0,0.9110349557796388,0.2934601613201399,3.075468188775458,1,,0.9850816384879676,3.385233192215874,0.7296326787185777,2.286888605700781,0.0180564765969353,0.1428571428571428,0.1428571428571428,0.8444914298675064,0.2157105935105335,train,test,train,train,1,0.0726975778256446,0.3736038987043991,,,-0.0276506064603234,0.2957078711229475,,,False,True,0.602992968836295,0.1377535101404056,0.0,0.4518276044468426,0.394809548975898,0.1734789391575663,0.33974358974358976,0.3690251454424799,none
31040,s31040.csv,447,4.502,8.982,4.48,0.9955257270693512,0.0,0.0,445,0.9955257270693512,62.99794086407061,176.5393999999999,1.6236858269741934,0.0,0.0,0.0,0,0.0,,,,9,0,0.6362388712507939,0.5849487618570867,3.833452461780938,4,0,0.6556784264775374,0.5879159821361575,2.9169673389075137,11,0.0250000000000003,0.6204908675799089,4.139700463450477,0.6322316951364765,52.21781429970102,-0.0177559158294001,0.076062639821029,0.076062639821029,0.7801972906641909,0.0534973742264817,train,val,test,train,1,-1.0823201536067557,-0.5450703678429363,,,-0.7732736834021523,-0.1299067633186019,,,False,True,0.4892957561515196,0.4073322932917316,0.0,0.4813812207960801,0.4582341835439619,0.30015600624024963,0.1987179487179487,0.36886600476866005,none
32456,s32456.csv,149,5.012,6.492,1.4800000000000004,1.0,0.0,0.0,149,1.0,40.67172676060072,125.30267400000002,3.1965646944646355,1.0,0.0,0.9932885906040269,1,0.0067114093959731,,,,9,0,0.1387978825330102,0.8999732753863561,3.25033769433605,4,0,0.1229115078329914,0.9374679206449592,3.701171133035937,1,,0.4295281582952802,4.837116638907405,0.3645944660414414,80.41374979076717,-0.1434868975134892,0.1275167785234899,0.1275167785234899,0.9500177917712446,0.0152639041407879,val,train,train,train,0,,,,,,,,,False,False,0.5572218138945765,0.2324882995319812,0.0,0.2891264352988684,0.3631364702889557,0.24274570982839314,0.39503205128205127,0.36688860108686816,none
30845,s30845.csv,189,0.502,2.392,1.89,0.9682539682539684,0.0,0.0,183,0.9682539682539684,227.3381520355039,675.329319,0.949446707495603,0.0,0.0,0.0,0,0.0,,,,9,0,0.8592889568211419,0.3478769581962292,3.327370279184388,4,0,0.7687806010028847,0.4770789111445682,3.397169725898042,13,0.04,0.6399996242755563,5.540930405781914,0.3250074261804646,97.01243646130077,-0.0206854014841475,0.2169312169312169,0.2275132275132275,0.9303869338505574,0.1363850299150248,train,train,train,train,0,,,,,,,,,False,False,0.6485430453821422,0.2031201248049922,1.0,0.6292251547676226,0.4868496559957838,0.16505460218408738,0.07772435897435898,0.3666271815495749,none
31439,s31439.csv,228,1.002,3.292,2.29,0.8464912280701754,0.0,0.0,193,0.8464912280701754,565.391124129557,1542.6992319999997,0.6746826414796877,0.0614035087719298,0.0,0.0570175438596491,1,0.0043859649122807,,,,9,0,0.9798658486213028,0.1408554828199569,2.394865433462085,4,0,0.5517334755814047,0.662296503195491,3.732242317478108,8,0.1,0.4424757587753451,7.586699511527343,0.8192033068127573,7.2923385826968925,0.017502947850112,0.1447368421052631,0.1710526315789473,0.6808416146589847,-0.1185530619687333,train,train,val,test,1,-0.221449396071803,0.3444353051734071,,,-0.7787205028807787,0.0516098323670014,,,False,True,0.5914972544486224,0.294188767550702,1.0,0.4961610219033756,0.4588384142707762,0.2758190327613105,0.028846153846153848,0.36652786580154034,none
31341,s31341.csv,49,3.212,3.692,0.48,0.8367346938775511,0.0612244897959183,0.0,38,0.7755102040816326,530.4312196440517,1632.8525609999997,16.06470322130142,1.0,0.0,0.979591836734694,1,0.0204081632653061,,,,9,0,0.1223583989855544,0.9539036155778212,4.389062277002589,4,0,0.2966620217053198,0.8513288936033758,3.433891786701045,0,,0.8480046734090332,11.615849641032655,0.2104053082177953,23.379741275663424,-0.0008799764567387,0.0816326530612244,0.0816326530612244,-0.2839871888361421,0.7408596931250305,test,test,val,train,2,0.2630284201226268,0.5023605418219086,,,0.2513807655890084,0.4969028912681792,,,False,False,0.5070852272155676,0.1289001560062402,0.0,0.4923960195737585,0.3703136899997603,0.16536661466458658,0.4895833333333333,0.3655691169665687,none
32391,s32391.csv,148,0.502,1.982,1.48,0.7094594594594594,0.0,0.0,105,0.7094594594594594,70.76923723516028,250.881072,2.831758071670499,0.1621621621621621,0.0,0.1554054054054054,1,0.0067567567567567,,,,9,0,0.7933134310368728,0.4265325874346619,3.753485573071765,4,0,0.5994507277606348,0.4746671954793214,31.72117375325292,3,0.25,0.6717154159110766,3.9944617086328473,0.3969736817352021,49.006160965641534,0.0337481402471264,0.1689189189189189,0.1824324324324324,0.5328754105286864,-0.0027315542308736,val,train,train,val,0,,,,,,,,,False,False,0.4340192633412446,0.1833073322932917,0.0,0.6737380274080745,0.41818571669451,0.19656786271450857,0.37099358974358976,0.3655426666609264,none
32111,s32111.csv,288,6.312,9.192,2.88,0.5520833333333334,0.0173611111111111,0.0,154,0.5347222222222222,561.4144716206447,1797.3478009999983,11.067762984989765,1.0,0.0,0.9965277777777778,1,0.0034722222222222,,,,9,0,0.1289782072113495,0.941975127381768,3.9688876116448473,4,0,0.0471908433386831,0.9777714828515468,2.8921058567619964,0,,0.6827361378974971,9.977720450858651,0.5105871437920537,99.95990245113244,-0.0250814360267441,0.0451388888888888,0.0555555555555555,0.5038422557794255,0.10338226349181,train,train,test,test,2,0.4529224633457062,0.4873851959117597,,,0.4620777457148903,0.5017261942330162,,,False,False,0.4922225340062439,0.290210608424337,0.0,0.3062879706499073,0.3657379910456755,0.25054602184087366,0.47676282051282054,0.3653427876126318,none
31025,s31025.csv,149,5.012,6.492,1.4800000000000004,0.906040268456376,0.0,0.0,135,0.906040268456376,82.85304030790256,267.395101,2.4987076669145685,1.0,0.0,0.9932885906040269,1,0.0067114093959731,,,,9,0,0.4407942522436164,0.6955594316562425,4.132935164010784,4,0,0.4332963618647266,0.7381759870610181,3.2126288130722163,1,,0.3554080120439414,1.2262951070525014,0.6915513078412295,10.196480516038129,0.0292323249440965,0.1677852348993288,0.1677852348993288,0.7547170673183181,0.4376006840342721,train,train,train,val,0,,,,,,,,,False,True,0.5246087139508808,0.2109204368174727,0.0,0.462996023989256,0.3963340099657005,0.21809672386895476,0.33814102564102566,0.36479186117738843,none
32338,s32338.csv,298,7.512,10.492,2.9800000000000013,0.9630872483221476,0.0033557046979865,0.0,286,0.959731543624161,216.7248068599415,678.7750725,2.2426331658001315,0.0,0.0,0.0,0,0.0,,,,9,0,0.4966617568112975,0.7054594926807718,7.15653154575022,4,0,0.8589366349489683,0.3779018106649161,2.082623074124491,12,0.1100000000000012,0.853201942408486,1.75586698881499,0.6859292272285821,26.77297142267406,-0.053342155514183,0.110738255033557,0.1208053691275167,0.5037649394500923,0.0902450211965772,train,train,test,train,1,0.2251176937392202,0.4367126617531939,-0.0022207352929481,0.2227870904467219,0.092774090695386,0.3273419028647742,-0.2566510832074702,0.0198028338243043,False,True,0.3822766261872215,0.3155226209048362,1.0,0.7363867630549877,0.4651457653987165,0.23088923556942278,0.3020833333333333,0.36280919654218374,none
32193,s32193.csv,288,6.312,9.192,2.88,0.3819444444444444,0.0763888888888889,0.0,88,0.3055555555555556,509.9935325305654,1282.447332999998,4.797697658083579,1.0,0.0,0.9965277777777778,1,0.0034722222222222,,,,9,0,-0.02107442664954,1.011682871774522,3.500745741806084,4,0,0.1001125746572687,0.936368673632833,3.080043142194,0,,0.5099554356269674,21.971277265704973,0.9281238070575996,0.909845956431161,-0.0015938142114249,0.0,0.0,0.4434243102269001,0.2551820345160681,train,train,train,val,0,,,,,,,,,False,True,0.6257877917308973,0.2358814352574103,0.0,0.2197776613899339,0.3675175278628878,0.18845553822152886,0.43349358974358976,0.3611092404779093,none
30895,s30895.csv,297,2.912,5.892,2.9800000000000004,0.8215488215488216,0.0,0.0,244,0.8215488215488216,267.77387034014095,889.7132065,1.455355373227578,0.0,0.0,0.0,0,0.0,,,,9,0,0.9613819679881908,0.1894917300029668,4.961774460112562,4,0,0.8278206855709638,0.4073949424370585,4.843280409383634,2,,0.3982805485275434,5.739497654646516,0.8751800450274726,3.479753517060426,-0.1485521616306322,0.0808080808080808,0.0808080808080808,0.766797276892064,-0.1992819128842484,train,train,val,train,0,,,,,,,,,False,True,0.5481703622531094,0.2869734789391575,0.0,0.5802998895465046,0.4663903112812447,0.20405616224648987,0.16907051282051283,0.35847913392958136,none
32054,s32054.csv,397,4.012,7.992,3.98,0.8488664987405542,0.0,0.0,337,0.8488664987405542,72.60007076507885,235.074372,1.1085292709765722,1.0,0.0,0.9974811083123426,1,0.0025188916876574,,,,9,0,0.953278082932541,0.2126831609669918,3.203351793443711,4,0,0.8284906759360813,0.4175770239927129,3.3751053581081947,5,0.7449999999999997,0.5522340528640461,1.3987186232186828,0.6917906861037658,25.71236776553957,0.0207198855961449,0.2090680100755667,0.2141057934508816,0.7197051452555598,0.0063371205377964,train,val,val,train,0,,,,,,,,,False,True,0.448819806999046,0.4273400936037441,0.0,0.431832081683199,0.4362055897159362,0.3575663026521061,0.10336538461538461,0.35795208310534377,none
30843,s30843.csv,189,0.502,2.392,1.89,0.8359788359788359,0.0,0.0,158,0.8359788359788359,220.4814467887896,621.0470165,1.1876553582772735,0.2116402116402116,0.0,0.2063492063492063,1,0.0052910052910052,,,,9,0,0.8836271080646853,0.3044382882487602,4.230369718353457,4,0,0.7913576259331081,0.4690641525719916,2.7548873419360347,7,0.1,0.6511259874323779,5.424300417889768,0.2893871877382894,71.79737747751258,-0.0516776448701822,0.2698412698412698,0.2857142857142857,0.3346793787563867,0.4295008970542251,train,train,val,test,1,-0.06730196925629,0.3443797121479555,,,0.0212332557333458,0.4037456553309264,,,False,False,0.5419289768524157,0.2594773790951638,0.0,0.5042056227629885,0.4317539114105493,0.25397815912636507,0.11618589743589744,0.3572286847361036,none
31275,s31275.csv,249,3.012,5.502,2.49,0.9799196787148594,0.0040160642570281,0.0,243,0.9759036144578314,324.0249843903584,1028.0828269999995,0.9961772942717796,0.0,0.0,0.0,0,0.0,,,,9,0,0.3763807766427655,0.7323019260519872,3.520539291968253,4,0,0.8909533290494147,0.3302946337203878,6.937297729496335,9,0.0299999999999998,0.5173313069635481,6.574142871577216,0.5217436946929579,73.0531867493693,-0.0255636137750481,0.1365461847389558,0.1485943775100401,0.5152013392561327,0.4749198016995563,train,train,train,train,0,,,,,,,,,False,False,0.5853509550456073,0.2576833073322933,0.0,0.5790921352349088,0.4687896324027378,0.2031201248049922,0.08814102564102565,0.3569383105670692,none
30893,s30893.csv,297,2.912,5.892,2.9800000000000004,0.8383838383838383,0.0067340067340067,0.0,247,0.8316498316498316,223.8675840581293,650.474512,1.472073491823606,0.915824915824916,0.0,0.9124579124579124,1,0.0033670033670033,,,,9,0,0.9605385841452724,0.1926368521155044,5.358119787660391,4,0,0.96308940751342,0.1917327042427724,1.7053292754395848,3,0.52,0.4190940800846495,2.9183623028148853,0.7669543988260772,20.18840378510156,-0.0573880769836011,0.0639730639730639,0.0639730639730639,0.6591586162387891,0.2899602254580881,val,train,train,train,0,,,,,,,,,False,True,0.4889271572885555,0.3591653666146646,0.0,0.3925920254717285,0.4146099910076456,0.3110764430577223,0.17548076923076922,0.35631964361503027,none
32115,s32115.csv,288,6.312,9.192,2.88,0.4652777777777778,0.0138888888888888,0.0,130,0.4513888888888889,494.8768030618337,1457.8799955,8.857702240683283,0.0,0.0,0.0,0,0.0,,,,9,0,0.0365501066355634,0.9895890558593852,3.6946010605020696,4,0,0.3141260351421323,0.8030481647384791,3.2702019377079727,0,,0.9291154846629898,8.436426881318503,0.8206281763210298,6.802506307986594,-0.0443256070778378,0.09375,0.1006944444444444,0.6702573690875998,-0.0247792367288903,val,train,train,train,0,,,,,,,,,False,True,0.5860034979809136,0.1893525741029641,0.0,0.4440701703093324,0.4045956763221568,0.1107644305772231,0.4639423076923077,0.3563086933254093,none
31365,s31365.csv,140,0.502,1.892,1.39,0.2428571428571428,0.0071428571428571,0.0,33,0.2357142857142857,331.32606817254145,1048.747722,0.3941528368758237,0.8214285714285714,0.0,0.3571428571428571,65,0.4642857142857143,14.292345653720716,47.683284,0.2764451383675307,9,0,0.994764220912942,0.069731217253471,2.1837847187813457,4,0,0.9885497178833024,0.1053004983370714,29.232742240619928,4,0.1600000000000001,0.5346832213176204,2.5509386294449827,0.6136364010184057,15.216871774913129,-0.3694861811264321,0.2,0.2214285714285714,0.7745663859396225,0.649987598041886,test,train,val,train,1,-0.6055925456852074,0.4249153997283824,-34.85656583566137,-5.659816958854684,0.3635489620400216,0.7471338701190384,-44.325545556318765,-6.539868013484948,False,True,0.5660839135747925,0.2542121684867395,0.0,0.3678454098434249,0.3974572516745636,0.32340093603744147,0.011185243328100471,0.35604014646314314,none
32161,s32161.csv,50,3.002,7.812,4.8100000000000005,0.88,0.0,0.0,44,0.88,49.04600327547804,135.55871549999998,2.062729344531021,0.96,0.0,0.72,12,0.24,6.664528981302597,19.7372535,3.079803027020146,9,0,-0.7942670335363773,1.3528760039620775,2.0527648116486934,4,0,0.0590492451724669,0.9169347811739976,3.462896876494605,2,,0.7909585579620716,0.3709231254943602,0.8172956150600394,-0.4481303119735436,-0.135766238798085,0.0,0.0,0.6262071986589156,0.551674511002199,test,train,train,val,1,-1.7875271942517437,-0.6363779545863248,,,-0.0263204254268636,0.1809855990583198,,,False,True,0.356839673547794,0.3607254290171607,0.0,0.2737324671309339,0.3332675260370142,0.2736349453978159,0.6545493197278911,0.3557481482522883,none
32144,s32144.csv,84,4.002,4.832,0.8300000000000001,0.7261904761904762,0.0,0.0,61,0.7261904761904762,552.858422054213,1048.81987,18.417086338182585,0.0,0.0,0.0,0,0.0,,,,9,0,0.4160944855428882,0.7628324653815113,2.776421440755865,4,0,0.8918259438046726,0.3205196664407572,4.350795335280376,1,,0.8604171409059863,10.459224989933178,0.1589961918989646,43.02141964566321,0.042224901855087,0.3214285714285714,0.3333333333333333,0.2853703980943582,0.0931283955593641,train,val,val,train,0,,,,,,,,,False,False,0.5563415353793547,0.0699297971918876,0.0,0.5743189707692353,0.3914906576307054,0.06833073322932917,0.49439102564102566,0.3545412533670772,none
32463,s32463.csv,148,0.502,1.982,1.48,0.5472972972972973,0.0,0.0,81,0.5472972972972973,178.93014450264187,642.7420500000001,3.6859840077578014,0.4932432432432432,0.0,0.4864864864864865,1,0.0067567567567567,,,,9,0,0.9523193433049578,0.2112986992429716,5.595590493843988,4,0,0.982970378864156,0.1300073143152993,3.353523857586404,3,0.25,0.7366043061211718,0.9379028827688332,0.7411106357349747,5.671776646330829,-0.0194401373629747,0.1756756756756756,0.1756756756756756,0.8543892365128241,-0.030301909802335,train,train,test,train,1,-3.204464936050155,-0.0034198876441302,,,-1.0859950425346656,0.526620618595432,,,False,True,0.4516858276849588,0.1734789391575663,0.0,0.5523772922054135,0.3845208560565077,0.18533541341653667,0.41185897435897434,0.35427535365676044,none
32492,s32492.csv,149,7.012,8.492,1.480000000000001,1.0,0.0067114093959731,0.0,148,0.9932885906040269,183.32075569225785,370.9699615000002,4.346192513342283,0.0,0.0,0.0,0,0.0,,,,9,0,0.4299521974310193,0.7388930940273428,3.8543349241967366,4,0,0.4535197538111413,0.7356291653402303,3.165552130328107,1,,0.8928498800178976,2.722902098575074,0.6919343087483084,8.950634245116518,0.1404668138940071,0.2214765100671141,0.2281879194630872,0.8704599003097316,-0.1447382169556939,val,test,train,train,1,0.207430095613829,0.4163897151935394,,,0.1612712529548738,0.3774887116113832,,,False,True,0.4851892906336421,0.1646645865834633,0.0,0.5831036235278508,0.4023799440843421,0.1329173166926677,0.422275641025641,0.3495306035501835,none
32297,s32297.csv,447,3.512,7.992,4.48,0.8635346756152126,0.0022371364653243,0.0,385,0.8612975391498882,166.1655223766158,270.53248199999985,1.9964523926079456,0.0,0.0,0.0,0,0.0,,,,9,0,0.1490955162634981,0.9270642416686238,17.00322162279288,4,0,0.5946801932535699,0.6187249600754618,4.405942993559342,4,1.489999999999999,0.9543220496505102,0.8698658838854103,0.9633612561092268,-0.1357219975104158,0.0579203748442445,0.0,0.0022371364653243,0.7572710015316647,-0.0948438857443529,train,train,train,test,1,0.1775088601588074,0.3626946501916678,,,0.0660642698469267,0.2751980284682572,,,False,True,0.3369268591413737,0.3836973478939157,0.0,0.7020025686315465,0.4628192430518152,0.2633385335413417,0.24759615384615385,0.34885327953060385,none
31715,s31715.csv,87,6.012,6.872,0.8600000000000003,0.8045977011494253,0.0344827586206896,0.0,67,0.7701149425287356,493.3457837288522,1680.5044819999998,0.8024729403033493,0.0,0.0,0.0,0,0.0,,,,9,0,0.389921830405774,0.750635332012093,2.3769600905971195,4,0,0.7737613158416723,0.4644216993045846,4.001924379173171,2,,0.4601256182505863,12.98178310740348,0.2877383441725888,61.01776694578823,-0.0177635177597922,0.4367816091954023,0.4367816091954023,0.9929414527986106,0.9286188631552346,train,train,train,val,0,,,,,,,,,False,False,0.8223701067247989,0.0742589703588143,0.0,0.4334346579949961,0.4438505743777634,0.07238689547581903,0.052884615384615384,0.34861368121470904,none
32156,s32156.csv,288,6.312,9.192,2.88,0.7395833333333334,0.0416666666666666,0.0,201,0.6979166666666666,524.9706094792638,1666.78154,10.46755787515195,1.0,0.0,0.9965277777777778,1,0.0034722222222222,,,,9,0,0.0385905468021878,0.9787485844761362,3.762743354667912,4,0,0.1010842349490605,0.942806428930878,3.631440954387129,2,,0.3943631616404054,4.962943991500177,0.7308582954045867,29.982981093730963,0.0249882312680981,0.0694444444444444,0.0694444444444444,0.2863489794835165,0.0134737905628508,train,train,train,train,0,,,,,,,,,False,True,0.3939095812454166,0.3207878315132605,0.0,0.2898963251704207,0.3371129920166632,0.28549141965678626,0.47435897435897434,0.34700773716574873,none
31375,s31375.csv,99,3.502,4.482,0.9800000000000004,1.0,0.0,0.0,99,1.0,59.52238444692664,183.232701,1.6155529091816516,1.0,0.0,0.0,99,1.0,5.906993325307466,18.064078,1.8554323367714285,9,0,0.7545581259508065,0.4819042203229038,2.772586029772934,4,0,0.4746300293416665,0.7082700522066898,3.0570277374161745,11,0.0100000000000004,0.7390197926484433,1.616708524594698,0.8610234946437041,0.2286538721192514,0.0162485214811489,0.0,0.0,0.2735346641220074,-0.2877118982808575,train,test,train,train,1,-0.1959088871231024,0.1290952235309004,-0.2544270422557875,0.1579573843329808,-3.60665697468906,-2.1300608970871653,-0.308469672819645,0.0807341142962881,False,True,0.1918872219117388,0.2984789391575663,0.0,0.4336393453998624,0.3017199599942155,0.3959438377535101,0.4139521193092621,0.3430824213812944,none
31328,s31328.csv,398,1.002,4.992,3.99,1.0,0.0,0.0,398,1.0,39.37567534002026,116.39226499999998,0.8679464130948664,0.9371859296482412,0.0,0.9221105527638191,6,0.0150753768844221,5.910429617846226,15.042962500000002,,9,0,0.8158308619835043,0.4144137835519361,6.636650467400005,4,0,0.6796602354276264,0.5598229986192482,3.182773313596727,3,1.255,0.2442600961100184,1.0298617974302895,0.9334880238715806,0.8898493840225414,-0.0168175636025124,0.0125628140703517,0.0125628140703517,0.2090534980586332,-0.1324759163774835,val,train,test,train,1,-2.62608784107951,-0.5036755757841593,,,-3.6533682663182248,-1.7077314937870671,,,False,True,0.222489431335972,0.5157566302652106,0.0,0.5065761837238745,0.4103589766775762,0.47566302652106085,0.06650641025641026,0.34297442910625864,none
31511,s31511.csv,546,3.512,8.992,5.48,1.0,0.0,0.0,546,1.0,83.5840601139627,244.7959725000001,0.9955004905039704,1.0,0.0,0.9981684981684982,1,0.0018315018315018,,,,9,0,0.8330500973258447,0.3964180111029534,2.3341974485211887,4,0,0.6914986473900119,0.5524670642463179,2.695123076813846,19,0.0100000000000006,0.242941305888967,3.1298326074643,0.8412522772429939,28.54575297481238,0.0088454043880334,0.0274725274725274,0.0439560439560439,0.1958004071980257,0.1910759724128482,train,test,train,val,1,-0.4176621626517364,0.087594385931553,,,-0.5559058583117495,-0.1002353015226285,,,False,True,0.372866171375397,0.5425897035881435,0.0,0.2720953530114449,0.4020381621406727,0.4418096723868955,0.08733974358974358,0.3424989848575556,none
31024,s31024.csv,149,5.012,6.492,1.4800000000000004,0.9328859060402684,0.0,0.0,139,0.9328859060402684,134.62482460336355,285.97634099999993,1.201279649986045,0.0,0.0,0.0,0,0.0,,,,9,0,0.4062586629946239,0.7473027219481722,4.021222145464431,4,0,0.3258317445847407,0.811902072283081,4.612987782459538,3,0.435,0.4415823114695632,7.627820814237527,0.7061684627286264,8.897294543700466,0.1464447921871621,0.1812080536912751,0.2013422818791946,0.9761226699641056,-0.1291409759245381,train,train,test,train,1,-0.178717249107938,0.3055239143490943,,,-0.288684724168865,0.2596524650802544,,,False,True,0.6434689898769409,0.1450078003120125,0.0,0.5481789307537333,0.4404205557922536,0.11825273010920437,0.11939102564102565,0.34047728246597786,none
31340,s31340.csv,49,3.212,3.692,0.48,0.4897959183673469,0.0,0.0,24,0.4897959183673469,473.7949581687587,457.8738129999999,2.9427835532265774,1.0,0.0,0.6122448979591837,19,0.3877551020408163,11.727760597392912,33.304073,1.992523681506107,9,0,0.1238628924292502,0.9207932420678973,2.6299084692101395,4,0,0.1736962169498069,0.8809659802112072,3.129081766373962,0,,0.784644753325776,3.4648214338803447,0.7524404383799629,0.0546164650627654,0.0502450471708183,0.0,0.0,-0.5269858293824468,0.09460840428132,train,val,train,test,1,0.2827778146974945,0.5073352783230276,-0.9636410880477976,0.2188261496576753,0.3394417192293514,0.5414746599862121,-0.417495985202696,0.029664564513875,False,True,0.2917409610781064,0.2034711388455538,0.0,0.3058731429491136,0.2650861778580152,0.278003120124805,0.6342556253270539,0.339742851614779,none
32389,s32389.csv,148,0.502,1.982,1.48,0.8918918918918919,0.0202702702702702,0.0,129,0.8716216216216216,315.9021774883453,616.0276079999999,1.7768222556915745,0.3243243243243243,0.0,0.3175675675675675,1,0.0067567567567567,,,,9,0,0.8109417828407837,0.4265363852059261,2.93882503038564,4,0,0.816710119236291,0.2519555718014369,23.977388644607025,3,0.25,0.6862687559911587,2.624097642418557,0.5785523010550963,17.80543238906624,-0.1062514712324188,0.2905405405405405,0.2905405405405405,0.7542015109648835,-0.1842021476821451,train,train,val,train,0,,,,,,,,,False,False,0.440399444868931,0.1975039001560062,0.0,0.5987598481900445,0.4028941252157413,0.21279251170046803,0.2171474358974359,0.3396229307539886,none
31888,s31888.csv,298,4.012,6.992,2.9800000000000004,0.9865771812080536,0.0033557046979865,0.0,293,0.9832214765100672,318.05909557572994,927.0124419999996,1.313330657278102,1.0,0.0,0.9966442953020134,1,0.0033557046979865,,,,9,0,0.3121211608994708,0.8228840355506898,2.666229294187648,4,0,0.451199396347294,0.7197935820238253,3.371067060843396,3,0.7550000000000003,0.4759243736611712,5.801594521072063,0.3554656160022469,104.53988601806591,-0.0229771623247785,0.0906040268456375,0.1006711409395973,0.4551362062332603,0.0465148767274431,test,val,train,val,1,0.3239138139256944,0.4698212927143538,,,0.0605619546513593,0.2517870778425141,,,False,False,0.4277303333512651,0.3845553822152886,0.0,0.3560866866240045,0.3911260064354951,0.34009360374414976,0.1450320512820513,0.33952435218894783,confirmed
32612,s32612.csv,88,4.002,4.872,0.8700000000000001,0.7045454545454546,0.0227272727272727,0.0,60,0.6818181818181818,428.1718555682183,1118.0808639999998,7.650192607394726,1.0,0.0,0.9886363636363636,1,0.0113636363636363,,,,9,0,0.4144495026122019,0.7304237591938337,1.9862544813500167,4,0,0.8928756145808721,0.3075750551152892,6.434855852321653,1,,0.8885141893629797,2.87440877589064,0.7106793385931944,3.5342503936077208,-0.018899433351395,0.0909090909090909,0.0909090909090909,0.5475464026782728,-0.0109891006977413,val,test,train,train,1,0.381306775173464,0.3865890458288229,,,0.3874731492590424,0.3927599361519944,,,False,True,0.3803164571204908,0.1395085803432137,0.0,0.5895730170090852,0.3588106682150221,0.1703588143525741,0.4567307692307692,0.339184030813155,none
31219,s31219.csv,365,2.512,6.192,3.68,0.7917808219178082,0.0,0.0,289,0.7917808219178082,260.35951903886536,816.5129979999978,2.1702962152202203,0.0,0.0,0.0,0,0.0,,,,9,0,0.2158452759855231,0.8422427303329516,3.2960258774593343,4,0,0.4034233574202306,0.7493425429498471,3.1371749282269907,6,0.5099999999999998,0.4010280416724038,4.39579765083803,0.7202377434461994,44.584587485622464,0.0507861380783916,0.0958904109589041,0.1013698630136986,0.683161043892856,0.014331815060406,train,test,train,train,1,0.205813428955642,0.3436458382466558,,,0.2233762091257163,0.3515131547379218,,,False,True,0.5034262946220064,0.3308502340093603,0.0,0.3426439323471827,0.3947899647251331,0.23369734789391577,0.28365384615384615,0.33845149431932253,none
31113,s31113.csv,244,4.002,6.452,2.45,0.9672131147540984,0.0040983606557377,0.0,235,0.9631147540983608,450.8191955700725,1282.982513,0.5148439473128135,1.0,0.0,0.9959016393442623,1,0.0040983606557377,,,,9,0,0.937803715301471,0.2305090446144627,2.123157858054755,4,0,0.7810376522230225,0.4438793915746762,3.4867182245536386,5,0.585,0.7163923315843023,6.737890165122968,0.863607027609462,4.314141107470933,-0.1221891252559065,0.0204918032786885,0.0204918032786885,0.7183840966229832,-0.2287930200317111,test,train,train,test,2,-0.2726190816654515,0.0933344249186322,,,-0.2527291586438513,0.1074910651058465,,,False,True,0.4925762127865469,0.3214508580343214,0.0,0.4493471040995684,0.4197136060171744,0.3014040561622465,0.010416666666666666,0.3372990519157979,none
31122,s31122.csv,288,6.312,9.192,2.88,0.9895833333333334,0.0,0.0,285,0.9895833333333334,295.6933867200967,945.10762,2.160871787717224,0.0,0.0,0.0,0,0.0,,,,9,0,0.243194332320861,0.8443561992183829,3.279940707575528,4,0,-0.0063054686383493,1.00688301182403,4.042061758043914,3,0.7549999999999999,0.4148478835978821,8.18752136763657,0.8192321255873989,7.556221907044544,-0.0264122389360884,0.0763888888888889,0.0763888888888889,0.2988114178265403,0.0872604375846979,val,train,val,train,0,,,,,,,,,False,True,0.5176640747651242,0.2936427457098283,0.0,0.311957270744224,0.3775445683895005,0.22995319812792514,0.2796474358974359,0.3360212076769563,none
32065,s32065.csv,148,0.502,1.982,1.48,0.9932432432432432,0.0067567567567567,0.0,146,0.9864864864864864,182.98621953930171,535.5797275,1.4411706678893406,0.1554054054054054,0.0,0.1486486486486486,1,0.0067567567567567,,,,9,0,0.9026119085555756,0.2875301387376224,3.7441147425817127,4,0,0.3997146461980622,0.77561557301213,4.0843179792699145,4,0.3400000000000001,0.4843393536121671,1.629168490418516,0.6664100711001875,9.748442921822814,-0.076705572187931,0.304054054054054,0.304054054054054,0.7677957547901372,-0.0378178050024695,train,train,val,val,0,,,,,,,,,False,True,0.4574843607387332,0.2117004680187207,0.0,0.5381718025861848,0.3956662308409643,0.22901716068642747,0.16666666666666666,0.3345779428841187,none
32527,s32527.csv,144,0.542,1.982,1.44,0.5694444444444444,0.0,0.0,82,0.5694444444444444,186.24300340221825,636.7301895000002,6.450378552231153,0.0,0.0,0.0,0,0.0,,,,9,0,0.8975237889412353,0.3055786909841459,5.605242524220079,4,0,0.9835389455395266,0.1330180122437954,3.0521293610438263,3,0.2299999999999999,0.7998103863270356,1.3960774699199383,0.6042590012394413,23.358394290280117,-0.1343159884081697,0.1527777777777778,0.1527777777777778,0.74564343862901,0.3080494722845733,train,train,val,train,0,,,,,,,,,False,True,0.4950485609056699,0.1,0.0,0.5515160477701061,0.3737218106480162,0.08330733229329174,0.44551282051282054,0.3313918314314566,none
31679,s31679.csv,357,4.612,8.192,3.58,1.0,0.0,0.0,357,1.0,231.16220696127675,747.7178039999999,1.2015248805147043,1.0,0.0,0.9971988795518208,1,0.0028011204481792,,,,9,0,0.6130977980404162,0.6044106428490513,3.4192781013346414,4,0,0.2704869021756082,0.8563045258228963,2.951648712959308,7,0.0100000000000002,0.7552893350990125,2.5060913966485083,0.9014164696037672,2.431323858751272,-0.0311042359418186,0.0364145658263305,0.0392156862745098,0.5398202209846739,-0.1119574888646593,train,train,val,train,0,,,,,,,,,False,True,0.3456025515186268,0.4203588143525741,0.0,0.4281415584326511,0.3965289455847156,0.36162246489859595,0.1201923076923077,0.3305798313337702,none
32149,s32149.csv,288,6.312,9.192,2.88,0.625,0.0208333333333333,0.0,174,0.6041666666666666,476.36442133666657,1374.6325265,17.23157556166931,0.0,0.0,0.0,0,0.0,,,,9,0,0.0343232508096789,0.995459506672594,3.183183683589042,4,1,0.3343078117004769,0.8217889743183294,2.920857062947855,1,,0.5377648667122342,8.631886849000725,0.8793920154818288,2.974656855626036,0.0431143425044697,0.0347222222222222,0.0381944444444444,0.4962274290938544,0.0035096970507331,train,val,train,val,0,,,,,,,,,False,True,0.5225029268028778,0.2316692667706708,0.0,0.2368503633022954,0.3350153767414306,0.15912636505460218,0.49198717948717946,0.32972705548112535,none
32613,s32613.csv,87,4.002,4.862,0.8600000000000003,0.7126436781609196,0.0114942528735632,0.0,61,0.7011494252873564,328.08195804801016,693.94815,3.151490643372325,1.0,0.0,0.9885057471264368,1,0.0114942528735632,,,,9,0,0.6262090920098119,0.5462826475826982,2.5489398566627144,4,0,0.8608813442734339,0.3697832278900421,6.831950522215535,1,,0.8195198114879325,2.2964810648644045,0.6976809097029502,4.387186318797063,-0.0274867247037174,0.2413793103448276,0.2413793103448276,0.545147070283488,-0.2527205569318142,train,train,train,train,0,,,,,,,,,False,True,0.377221147730847,0.1393525741029641,0.0,0.5941987854805323,0.3590604382859935,0.17129485179407178,0.3926282051282051,0.3297083336281934,none
31513,s31513.csv,546,3.512,8.992,5.48,1.0,0.0,0.0,546,1.0,89.14425016260428,292.07691750000004,0.9366168312480628,0.0,0.0,0.0,0,0.0,,,,9,0,0.5313273286090124,0.6773108025530225,3.726096920791745,4,0,0.4861298723496119,0.7195550245184327,3.5390371294497625,6,0.9899999999999992,0.4171208059622361,3.5841821763628743,0.9315007279357884,1.932698635414654,0.013558968490563,0.0091575091575091,0.0128205128205128,0.1687596406467854,0.0408267390143925,test,train,train,test,2,-1.6513324259513429,-0.9004927924971181,,,-2.207488780316833,-1.3551760601135672,,,False,True,0.3628339515207203,0.4739469578783151,0.0,0.4861845499455962,0.4387286832733412,0.3388455538221529,0.07451923076923077,0.3284939740923013,none
32337,s32337.csv,149,3.512,4.992,1.48,1.0,0.0,0.0,149,1.0,113.24702367916622,364.8936999999999,2.665506954038531,1.0,0.0,0.9932885906040269,1,0.0067114093959731,,,,9,0,0.4305143254071817,0.7170007461834174,3.644339987632298,4,0,0.0057523173350674,0.9935683869468154,3.831093336406999,2,,0.7019410098777376,2.0402870448555235,0.7871988057536354,4.398274851950317,-0.0167445264935029,0.0335570469798657,0.0536912751677852,0.4864456219359115,0.1825469126882525,val,train,val,train,0,,,,,,,,,False,True,0.3581621574163851,0.2237129485179407,0.0,0.4640247395960208,0.3428637089558202,0.24274570982839314,0.3581730769230769,0.3278766036341374,none
31320,s31320.csv,249,1.002,3.492,2.49,0.9959839357429718,0.0,0.0,248,0.9959839357429718,40.14715282484525,119.66876199999994,1.4650655115444708,0.5983935742971888,0.0,0.5943775100401606,1,0.0040160642570281,,,,9,0,0.7974278843222238,0.4284637362805236,6.850184002797607,4,0,0.7402167913877037,0.4912187907300082,5.035764263041633,2,,0.9827812212594572,0.9610547804827088,0.8829759711118734,3.352120139749011,-0.1369976077440284,0.0200803212851405,0.0200803212851405,0.118406575016054,-0.2318699855199316,train,test,train,test,2,-1.710480227770807,-0.8167551180690079,,,-6.042402263395843,-3.476699389458264,,,False,True,0.190945708245581,0.3334633385335413,0.0,0.7898600243953495,0.4205011736912976,0.3135725429017161,0.17467948717948717,0.3273936563705862,none
31366,s31366.csv,171,0.502,2.212,1.7100000000000002,0.5789473684210527,0.0,0.0,99,0.5789473684210527,400.4799854126207,747.4347459999999,0.2739394875100496,0.4093567251461988,0.0,0.4035087719298245,1,0.0058479532163742,,,,9,0,0.9738621252979603,0.1569247294199067,3.0214614178802988,4,0,0.9759286669410384,0.1551793838834982,20.07404328977921,10,0.0900000000000003,0.4479954149722988,2.2686774771610136,0.6650649493006832,13.036143876571252,-0.0132252925424934,0.175438596491228,0.1812865497076023,0.7706859978727305,0.2736911336968984,train,test,val,train,1,-0.5728870909303823,-0.1653408950431873,,,-0.7876098587367253,-0.3162474943180744,,,False,True,0.5378579036418234,0.2011310452418096,1.0,0.5825735843698479,0.4334182074202259,0.19375975039001558,0.0008012820512820513,0.32636750121172275,none
31809,s31809.csv,107,6.902,7.992,1.09,0.411214953271028,0.0093457943925233,0.0,43,0.4018691588785046,163.5305173565948,564.3188589999999,3.537807244239979,1.0,0.0,0.9906542056074766,1,0.0093457943925233,,,,9,0,0.1740783304500668,0.8016389527923043,3.8759709173624097,4,0,-0.2855094884736366,1.1442184674211249,2.9837024752883163,2,,0.607124329932563,1.8010860331867788,0.7370331049550172,4.679972509184146,-0.1051641682662521,0.0934579439252336,0.0934579439252336,0.6653522646687197,0.4266210331998629,train,train,train,train,0,,,,,,,,,False,True,0.4780350730389768,0.1432917316692667,0.0,0.3421271879275458,0.3201025380261489,0.16599063962558502,0.4078525641025641,0.32230374056644356,none
31099,s31099.csv,110,3.012,4.102,1.0900000000000003,0.9545454545454546,0.0,0.0,105,0.9545454545454546,197.42530647152213,611.1521759999999,0.774821068814997,0.5454545454545454,0.0,0.5363636363636364,1,0.009090909090909,,,,9,0,0.8788496551677879,0.323527833350347,5.018328971829782,4,0,0.5981464989678198,0.6198333221626962,5.27774415060134,1,,0.6242989820295418,3.0069397451061315,0.7301976671281754,8.29983220269133,-0.0162003203452748,0.0727272727272727,0.0727272727272727,0.530880368385235,0.2132563659837938,train,train,val,train,0,,,,,,,,,False,True,0.4383830537379652,0.1706318252730109,0.0,0.6821427011890445,0.417798018010555,0.19656786271450857,0.04887820512820513,0.31979519715478044,none
32424,s32424.csv,149,5.012,6.492,1.4800000000000004,1.0,0.0067114093959731,0.0,148,0.9932885906040269,145.02672411221414,158.74814199999997,4.067391128451154,1.0,0.0,0.9932885906040269,1,0.0067114093959731,,,,9,0,0.1985851871205283,0.8756571490238921,3.668485107607705,4,0,0.3562165188027042,0.8202359837762802,4.066929468251463,3,0.4800000000000004,0.8270526124158013,1.9753813103246796,0.7936319150311056,6.795358666873096,-0.178737218007336,0.0604026845637583,0.0738255033557047,0.4062229796843271,-0.1841099797033607,test,train,train,test,2,0.4215280870019499,0.4081824628217269,,,0.4091004709552902,0.4001975085245098,,,False,True,0.260793031678857,0.2264820592823712,0.0,0.5452243516526599,0.3341135873322278,0.2358814352574103,0.4182692307692308,0.31711452096990483,none
32452,s32452.csv,149,5.012,6.492,1.4800000000000004,1.0,0.0,0.0,149,1.0,216.50879196639625,342.02075399999995,5.346836287803236,0.0,0.0,0.0,0,0.0,,,,9,0,0.0458362668701884,0.979245051317571,3.864724596165188,4,0,0.280712437249393,0.8357899578450229,4.207440852036243,1,,0.5389444636081413,2.0309864464298646,0.7585553741609201,5.2932740333657495,-0.0498541780354477,0.0939597315436241,0.0939597315436241,0.7467389712962892,0.0093894169411843,train,train,train,train,0,,,,,,,,,False,True,0.4248044134892985,0.1638455538221528,0.0,0.4329964266791033,0.3359264165627389,0.13978159126365056,0.43509615384615385,0.31356784763103834,none
32498,s32498.csv,149,7.012,8.492,1.480000000000001,1.0,0.0,0.0,149,1.0,444.0315428867335,1098.8698879999988,40.70909507788671,1.0,0.0,0.9932885906040269,1,0.0067114093959731,,,,9,0,0.2540298136845571,0.8494371780156189,4.190196234478962,4,0,0.0906090066863074,0.9758238145670552,2.6812109798278607,1,,0.8442170947612786,1.0195297126671066,0.8542994629408703,1.8858401300755032,-0.0068091349350581,0.0335570469798657,0.0402684563758389,0.400519517803973,-0.019012558794018,test,test,val,val,2,0.2237650803293728,0.3737640744849475,,,0.2110708968910049,0.3617484970098786,,,False,True,0.2726301540235687,0.2393135725429017,0.0,0.3929027797915507,0.2970511382357298,0.24274570982839314,0.5,0.3128227471071605,none
31041,s31041.csv,447,4.502,8.982,4.48,1.0,0.0,0.0,447,1.0,54.38634523329945,143.870965,1.441167970763974,0.0,0.0,0.0,0,0.0,,,,9,0,0.3992272990098749,0.7688235062353626,3.611741799791306,4,0,0.6907837816986071,0.5660412476279097,2.4033534144293034,7,0.3550000000000004,0.4095408080480264,3.136777805017512,0.8936376092530589,4.511182957852297,-0.0126845394211963,0.0335570469798657,0.0447427293064877,0.2067934841171166,0.030722384200746,train,train,train,train,0,,,,,,,,,False,True,0.3535474649991121,0.4149765990639625,0.0,0.3628108764558402,0.3778266853588282,0.3088923556942278,0.1658653846153846,0.30892262093810846,none
31934,s31934.csv,149,6.512,7.992,1.4800000000000004,0.9865771812080536,0.0,0.0,147,0.9865771812080536,232.3103764278319,86.54455899999996,3.0591393492139307,1.0,0.0,0.9932885906040269,1,0.0067114093959731,,,,9,0,0.2716753219523547,0.8100232257560755,4.553030605936776,4,0,0.1546875174387255,0.944775162009706,2.7793816923452863,1,,0.7670567235224135,1.3286344676789263,0.86991124041257,0.922114558925927,-0.0113987389296004,0.0335570469798657,0.0402684563758389,0.4761374517442637,-0.019483076269028,test,train,train,train,1,0.3035617617990661,0.4786453795218155,,,0.2982595595773041,0.4709871985602649,,,False,True,0.3051209923319452,0.2229329173166926,0.0,0.429239543532088,0.3135907314366497,0.23182527301092043,0.38461538461538464,0.3063446461260726,none
32327,s32327.csv,298,7.512,10.492,2.9800000000000013,0.9966442953020134,0.0,0.0,297,0.9966442953020134,178.2327451429127,507.9972799999998,2.8077092773292867,0.0,0.0,0.0,0,0.0,,,,9,0,0.2848644136338614,0.8190503879617506,3.716246873492719,4,0,0.093079181236298,0.952157559900918,3.485518283658329,4,0.96,0.4216154286805393,1.5646497065597276,0.8325786679502456,6.847967618622976,0.059951667697271,0.0503355704697986,0.0503355704697986,0.3682589480438202,0.0967085834661446,train,test,train,val,1,0.4397971821925922,0.554554305908753,,,0.3472349709963085,0.489030691515711,,,False,True,0.3344180813198665,0.3253510140405616,0.0,0.3502819212115133,0.3360037597396038,0.24212168486739472,0.3701923076923077,0.305245232678491,none
31002,s31002.csv,78,3.212,3.992,0.7799999999999998,0.0,0.0,0.0,0,0.0,,,,1.0,0.0,0.0,78,1.0,15.979748562012974,42.61939699999999,2.030997605225852,9,0,0.6215943056098544,0.5573774836731458,2.483151530078186,4,0,-0.2268671310383356,1.087632603199128,3.469388808171143,2,,0.5991855551286974,2.035279562289817,0.84405562355913,-0.0619379396192969,-0.0184031858731422,0.0,0.0,0.1769219141236903,0.2413652971190301,train,train,train,train,0,,,,,,,,,False,True,0.2984610754769146,0.2262870514820593,0.0,0.3111052103698279,0.2769934075465892,0.3162246489859594,0.2653061224489796,0.3024898821602793,none
32128,s32128.csv,179,1.002,2.792,1.7899999999999998,0.4581005586592179,0.0,0.0,82,0.4581005586592179,218.05836010538565,507.1437235000003,0.737120428036202,0.1620111731843575,0.0,0.1564245810055866,1,0.0055865921787709,,,,9,0,0.944110050625127,0.2343736055777835,2.337895849832889,4,0,0.9693339319336776,0.1617507447732283,,12,0.02,0.4683272360578233,7.727405688474429,0.7006328259348323,10.626715032425164,-0.0244498353701308,0.3575418994413408,0.3575418994413408,0.899477034263488,0.0900767385761478,train,val,train,train,0,,,,,,,,,False,True,0.7320367417182577,0.1967238689547581,0.0,,,0.18627145085803432,0.04246794871794872,0.30048979516638336,none
32654,s32654.csv,447,3.012,7.492,4.48,0.8523489932885906,0.0022371364653243,0.0,380,0.8501118568232662,252.04371452390143,454.46178900000007,6.922872405454736,0.0,0.0,0.0,0,0.0,,,,9,0,0.0526352055741557,0.9733387723479986,3.493461379256832,4,0,0.1324899190760084,0.9174036853753508,3.3036241847931302,8,0.3000000000000007,0.7442368963578417,0.7314446034143859,0.9543568491409274,0.0142880743339213,-0.0433008768275931,0.0,0.0,0.1609469172365193,-0.1781010619543338,train,train,train,val,0,,,,,,,,,False,True,0.1830773174978152,0.3831513260530421,1.0,0.4785250584464648,0.3417375427767395,0.26271450858034323,0.45032051282051283,0.2993358343715285,none
31377,s31377.csv,99,3.502,4.482,0.9800000000000004,0.98989898989899,0.0,0.0,98,0.98989898989899,50.082710499860966,132.09262999999996,2.50554495421065,1.0,0.0,0.5252525252525253,47,0.4747474747474747,24.458753640553027,81.22861999999998,0.9582702397338708,9,0,0.1953215046066884,0.8430737800450261,3.346527275252888,4,0,0.0138926198760085,0.990543763778818,3.5563218263362577,1,,0.7027742198826141,1.332715021239303,0.8372947362671934,1.0303002620802222,-0.0376779044999771,0.0,0.0,0.0479005571527109,-0.4072738317479219,train,train,train,train,0,,,,,,,,,False,True,0.1537170863078284,0.2597113884555382,0.0,0.3684334918717728,0.2552300137287102,0.33837753510140406,0.4167484301412873,0.29924342823486916,none
31984,s31984.csv,288,6.312,9.192,2.88,0.96875,0.0,0.0,279,0.96875,307.44470734991165,888.1031029999999,2.412112486555648,0.0,0.0,0.0,0,0.0,,,,9,0,-0.2581075102299568,1.112689719509925,2.9559315023804804,4,0,-0.2238031650181371,1.1058624202131586,2.7447197719703964,0,,0.417641051374987,7.275165828587925,0.8052439146247493,8.845626349489038,-0.0356275493069846,0.0520833333333333,0.0590277777777777,0.5068121390614619,0.0003571705886763,train,train,test,train,1,0.4896817061769482,0.5612835470772333,,,0.3295581496366382,0.4288065987426375,,,False,True,0.4856229919767371,0.2884555382215288,0.0,0.0895884173628432,0.297804010778246,0.22402496099843994,0.3261217948717949,0.2976534138275928,none
32146,s32146.csv,288,6.312,9.192,2.88,0.6597222222222222,0.03125,0.0,181,0.6284722222222222,484.45118947763285,1475.55269,9.902332149101676,0.0,0.0,0.0,0,0.0,,,,9,0,-0.0939368941434244,1.052149195799894,3.742491625200208,4,0,0.1433839342322494,0.9221973333708064,2.7314499675807222,0,,0.407966929725667,10.750319673929432,0.8750723831216769,3.061619348923635,-0.0384490208161528,0.0,0.0,0.2493352309266151,-0.0276986096651586,train,train,train,train,0,,,,,,,,,False,True,0.4407527489400884,0.2354914196567862,0.0,0.1964715906400433,0.2956269362009191,0.16349453978159129,0.46794871794871795,0.29728668688297727,none
32523,s32523.csv,198,7.012,8.992,1.980000000000001,1.0,0.0202020202020202,0.0,194,0.9797979797979798,415.3310479127062,662.0135544999995,24.70276674202797,1.0,0.0,0.9949494949494948,1,0.005050505050505,,,,9,0,0.0693662817605095,0.961335057963487,4.110975652634591,4,0,0.1703832576454279,0.9296995134077252,3.199639357031214,3,0.7550000000000003,0.6501318391562294,1.3827699187232856,0.9348777021076852,-0.3812067436947823,-0.0503113104838707,0.0,0.0,-0.0169382750969789,-0.3006349029952039,train,train,train,train,0,,,,,,,,,False,True,0.1925551826333647,0.2831123244929797,0.0,0.3510047933468314,0.27178506549827,0.2767550702028081,0.4967948717948718,0.29563853264238815,none
32067,s32067.csv,145,0.532,1.982,1.45,0.9241379310344828,0.0,0.0,134,0.9241379310344828,159.34063512774384,385.1625704999997,1.2340347517694583,0.0,0.0,0.0,0,0.0,,,,9,0,0.8970664162720856,0.3092378169481562,4.331974858163747,4,0,0.6593364354946084,0.6010895403418854,7.716174288412239,6,0.01,0.6647238732760108,2.3332404113484744,0.6915778750974031,11.48570065564694,0.0966103614977757,0.2827586206896552,0.296551724137931,0.5961111788253344,-0.1035817688233265,train,train,train,train,0,,,,,,,,,False,True,0.4160612662558242,0.1276131045241809,0.0,0.6925577872293834,0.3980533659418168,0.11419656786271451,0.1266025641025641,0.2933710597216252,none
32082,s32082.csv,294,0.502,3.452,2.95,0.8435374149659864,0.0,0.0,248,0.8435374149659864,67.49730505990975,220.573302,1.166714764709615,0.0034013605442176,0.0,0.0,1,0.0034013605442176,,,,9,0,0.8773178029950965,0.3427961325336624,2.870217041499476,4,0,0.8116536153788972,0.4177411698263129,2.95091777954881,12,0.0299999999999998,0.5444223777641588,0.8739162960071956,0.9168441121076684,1.1311862263247374,-0.0384859443095223,0.0374149659863945,0.0374149659863945,0.6121676651785071,-0.2506839896194144,train,val,train,val,0,,,,,,,,,False,True,0.3061355289007502,0.3543291731669266,0.0,0.3743907179127485,0.3434798610975114,0.3135725429017161,0.11137820512820513,0.2901350142870545,none
32152,s32152.csv,32,6.312,6.622,0.3099999999999996,0.65625,0.09375,0.0,18,0.5625,927.733685633037,2699.221589,4.785219051749268,1.0,0.0,0.96875,1,0.03125,,,,9,0,0.4280190931926294,0.7223678821430065,3.539314480368136,4,1,0.8615410512893431,0.4190712652477642,3.092749476696104,0,,,4.173855650217618,0.5192191355934201,3.464423568173729,-0.0315577569701269,0.15625,0.15625,0.647692129636684,0.1059861967258088,train,test,val,val,1,0.1509647545857859,0.3285793860597815,,,0.0160408086326038,0.2152596124881087,,,False,False,0.5279560588191315,0.1202028081123244,0.0,,,0.1609984399375975,0.43189102564102566,0.28756984746693226,none
32388,s32388.csv,148,0.502,1.982,1.48,0.9256756756756755,0.0135135135135135,0.0,135,0.9121621621621622,246.0176251275716,544.835684,1.5374279707051046,0.0,0.0,0.0,0,0.0,,,,9,0,0.8158678905581517,0.4008737968744987,3.423570062403312,4,0,0.9007186217066915,0.1999876608415283,21.496410516182745,4,0.49,0.8725229222123629,2.1701375388155677,0.6635310828187277,14.506496637846332,-0.0788584657495129,0.1689189189189189,0.1959459459459459,0.6010468816556757,-0.1343757534903053,train,train,train,train,0,,,,,,,,,False,True,0.366314634104302,0.1335023400936037,0.0,0.6656334941229733,0.3746259892061589,0.11513260530421218,0.18509615384615385,0.2835568795483445,none
31517,s31517.csv,93,17.462,18.382,0.9200000000000016,0.8172043010752689,0.0,0.0,76,0.8172043010752689,159.41124520872938,503.5366399999999,0.7201950543144076,1.0,0.0,0.989247311827957,1,0.010752688172043,,,,9,0,0.0869451933298751,0.946498863246966,4.629593061371853,4,0,0.6017191965191027,0.6333073828755793,3.845611600835355,0,,0.6872217642209403,1.1265732113825622,0.6716018050123773,11.5284849091717,0.022533472453415,0.053763440860215,0.053763440860215,0.8521724342741716,0.1112601302651988,train,val,train,val,0,,,,,,,,,False,True,0.4117553462618718,0.151365054602184,0.0,0.5443275594773096,0.3603904081456124,0.18190327613104523,0.03685897435897436,0.2834658944064222,none
32748,s32748.csv,347,3.512,6.992,3.48,0.7146974063400576,0.0086455331412103,0.0,245,0.7060518731988472,534.2550754825842,1744.0792999999987,9.61834701805675,0.0,0.0,0.0,0,0.0,,,,9,0,0.4367707304286646,0.7474210537799237,3.6516641758132886,4,0,0.1139321372480583,0.937416199848676,3.638625501297864,4,0.9999999999999996,0.3845870884679043,0.4378511632488748,0.948300352692908,0.1223065414286528,0.0322821399423702,0.0,0.0,0.4606980110110394,-0.0842419098551364,train,train,train,train,0,,,,,,,,,False,True,0.243312993179369,0.3042511700468018,0.0,0.3860979684489455,0.3074768476638434,0.20530421216848677,0.46634615384615385,0.2829822011654703,none
32715,s32715.csv,151,3.512,5.022,1.5100000000000002,0.7350993377483444,0.0066225165562913,0.0,110,0.7284768211920529,101.0183668647254,311.4502355,2.0316732398435886,0.0,0.0,0.0,0,0.0,,,,9,0,0.2511876933501876,0.8286144892116138,4.3346792346251695,4,0,0.686544928178946,0.5373530704489355,3.3748287648459154,1,,0.6238676318510862,4.14903178634315,0.937294430581886,-0.789458077520002,-0.0115768049622511,0.0,0.0,0.6459859925382608,-0.2288023644565383,val,train,test,train,1,-0.8195367203885344,-0.2703846348495384,,,-2.922229929104624,-1.7613903840729566,,,False,True,0.410521341465018,0.1363104524180967,0.0,0.5265431449502603,0.3493540713441683,0.0982839313572543,0.25240384615384615,0.2793120236480231,none
30809,s30809.csv,298,4.002,6.982,2.9800000000000004,0.8288590604026845,0.0302013422818791,0.0,238,0.7986577181208053,412.2945955932054,1089.0368324999984,1.5238638093308623,0.0,0.0,0.0,0,0.0,,,,9,0,0.7255064100456888,0.4923333531544985,3.663883682564353,4,0,0.6314498662652142,0.609155892714003,2.701596397871469,2,,0.6648373249252442,3.690828157219351,0.7142271170719006,18.274231156959697,-0.0467652632642217,0.1040268456375839,0.110738255033557,0.2394613383348067,-0.1041551432745575,train,train,val,val,0,,,,,,,,,False,True,0.3383077005134164,0.2839703588143525,0.0,0.4627343592680227,0.3566176285451259,0.20062402496099846,0.18269230769230768,0.2785559201824739,none
31678,s31678.csv,119,4.612,5.792,1.1799999999999995,0.8235294117647058,0.0084033613445378,0.0,97,0.8151260504201681,379.5271807295082,1137.8562919999997,0.6301680726680327,1.0,0.0,0.9915966386554622,1,0.0084033613445378,,,,9,0,0.8680932534181489,0.3502279738876312,4.281139294571502,4,0,0.8430184593181108,0.3932140835535466,3.097064022488264,6,0.3199999999999994,0.4507479241367503,3.73358204903676,0.482306323710762,35.14034528871845,-0.0111138183691327,0.0840336134453781,0.0840336134453781,0.7993816061331865,-0.0885095640111812,val,train,test,train,1,-0.115036491881072,0.2829768379661745,,,0.1156479296945949,0.4477637186938638,,,False,False,0.4202577107423186,0.1668096723868954,0.0,0.4757608406891093,0.3482018363019577,0.1906396255850234,0.02564102564102564,0.27754344340622517,none
31704,s31704.csv,44,1.002,1.432,0.4299999999999999,1.0,0.0,0.0,44,1.0,102.29291854610358,302.1091965,0.5366553601308973,1.0,0.0,0.9772727272727272,1,0.0227272727272727,,,,9,0,0.8357419382546057,0.3599855247079098,2.939649049164469,4,0,0.8064682468315216,0.4307565743404302,3.117230303302915,2,,0.9191072654499298,1.6547246752344185,0.3234564834496156,23.347387032203724,-0.0301213082555957,0.2272727272727272,0.2272727272727272,0.9815239379440404,-0.0917751741406442,val,train,train,train,0,,,,,,,,,False,False,0.4444256641012386,0.1277301092043681,0.0,0.4954925499424866,0.3489022856397084,0.1669266770670827,0.01282051282051282,0.2763453294716546,none
32500,s32500.csv,198,7.012,8.992,1.980000000000001,0.98989898989899,0.0,0.0,196,0.98989898989899,280.0113694678036,301.87786000000006,9.506365649384149,0.0,0.0,0.0,0,0.0,,,,9,0,0.302136420687238,0.822418743101245,3.767911235960413,4,0,0.2318603132494073,0.8614860741081067,3.4335196800232857,2,,0.5122442290583926,0.8454933601699155,0.9062964713273474,0.5164766417365643,0.0033795098178969,0.0,0.0,0.0822155401852458,0.0595192489340132,train,train,train,val,0,,,,,,,,,False,True,0.2351658841416456,0.2166536661466458,0.0,0.4167781691077378,0.2831702933332233,0.1762870514820593,0.4655448717948718,0.2734130419707088,none
31681,s31681.csv,103,4.612,5.632,1.0199999999999996,0.7378640776699029,0.0097087378640776,0.0,75,0.7281553398058253,494.78923924607074,1263.595865,0.5708591534017469,0.0,0.0,0.0,0,0.0,,,,9,0,0.9257033699149324,0.2663077455678126,3.700505052141797,4,0,0.824381174303785,0.4167925693717269,1.905068573360664,4,0.0099999999999997,0.750918474999763,4.880600090210467,0.5058797389594311,29.5599364839765,0.029615936016375,0.2135922330097087,0.233009708737864,0.8634196191567388,-0.0707134267139789,val,train,train,val,0,,,,,,,,,False,False,0.551355334430648,0.0865834633385335,0.0,0.4726239304667754,0.3650657583592461,0.078003120124805,0.020032051282051284,0.2705062456414404,none
31592,s31592.csv,131,0.532,1.842,1.31,1.0,0.0,0.0,131,1.0,67.81771637378874,209.265315,0.5347219025888932,0.0,0.0,0.0,0,0.0,,,,9,0,0.9550176290275292,0.2097853938705724,13.942659868154228,4,0,0.9463844755096648,0.2177610596793413,2.7783002545698383,3,0.235,0.915976669249908,0.9747604114714692,0.7924093382690782,6.629076351966492,-0.1049802859169299,0.0305343511450381,0.0305343511450381,0.7636795962602007,0.6434348285389546,train,train,train,test,1,-4.953092731751477,-2.835123014645533,,,-6.9596763861771,-3.863229701552128,,,False,True,0.4403003254994649,0.1207488299531981,0.0,0.6082204721783195,0.3788333460619279,0.11170046801872074,0.01201923076923077,0.2698062402994603,none
31965,s31965.csv,87,4.002,4.862,0.8600000000000003,1.0,0.0,0.0,87,1.0,149.87309701147757,481.133912,1.8187139305608453,1.0,0.0,0.9885057471264368,1,0.0114942528735632,,,,9,0,0.8027945653995476,0.4092607749689129,4.067827779925146,4,0,0.8707212421920026,0.3299611418117344,3.934938889350456,1,,0.6029782809904779,2.374524802797588,0.7494564067877055,3.1771762229489986,0.1364299451807404,0.0,0.0229885057471264,0.5443120518534545,-0.3857785153405491,val,train,train,train,0,,,,,,,,,False,True,0.2281365286680106,0.1538221528861154,0.0,0.5970168674652129,0.312790598783508,0.1878315132605304,0.22435897435897437,0.2667799401782434,none
32497,s32497.csv,149,7.012,8.492,1.480000000000001,1.0,0.0,0.0,149,1.0,93.65797408009308,141.587762,3.4553811706998285,1.0,0.0,0.9932885906040269,1,0.0067114093959731,,,,9,0,0.3886831493762562,0.7488576863251659,2.4847350891968327,4,0,0.1687309760809236,0.9116899618943616,2.8684946638872493,1,,0.6471426309957258,0.9804646233963754,0.8271181295108431,3.83689720707122,-0.0237389637811914,0.0335570469798657,0.0335570469798657,0.2839040990427506,-0.1277717348080691,train,val,val,train,0,,,,,,,,,False,True,0.2039544398465985,0.2393135725429017,0.0,0.2997964115347236,0.2450827277967421,0.24274570982839314,0.40384615384615385,0.2638310006924684,none
31706,s31706.csv,79,1.002,1.782,0.78,1.0,0.0,0.0,79,1.0,326.9780338458187,1112.114089,0.3447969896228765,0.050632911392405,0.0,0.0379746835443038,1,0.0126582278481012,,,,9,0,0.9126081758872506,0.3033179775151139,3.655746337027209,4,0,0.943447586609494,0.2371117455643862,3.005348261775096,5,0.06,0.7425137825724824,2.286857396541876,0.4446982538663515,18.849108937290023,-0.1340413100774168,0.2911392405063291,0.2911392405063291,0.607951679459136,-0.0868026435260455,train,train,val,train,0,,,,,,,,,False,False,0.3827404306494251,0.1479329173166926,0.0,0.4964477470004688,0.3346699958882819,0.18377535101404055,0.003205128205128205,0.2632802008812833,none
31730,s31730.csv,99,5.012,5.992,0.9800000000000004,1.0,0.0,0.0,99,1.0,57.84051700182283,166.38762100000002,2.199402296179221,0.0,0.0,0.0,0,0.0,,,,9,0,0.4969056674893413,0.6636910154310868,3.378669710593876,4,0,0.2342024348003838,0.8600895188818432,3.3683895938797312,1,,0.6876236722003612,4.540542057988019,0.4141737918735292,19.011412596531912,-0.0356694961109708,0.202020202020202,0.202020202020202,0.2452856637459275,-0.1889644944062155,train,train,test,train,1,-0.5238081925349605,-0.1368323947219039,,,-0.4760922292242147,-0.083873326428111,,,False,False,0.3599962933694981,0.0950468018720748,0.0,0.4516070820195798,0.2947472079404244,0.090795631825273,0.2900641025641026,0.255567818428511,none
32062,s32062.csv,148,0.502,1.982,1.48,0.9054054054054054,0.0135135135135135,0.0,132,0.8918918918918919,289.3294506601502,334.5650885,0.7400136351069954,0.0,0.0,0.0,0,0.0,,,,9,0,0.8543740860713894,0.3819708185832727,3.490863960344344,4,0,0.5806512096943406,0.5740253853172181,2.7654121138540413,5,0.01,0.6430014162004036,2.835370383595098,0.4530709705238306,53.14983596683631,0.0117555814170343,0.2027027027027027,0.2162162162162162,0.8377638503120368,-0.0650414370866066,train,val,val,train,0,,,,,,,,,False,False,0.4538968888054449,0.131591263650546,0.0,0.4408793962046638,0.337184672220996,0.11294851794071764,0.044070512820512824,0.25409096017169697,none
32751,s32751.csv,149,7.012,8.492,1.480000000000001,0.4765100671140939,0.0134228187919463,0.0,69,0.4630872483221476,490.02083612442624,1283.6309419999989,12.74676674823936,1.0,0.0,0.9932885906040269,1,0.0067114093959731,,,,9,0,0.1877146718303433,0.9043487024781764,3.868191069527378,4,0,-0.0269795699269023,1.001415237353977,2.655642049076489,1,,0.6206662134602289,1.3312956799193838,0.8595691718826343,1.221408353244431,-0.0014618860283177,0.0,0.0,0.2295958459156744,-0.0285223714871555,test,test,test,test,4,0.2562914537502152,0.4465670610821371,,,0.1947200664656747,0.4025433051048597,,,False,True,0.2136303356907055,0.1825273010920436,0.0,0.2751501617118717,0.2212002213875237,0.17784711388455537,0.4807692307692308,0.24861585513319912,none
31769,s31769.csv,80,3.502,4.292,0.79,1.0,0.0,0.0,80,1.0,55.74185967399884,198.3329605,1.2937162931060855,1.0,0.0,0.9875,1,0.0125,,,,9,0,0.7003853800797807,0.512128020277623,2.842698104538136,4,0,0.8767862553832155,0.3386187521471987,5.254126158006513,1,,0.6584401149852954,2.405926136560573,0.858147262067074,-0.0348715257626801,0.0877060853045041,0.0,0.0,0.3317594269095235,-0.3500283066768895,train,train,train,val,0,,,,,,,,,False,True,0.2203652664750768,0.1497269890795631,0.0,0.552674673623175,0.2953346915310765,0.18471138845553822,0.13942307692307693,0.2438087979066761,none
32104,s32104.csv,38,6.312,6.682,0.3700000000000001,0.8947368421052632,0.2105263157894736,0.0,26,0.6842105263157895,294.62135696189875,512.9762750000001,15.51761470959942,1.0,0.0,0.9736842105263158,1,0.0263157894736842,,,,9,0,0.5722740564143015,0.6229927033358351,2.7012267660658043,4,0,0.463018526917672,0.704298895500977,3.8601843003490464,0,,,6.128867317514672,0.6912185484678415,0.7939222459212811,0.008991877657117,0.0,0.0,0.3384727968195736,-0.0881863844956577,train,train,train,train,0,,,,,,,,,False,True,0.3148080344477603,0.1239469578783151,0.0,,,0.16349453978159126,0.48878205128205127,0.2331575339392723,none
30801,s30801.csv,33,8.172,8.492,0.3200000000000003,0.8181818181818182,0.0,0.0,27,0.8181818181818182,101.25674897466313,274.906361,0.8117713292867822,1.0,0.0,0.0,33,1.0,7.49708401438549,20.583014,1.957794990025633,9,0,0.193261757377429,0.9032750802143492,3.9315465338520776,4,0,0.9706433673801876,0.1718911114284158,2.2968736913139587,0,,,1.876610666575168,0.550380746213391,3.1861013411414696,-0.2559730681843346,0.0,0.0,-0.0500857285979321,0.3419339830296213,test,train,train,test,2,-4.442555438767865,-1.2744769194681718,-0.007782288751329,-0.0250578562777957,-3.5472149303012506,-1.1382664653190488,-0.498682294723006,-0.3998633186381642,False,False,0.2248481066538522,0.2100624024960998,0.0,,,0.2942277691107644,0.3009877027734171,0.230293695056474,none
30805,s30805.csv,36,7.002,7.352,0.3500000000000005,0.6388888888888888,0.0277777777777777,0.0,22,0.6111111111111112,327.645868846495,898.6720724999999,2.545636643945136,1.0,0.0,0.9722222222222222,1,0.0277777777777777,,,,9,0,0.6785010013275894,0.5477987607320767,3.747416105252296,4,0,0.8469334260859455,0.3067830666018508,3.767294118557568,1,,,2.265851665734863,0.5895882204441744,2.3785040882107724,0.0085973394201185,0.1388888888888889,0.1388888888888889,0.7434906385276516,-0.272151539733048,train,train,train,train,0,,,,,,,,,False,False,0.3724289672333966,0.121801872074883,0.0,,,0.16193447737909517,0.34294871794871795,0.22794478881396474,none
32076,s32076.csv,10,5.002,5.092,0.0899999999999998,0.7,0.0,0.0,7,0.7,93.05681827390616,225.305522,3.923207708086937,1.0,0.0,0.0,10,1.0,5.042249813398876,14.376046,3.8690488258062175,9,0,,0.3722076926824642,,4,0,,0.2090353561435829,,1,,,,,,,0.0,0.0,,,val,train,val,val,0,,,,,,,,,False,False,,0.1754680187207488,0.0,,,0.2517940717628705,0.8393347723704867,0.2266178445607212,none
32445,s32445.csv,10,2.202,4.212,2.01,1.0,0.0,0.0,10,1.0,47.29887795026082,132.62970449999997,3.773849670583541,1.0,0.0,0.0,10,1.0,13.845814629551562,40.059717500000005,2.875403845305767,9,0,,1.42441813497326,,4,0,,0.5242620286663112,,0,,,,,,,0.0,0.0,,,train,train,test,train,1,,,,,,,,,False,False,,0.2475429017160687,0.0,,,0.25772230889235564,0.7854362899005756,0.2209043670420286,none
32080,s32080.csv,148,0.502,1.982,1.48,0.8648648648648649,0.0202702702702702,0.0,125,0.8445945945945946,239.9102063553887,565.3425299999998,1.5365467330271891,0.0,0.0,0.0,0,0.0,,,,9,0,0.559215175280721,0.6525069822021745,2.6483984560028326,4,0,0.7863067550974062,0.4629820736069152,3.085320941755401,6,0.0899999999999999,0.7645912411242385,0.7040082326513064,0.8707497166610136,0.8187692276206446,0.0287458731430722,0.0337837837837837,0.054054054054054,0.5743055397859335,-0.182455479173584,train,train,train,train,0,,,,,,,,,False,True,0.2780369035366249,0.1280421216848674,0.0,0.4397607920822542,0.2740558964521986,0.10889235569422778,0.18349358974358973,0.22045617061255515,none
32325,s32325.csv,149,3.512,4.992,1.48,1.0,0.0,0.0,149,1.0,175.50279896744192,618.1395600000001,2.0310050222381646,0.0,0.0,0.0,0,0.0,,,,9,0,0.1185364506270811,0.8475856241522103,2.872393928239743,4,0,-0.0882442154962624,1.0385497475124057,2.958489089552555,1,,0.5884131591678747,2.9156632356739745,0.4781389419519971,32.21365208347004,-0.0322337727316811,0.0671140939597315,0.0671140939597315,0.5163814414904446,-0.0004619818917523,train,train,train,test,1,0.0620118287178061,0.3623996165522162,,,-0.1898383172264368,0.199767758196535,,,False,False,0.3128081758999326,0.1550702028081123,0.0,0.2195229230330498,0.2296143094577306,0.13978159126365056,0.2516025641025641,0.22042391234578207,none
31780,s31780.csv,108,0.502,1.572,1.07,0.7129629629629629,0.0,0.0,77,0.7129629629629629,260.7699017545954,749.8382280000001,1.3451036284835696,0.0,0.0,0.0,0,0.0,,,,9,0,0.9826329826948454,0.121481104369511,2.156695491352499,4,0,0.9697828798105514,0.1665709527085294,3.6498197006261353,5,0.0499999999999999,0.4587839379719708,0.825357557362363,0.7625533378421349,5.333213806934985,0.0756650723786993,0.037037037037037,0.037037037037037,0.6664737023445904,0.2967687253933629,train,val,train,train,0,,,,,,,,,False,True,0.3896171092170408,0.0890015600624025,0.0,0.2986216997961667,0.2571030441866552,0.07987519500780033,0.15224358974358973,0.2164650041991958,none
32450,s32450.csv,10,2.202,4.212,2.01,1.0,0.0,0.0,10,1.0,22.81685516190084,57.85335699999999,5.628662940202458,1.0,0.0,0.3,7,0.7,21.709928382983428,55.03009,2.504540067249644,9,0,,1.4152188978029276,,4,0,,0.4860626179171292,,0,,,,,,,0.0,0.0,,,train,train,train,train,0,,,,,,,,,False,False,,0.243798751950078,0.0,,,0.2521060842433697,0.7665816326530612,0.21582967859530708,none
32442,s32442.csv,6,3.202,4.212,1.0099999999999998,1.0,0.0,0.0,6,1.0,45.604512104393706,117.63174750000002,2.614094512828389,1.0,0.0,0.0,6,1.0,4.02641887867598,9.647184999999991,2.132731261378674,9,0,,,,4,0,,,,0,,,,,,,0.0,0.0,,,train,val,train,test,1,,,,,,,,,False,False,,0.1867784711388455,0.0,,,0.24009360374414979,0.6277472527472527,0.19019952940974783,none
32446,s32446.csv,10,2.202,4.212,2.01,1.0,0.0,0.0,10,1.0,29.25913033699321,83.6074165,4.562337689845305,0.9,0.0,0.3,6,0.6,7.891592598138153,20.9461675,1.3151578372037915,9,0,,1.4163037928922406,,4,0,,0.4596410130874268,,0,,,,,,,0.0,0.0,,,train,train,train,train,0,,,,,,,,,False,False,,0.240990639625585,0.0,,,0.24789391575663028,0.5594093406593407,0.1830689674015532,none
32447,s32447.csv,10,2.202,4.212,2.01,1.0,0.0,0.0,10,1.0,35.67620925010392,94.91757200000004,8.320060467052802,1.0,0.0,0.7,3,0.3,,,,9,0,,1.4218669337176693,,4,0,,0.5211509815448958,,0,,,,,,,0.0,0.0,,,train,train,val,train,0,,,,,,,,,False,False,,0.2335023400936037,0.0,,,0.23666146645865835,0.45913461538461536,0.16353477889115564,none
32444,s32444.csv,10,2.202,4.212,2.01,1.0,0.0,0.0,10,1.0,44.5327079033761,119.16036400000002,6.833767550494582,1.0,0.0,0.6,4,0.4,,,,9,0,,1.422119132144365,,4,0,,0.6038443844371446,,0,,,,,,,0.0,0.0,,,train,train,train,train,0,,,,,,,,,False,False,,0.2359984399375975,0.0,,,0.240405616224649,0.44871794871794873,0.1634699387975519,none
32385,s32385.csv,99,1.002,1.982,0.98,0.7777777777777778,0.1212121212121212,0.0,65,0.6565656565656566,378.7523204821304,485.6411119999997,3.908548047736542,0.0,0.0,0.0,0,0.0,,,,9,0,0.974710743976988,0.1537556226434433,2.2642026850519863,4,0,-0.1092651017528024,1.0531750522536134,2.808994593697143,4,0.01,0.6187081135034933,0.4348346310758295,0.8531179096325336,0.2981847984234322,-0.1331042677757871,0.0,0.0,0.0811155702030551,-0.3906516004957561,train,train,train,train,0,,,,,,,,,False,True,0.1305328411550972,0.0769500780031201,0.0,0.1932032481454091,0.1305799961489988,0.07145085803432139,0.4150641025641026,0.15898029816668446,none
32501,s32501.csv,29,3.212,3.492,0.2799999999999998,0.0,0.0,0.0,0,0.0,,,,1.0,0.0,0.0,29,1.0,1.7378320446556017,5.839072000000002,2.58692884979624,9,0,0.4354506827747488,0.7884982383053699,3.0945176702055632,4,0,-0.0216723334609638,1.0051622385178716,2.388734966638649,3,0.1149999999999999,,,,,,0.0,0.0,0.750866517357169,,val,train,train,train,0,,,,,,,,,False,False,,0.184594383775351,0.0,,,0.2656786271450858,0.3482142857142857,0.15850359371517717,none
32451,s32451.csv,14,3.052,3.782,0.73,1.0,0.0,0.0,14,1.0,27.42429324117571,73.983575,4.771742124674909,0.1428571428571428,0.0,0.0,2,0.1428571428571428,,,,9,0,-0.9669316362482728,1.4013166895468427,,4,0,0.5452741273913824,0.7110880962413064,,0,,,,,,,0.0,0.0,,,val,train,train,train,0,,,,,,,,,False,False,,0.1741809672386895,0.0,,,0.23338533541341655,0.4310897435897436,0.15801759570382817,none
31948,s31948.csv,148,0.502,1.982,1.48,0.918918918918919,0.0,0.0,136,0.918918918918919,159.83706697952573,533.483925,0.601916221567552,0.0,0.0,0.0,0,0.0,,,,9,0,0.945274138751221,0.2274130041885375,2.5543512146949605,4,0,0.9758260068200504,0.1254750170306756,,7,0.075,0.8017976771232956,0.6639621048486223,0.7425244480294445,8.47423221044226,0.0662426702997423,0.1081081081081081,0.1081081081081081,0.7397213020675666,-0.1223285961828066,train,train,train,train,0,,,,,,,,,False,True,0.3481068584895876,0.1343213728549142,0.0,,,0.11606864274570983,0.023237179487179488,0.15434509156823714,none
32570,s32570.csv,29,3.212,3.492,0.2799999999999998,0.0,0.0,0.0,0,0.0,,,,1.0,0.0,0.0344827586206896,28,0.9655172413793104,3.349812776114172,10.558055999999992,1.949939422845989,9,0,0.1082981193777875,0.9120006449264602,3.6013034016549894,4,0,0.0989886141905609,0.97424796612175,3.6965194726257526,0,,,,,,,0.0,0.0689655172413793,0.6146124988267065,,train,val,train,train,0,,,,,,,,,False,False,,0.1830343213728549,0.0,,,0.2633385335413416,0.23979591836734693,0.14130480117163868,none
32449,s32449.csv,10,2.202,4.212,2.01,1.0,0.0,0.0,10,1.0,27.697062370128517,72.32287849999997,34.67025184492247,0.6,0.0,0.5,1,0.1,,,,9,0,,1.41852172175365,,4,0,,0.4548001908690146,,0,,,,,,,0.0,0.0,,,test,train,train,test,2,,,,,,,,,False,False,,0.1795241809672386,0.0,,,0.15569422776911077,0.49919871794871795,0.13715749879995198,none
32437,s32437.csv,6,3.202,4.212,1.0099999999999998,1.0,0.0,0.0,6,1.0,46.93191611679436,123.039845,2.148119415486257,1.0,0.0,0.1666666666666666,5,0.8333333333333334,15.671249933114588,37.13425999999999,,9,0,,,,4,0,,,,0,,,,,,,0.0,0.0,,,train,test,train,train,1,,,,,,,,,False,False,,0.1842823712948518,0.0,,,0.23634945397815912,0.27403846153846156,0.1356455508220329,none
32443,s32443.csv,10,2.202,4.212,2.01,1.0,0.0,0.0,10,1.0,29.45872304514308,80.34819350000001,3.930674260972112,0.6,0.0,0.5,1,0.1,,,,9,0,,1.4295252279236024,,4,0,,0.4914176029784161,,0,,,,,,,0.0,0.0,,,test,train,test,train,2,,,,,,,,,False,False,,0.1795241809672386,0.0,,,0.15569422776911077,0.4166666666666667,0.1247776911076443,none
32441,s32441.csv,15,5.902,6.542,0.6399999999999997,1.0,0.0,0.0,15,1.0,55.47554287129975,167.21223599999993,3.288930809964595,1.0,0.0,0.9333333333333332,1,0.0666666666666666,,,,9,0,-0.0333548387761093,0.968523295275323,,4,0,0.2893928715449178,0.8234673964540569,,3,0.2999999999999998,,,,,,0.0,0.0,,,test,test,train,train,2,-3.1367522948307265,-0.268407749346644,,,-1.4696102344923587,0.2632849454905857,,,False,False,,0.1240249609984399,0.0,,,0.15912636505460218,0.39903846153846156,0.1235063152526101,none
32073,s32073.csv,10,5.002,5.092,0.0899999999999998,1.0,0.0,0.0,10,1.0,82.38483537410086,215.653004,0.9920151832475592,1.0,0.0,0.0,10,1.0,22.778523109285555,57.5628785,0.6490509531206572,9,0,,0.4127740959445526,,4,0,,0.2407987815196026,,3,0.0100000000000002,,,,,,0.0,0.0,,,test,val,train,train,1,,,,,,,,,False,False,,0.1806552262090484,0.0,,,0.25772230889235564,0.12607927786499215,0.1220008152366911,none
31334,s31334.csv,24,11.762,11.992,0.2300000000000004,0.375,0.0,0.0,9,0.375,54.15777187555451,149.043524,3.48148763478706,1.0,0.0,0.9583333333333334,1,0.0416666666666666,,,,9,0,0.0561382615480156,0.9534904450981552,4.674630572945799,4,4,1.0,,,0,,,,,,,0.0,0.0,0.8241054740401919,,test,train,val,val,1,,,,,,,,,False,False,,0.1115444617784711,0.0,,,0.15288611544461778,0.4046474358974359,0.12185156156246249,none
32436,s32436.csv,6,3.202,4.212,1.0099999999999998,0.8333333333333334,0.0,0.0,5,0.8333333333333334,33.52658752072415,78.193862,,0.8333333333333334,0.0,0.0,5,0.8333333333333334,12.857843908486991,29.207806000000005,,9,0,,,,4,0,,,,0,,,,,,,0.0,0.0,,,train,train,train,val,0,,,,,,,,,False,False,,0.1831903276131045,0.0,,,0.23510140405616223,0.0,0.0940405616224649,none
31430,s31430.csv,29,3.212,3.492,0.2799999999999998,0.7931034482758621,0.0344827586206896,0.0,22,0.7586206896551724,363.6937569134383,810.1436344999995,6.761106739358558,0.0,0.0,0.0,0,0.0,,,,9,0,0.2117055354404091,0.8685429180428534,4.436287871504819,4,0,-0.3318533272213481,1.1682961757197727,3.15393291677349,0,,,,,,,0.1724137931034483,0.1724137931034483,0.9826198678309626,,train,test,train,train,1,0.301669162613228,0.6239671970550706,,,0.6117156054242794,0.7970151833821226,,,False,False,,0.0515990639625585,0.0,,,0.05897035881435257,0.44711538461538464,0.09065545121804872,none
31483,s31483.csv,2,2.802,2.812,0.0099999999999997,1.0,0.0,0.0,2,1.0,,,,1.0,0.0,0.0,2,1.0,,,,9,0,,,,4,0,,,,0,,,,,,,0.0,0.0,,,train,train,val,train,0,,,,,,,,,False,False,,0.1489079563182527,0.0,,,0.21809672386895476,0.0,0.0872386895475819,none
31484,s31484.csv,2,2.802,2.812,0.0099999999999997,1.0,0.0,0.0,2,1.0,,,,1.0,0.0,0.0,2,1.0,,,,9,0,,,,4,0,,,,0,,,,,,,0.0,0.0,,,train,test,train,train,1,,,,,,,,,False,False,,0.1489079563182527,0.0,,,0.21809672386895476,0.0,0.0872386895475819,none
32438,s32438.csv,6,3.202,4.212,1.0099999999999998,1.0,0.0,0.0,6,1.0,54.57674536501085,144.696955,6.602126265254784,0.0,0.0,0.0,0,0.0,,,,9,0,,,,4,0,,,,0,,,,,,,0.0,0.0,,,train,train,train,train,0,,,,,,,,,False,False,,0.0566692667706708,0.0,,,0.04492979719188768,0.4463141025641026,0.08491903426137046,none
31410,s31410.csv,17,2.002,2.162,0.1600000000000001,1.0,0.0,0.0,17,1.0,104.0548767167974,325.740558,0.7353914259524853,1.0,0.0,0.9411764705882352,1,0.0588235294117647,,,,9,0,0.4595326946464368,0.5955324537353885,,4,0,0.5754289878752504,0.6029856588443063,,1,,,,,,,0.1764705882352941,0.1764705882352941,,,train,val,train,train,0,,,,,,,,,False,False,,0.1173166926677067,0.0,,,0.16037441497659907,0.041666666666666664,0.07039976599063964,none
31503,s31503.csv,22,4.512,4.722,0.2100000000000008,0.3636363636363636,0.0,0.0,8,0.3636363636363636,46.22107623014033,131.81159649999995,,1.0,0.0,0.9545454545454546,1,0.0454545454545454,,,,9,0,-0.0637995310919653,1.0537119076230177,4.693411905284565,4,0,0.5810619501818696,0.6216446348540392,3.152342753498337,1,,,,,,,0.2272727272727272,0.2272727272727272,0.9648340484476996,,val,val,train,train,0,,,,,,,,,False,False,,0.1100624024960998,0.0,,,0.1516380655226209,0.0,0.06065522620904837,none
31487,s31487.csv,2,2.502,2.512,0.0100000000000002,1.0,0.0,0.0,2,1.0,,,,1.0,0.0,0.5,1,0.5,,,,9,0,,,,4,0,,,,0,,,,,,,0.0,0.0,,,train,val,train,train,0,,,,,,,,,False,False,,0.1005460218408736,0.0,,,0.14321372854914197,0.0,0.05728549141965679,none
31964,s31964.csv,2,2.502,2.512,0.0100000000000002,1.0,0.0,0.0,2,1.0,,,,1.0,0.0,0.5,1,0.5,,,,9,0,,,,4,0,,,,0,,,,,,,0.0,0.0,,,train,train,train,train,0,,,,,,,,,False,False,,0.1005460218408736,0.0,,,0.14321372854914197,0.0,0.05728549141965679,none
31486,s31486.csv,2,2.802,2.812,0.0099999999999997,1.0,0.0,0.0,2,1.0,,,,1.0,0.0,0.5,1,0.5,,,,9,0,,,,4,0,,,,0,,,,,,,0.0,0.0,,,val,train,train,train,0,,,,,,,,,False,False,,0.0989859594383775,0.0,,,0.14321372854914197,0.0,0.05728549141965679,none
31485,s31485.csv,2,2.802,2.812,0.0099999999999997,1.0,0.0,0.0,2,1.0,,,,1.0,0.0,0.5,1,0.5,,,,9,0,,,,4,0,,,,0,,,,,,,0.0,0.0,,,train,train,train,train,0,,,,,,,,,False,False,,0.0989859594383775,0.0,,,0.14321372854914197,0.0,0.05728549141965679,none
31331,s31331.csv,2,5.572,5.582,0.0099999999999997,0.5,0.5,0.0,0,0.0,,,,1.0,0.0,0.5,1,0.5,,,,9,0,,,,4,0,,,,0,,,,,,,0.0,0.0,,,,,,,0,,,,,,,,,False,False,,0.095163806552262,0.0,,,0.13884555382215288,0.0,0.055538221528861155,none
32142,s32142.csv,9,0.0,0.472,0.472,0.8888888888888888,0.0,0.0,8,0.8888888888888888,51.98726571522125,128.49361549999998,0.9331053366817078,0.0,0.0,0.0,0,0.0,,,,9,0,,,,4,0,,,,0,,,,,,,0.0,0.0,,,train,train,train,train,0,,,,,,,,,False,False,,0.0470748829953198,0.0,,,0.048673946957878314,0.07291666666666667,0.030407078783151326,none
32141,s32141.csv,9,0.0,0.472,0.472,0.8888888888888888,0.0,0.0,8,0.8888888888888888,40.61920129566002,105.452816,0.8585420167736034,0.0,0.0,0.0,0,0.0,,,,9,0,,,,4,0,,,,0,,,,,,,0.0,0.0,,,test,train,train,train,1,,,,,,,,,False,False,,0.0470748829953198,0.0,,,0.048673946957878314,0.06570512820512821,0.029325348013920557,none
32143,s32143.csv,9,0.0,0.472,0.472,0.7777777777777778,0.0,0.0,7,0.7777777777777778,53.18412632890193,134.825818,0.6502223419488083,0.0,0.0,0.0,0,0.0,,,,9,0,,,,4,0,,,,0,,,,,,,0.0,0.0,,,test,train,val,train,1,,,,,,,,,False,False,,0.0454368174726989,0.0,,,0.046801872074883,0.026442307692307692,0.022687094983799352,none
32140,s32140.csv,9,0.0,0.472,0.472,0.7777777777777778,0.0,0.0,7,0.7777777777777778,43.93485942348007,113.34496499999996,0.5865159764219467,0.0,0.0,0.0,0,0.0,,,,9,0,,,,4,0,,,,0,,,,,,,0.0,0.0,,,train,train,train,train,0,,,,,,,,,False,False,,0.0454368174726989,0.0,,,0.046801872074883,0.021634615384615384,0.021965941137645505,none
31496,s31496.csv,4,0.502,0.532,0.03,1.0,0.0,0.0,4,1.0,,,,0.0,0.0,0.0,0,0.0,,,,9,0,,,,4,0,,,,0,,,,,,,0.0,0.0,,,train,train,train,test,1,,,,,,,,,False,False,,0.0349453978159126,0.0,,,0.043057722308892356,0.0,0.017223088923556944,none
31482,s31482.csv,2,2.802,2.812,0.0099999999999997,1.0,0.0,0.0,2,1.0,,,,0.0,0.0,0.0,0,0.0,,,,9,0,,,,4,0,,,,0,,,,,,,0.0,0.0,,,train,test,train,train,1,,,,,,,,,False,False,,0.0303432137285491,0.0,,,0.04024960998439937,0.0,0.01609984399375975,none
31767,s31767.csv,3,0.0,0.412,0.412,0.6666666666666666,0.0,0.0,2,0.6666666666666666,,,,0.0,0.0,0.0,0,0.0,,,,9,0,,,,4,0,,,,0,,,,,,,0.0,0.0,,,train,train,test,train,1,,,,,,,,,False,False,,0.0379485179407176,0.0,,,0.04024960998439937,0.0,0.01609984399375975,none
31702,s31702.csv,1,0.0,0.0,0.0,0.0,0.0,0.0,0,0.0,,,,0.0,0.0,0.0,0,0.0,,,,9,0,,,,4,0,,,,0,,,,,,,0.0,0.0,,,,,,,0,,,,,,,,,False,False,,0.0249609984399376,0.0,,,0.0358814352574103,0.0,0.01435257410296412,none
30967,s30967.csv,1,0.0,0.0,0.0,0.0,0.0,0.0,0,0.0,,,,0.0,0.0,0.0,0,0.0,,,,9,0,,,,4,0,,,,0,,,,,,,0.0,0.0,,,,,,,0,,,,,,,,,False,False,,0.0249609984399376,0.0,,,0.0358814352574103,0.0,0.01435257410296412,none
