shot,file,n_rows,t_start,t_end,t_span,ti_obs_frac,ti_spike_frac,ti_held_frac,ti_clean_n,ti_clean_frac,ti_std,ti_range,ti_transient,vt_obs_frac,vt_spike_frac,vt_held_frac,vt_clean_n,vt_clean_frac,vt_std,vt_range,vt_transient,bes_n_ch,bes_dead_ch,bes_ac1,bes_hf_ratio,bes_dyn_range,ecei_n_ch,ecei_dead_ch,ecei_ac1,ecei_hf_ratio,ecei_dyn_range,bes_crash_n,bes_crash_period_s,bes_step_rel,mc_rms,mc_rms_trim_ratio,mc_kurt,mc_ac1,mc_sustained_frac,mc_hot_frac,mc_env_coh,mc_bes_coupling
30801,s30801.csv,33,8.172,8.492,0.3200000000000003,0.8181818181818182,0.0,0.0,27,0.8181818181818182,101.25674897466313,274.906361,0.8117713292867822,1.0,0.0,0.0,33,1.0,7.49708401438549,20.583014,1.957794990025633,9,0,0.19326175737742904,0.9032750802143491,3.9315465338520776,4,0,0.9706433673801876,0.1718911114284158,2.2968736913139587,0,,,1.8766106665751678,0.550380746213391,3.1861013411414696,-0.25597306818433463,0.0,0.0,-0.05008572859793216,0.3419339830296213
30805,s30805.csv,36,7.002,7.352,0.35000000000000053,0.6388888888888888,0.027777777777777776,0.0,22,0.6111111111111112,327.645868846495,898.6720724999999,2.545636643945136,1.0,0.0,0.9722222222222222,1,0.027777777777777776,,,,9,0,0.6785010013275894,0.5477987607320767,3.7474161052522956,4,0,0.8469334260859455,0.3067830666018508,3.767294118557568,1,,,2.265851665734863,0.5895882204441744,2.3785040882107724,0.008597339420118547,0.1388888888888889,0.1388888888888889,0.7434906385276516,-0.272151539733048
30809,s30809.csv,298,4.002,6.982,2.9800000000000004,0.8288590604026845,0.030201342281879196,0.0,238,0.7986577181208053,412.2945955932054,1089.0368324999984,1.5238638093308625,0.0,0.0,0.0,0,0.0,,,,9,0,0.7255064100456888,0.49233335315449855,3.663883682564353,4,0,0.6314498662652142,0.609155892714003,2.7015963978714694,2,,0.6648373249252442,3.6908281572193506,0.7142271170719006,18.274231156959697,-0.04676526326422174,0.1040268456375839,0.11073825503355705,0.23946133833480673,-0.1041551432745575
30810,s30810.csv,438,4.002,8.392,4.39,0.9452054794520548,0.03424657534246575,0.0,399,0.910958904109589,300.01877917690916,636.0493649999999,2.3760183778655772,0.997716894977169,0.0,0.0958904109589041,395,0.9018264840182648,8.285438675976865,12.697259999999993,3.106854351129206,9,0,0.8104222834781029,0.41064558701077347,3.7840164101467586,4,0,0.5850841051424855,0.6484348882420149,3.913945784449637,3,1.5,0.3077047707421972,6.12460450484211,0.4689226297013854,146.3403117991092,-0.024432098890579013,0.1324200913242009,0.13470319634703196,0.17497196186766423,0.020628354953015654
30811,s30811.csv,448,0.502,4.992,4.49,0.6986607142857143,0.004464285714285714,0.0,311,0.6941964285714286,255.05723175327066,723.59645,1.3758574272864603,0.0,0.0,0.0,0,0.0,,,,9,0,0.8800438914366127,0.3453906985907036,6.890190375441955,4,0,0.7954962753724217,0.46107850494265923,8.566076990570341,8,0.2999999999999998,0.6020623632625609,3.588859699489116,0.834149241791442,10.895021394057451,0.01984777727038868,0.08482142857142858,0.08705357142857142,0.7011209829876741,0.4358930100807524
30812,s30812.csv,448,0.502,4.992,4.49,0.7611607142857143,0.0,0.0,341,0.7611607142857143,278.58412955044787,875.24148,2.08134840604488,0.4263392857142857,0.0,0.004464285714285714,189,0.421875,19.284258629976215,59.125615999999994,1.1480652193362428,9,0,0.9004420669007513,0.3135453569814268,5.926175928185935,4,0,0.872676925118373,0.3559893829667691,8.293031747456006,9,0.23499999999999988,0.5598433941732761,3.711708476721442,0.7873822298540225,19.196839007747258,0.024145812695007374,0.08928571428571429,0.09151785714285714,0.5560730027272325,0.28846879676171167
30842,s30842.csv,447,3.502,7.982,4.48,1.0,0.0,0.0,447,1.0,119.01987203872245,374.1995330000001,2.0461495229595537,0.9888143176733781,0.0,0.23042505592841164,339,0.7583892617449665,38.11595232533864,112.49891499999998,0.6627495775656115,9,0,0.5016313744403087,0.6897887456774625,3.6605812466939467,4,0,0.4984915788306401,0.7151431329666837,3.0391281556109355,7,0.5650000000000002,0.536257989540964,3.426254708781266,0.6914646870522814,35.38749201840656,0.015471508886782061,0.07829977628635347,0.08277404921700224,0.3266076593589713,0.0019539924301695917
30843,s30843.csv,189,0.502,2.392,1.89,0.8359788359788359,0.0,0.0,158,0.8359788359788359,220.48144678878958,621.0470165,1.1876553582772735,0.21164021164021163,0.0,0.20634920634920634,1,0.005291005291005291,,,,9,0,0.8836271080646853,0.30443828824876024,4.230369718353457,4,0,0.7913576259331081,0.46906415257199163,2.7548873419360347,7,0.10000000000000009,0.6511259874323779,5.424300417889768,0.2893871877382894,71.79737747751258,-0.051677644870182206,0.2698412698412698,0.2857142857142857,0.3346793787563867,0.4295008970542251
30845,s30845.csv,189,0.502,2.392,1.89,0.9682539682539683,0.0,0.0,183,0.9682539682539683,227.3381520355039,675.329319,0.949446707495603,0.0,0.0,0.0,0,0.0,,,,9,0,0.8592889568211419,0.3478769581962292,3.327370279184388,4,0,0.7687806010028847,0.47707891114456824,3.397169725898042,13,0.040000000000000036,0.6399996242755563,5.540930405781914,0.3250074261804646,97.01243646130075,-0.02068540148414758,0.21693121693121692,0.2275132275132275,0.9303869338505574,0.13638502991502485
30893,s30893.csv,297,2.912,5.892,2.9800000000000004,0.8383838383838383,0.006734006734006734,0.0,247,0.8316498316498316,223.8675840581293,650.474512,1.472073491823606,0.9158249158249159,0.0,0.9124579124579124,1,0.003367003367003367,,,,9,0,0.9605385841452725,0.19263685211550444,5.3581197876603905,4,0,0.9630894075134201,0.19173270424277244,1.7053292754395848,3,0.52,0.4190940800846495,2.9183623028148853,0.7669543988260772,20.188403785101556,-0.057388076983601155,0.06397306397306397,0.06397306397306397,0.6591586162387891,0.28996022545808814
30894,s30894.csv,297,2.912,5.892,2.9800000000000004,0.835016835016835,0.0,0.0,248,0.835016835016835,227.84709945004863,613.1146574999998,1.8608845497886768,0.9730639730639731,0.0,0.0,289,0.9730639730639731,35.62232515317342,121.28196799999986,2.590804919015717,9,0,0.9726131039759406,0.1573429734018598,4.635970479030056,4,0,0.9529927457058175,0.21480557785633078,1.7599822754683747,2,,0.40084471398159416,3.896327066577567,0.8022144852406022,19.549336036868223,0.012877539480171049,0.016835016835016835,0.026936026936026935,0.0964475391724927,0.004483391544598308
30895,s30895.csv,297,2.912,5.892,2.9800000000000004,0.8215488215488216,0.0,0.0,244,0.8215488215488216,267.77387034014095,889.7132065,1.4553553732275781,0.0,0.0,0.0,0,0.0,,,,9,0,0.9613819679881909,0.18949173000296687,4.961774460112562,4,0,0.8278206855709638,0.40739494243705854,4.843280409383634,2,,0.3982805485275434,5.739497654646516,0.8751800450274726,3.479753517060426,-0.14855216163063223,0.08080808080808081,0.08080808080808081,0.766797276892064,-0.19928191288424846
30906,s30906.csv,120,2.912,4.102,1.1900000000000004,0.9083333333333333,0.016666666666666666,0.0,107,0.8916666666666667,560.8126436117782,1461.0455079999997,2.117781359497635,0.0,0.0,0.0,0,0.0,,,,9,0,0.7867865778835204,0.3743520040095488,4.046996982077792,4,0,0.4841905714078247,0.7084790818927718,4.525828769955368,1,,0.7925823827361977,7.398921376568829,0.31874285133013586,64.23574655168447,0.00036267805942749066,0.125,0.125,0.8930555203323084,0.1590487530273611
30907,s30907.csv,297,2.912,5.892,2.9800000000000004,0.8316498316498316,0.0,0.0,247,0.8316498316498316,441.3108804275863,1633.8689259999999,2.360730200121039,1.0,0.0,0.04377104377104377,284,0.9562289562289562,22.305707135123686,66.52907400000001,0.8435761005513915,9,0,0.967995023463663,0.17019256958635962,3.608685330231333,4,0,0.6261583293306097,0.610810929037976,4.905673648302109,5,0.010000000000000009,0.3920741380375394,5.182656084796511,0.4772915654469675,71.2066360790772,-0.008351053297549373,0.06397306397306397,0.06397306397306397,0.7564908275133974,-0.05857870461597953
30909,s30909.csv,297,2.912,5.892,2.9800000000000004,0.8451178451178452,0.010101010101010102,0.0,248,0.835016835016835,436.0386686297301,1799.36472,3.1106599488411435,0.797979797979798,0.0,0.7946127946127947,1,0.003367003367003367,,,,9,0,0.9671274464003188,0.17984519098536586,3.6915810732060788,4,0,0.5134549229800592,0.7078107606291064,3.2250633810821547,2,,0.37116787819658403,3.847950600604859,0.6631924200437495,32.83194425071104,-0.0464670934298672,0.07744107744107744,0.09764309764309764,0.662770943276541,0.07964805969486616
30967,s30967.csv,1,0.0,0.0,0.0,0.0,0.0,0.0,0,0.0,,,,0.0,0.0,0.0,0,0.0,,,,9,0,,,,4,0,,,,0,,,,,,,0.0,0.0,,
31002,s31002.csv,78,3.212,3.992,0.7799999999999998,0.0,0.0,0.0,0,0.0,,,,1.0,0.0,0.0,78,1.0,15.979748562012974,42.61939699999999,2.0309976052258514,9,0,0.6215943056098544,0.5573774836731458,2.483151530078186,4,0,-0.22686713103833567,1.087632603199128,3.469388808171143,2,,0.5991855551286974,2.035279562289817,0.84405562355913,-0.061937939619296944,-0.018403185873142235,0.0,0.0,0.17692191412369035,0.24136529711903013
31023,s31023.csv,149,5.012,6.492,1.4800000000000004,0.9798657718120806,0.0,0.0,146,0.9798657718120806,57.88989404099621,172.24985,2.315598621514347,0.9328859060402684,0.0,0.0,139,0.9328859060402684,12.504218341164165,39.30543599999999,2.95666790811554,9,0,0.3870001444922393,0.7386076588072541,3.7685238838886677,4,0,0.08051491617317458,0.9489342494974778,4.075851303694282,1,,0.47338480292563817,1.1531702593016337,0.5657606038532546,20.359322409892542,-0.028722198441780384,0.10067114093959731,0.10067114093959731,0.8283243201897651,-0.19523496753748165
31024,s31024.csv,149,5.012,6.492,1.4800000000000004,0.9328859060402684,0.0,0.0,139,0.9328859060402684,134.62482460336355,285.97634099999993,1.201279649986045,0.0,0.0,0.0,0,0.0,,,,9,0,0.4062586629946239,0.7473027219481722,4.021222145464431,4,0,0.32583174458474073,0.811902072283081,4.612987782459538,3,0.43500000000000005,0.4415823114695632,7.627820814237527,0.7061684627286264,8.897294543700466,0.14644479218716216,0.18120805369127516,0.20134228187919462,0.9761226699641056,-0.12914097592453813
31025,s31025.csv,149,5.012,6.492,1.4800000000000004,0.9060402684563759,0.0,0.0,135,0.9060402684563759,82.85304030790256,267.395101,2.4987076669145685,1.0,0.0,0.9932885906040269,1,0.006711409395973154,,,,9,0,0.44079425224361646,0.6955594316562425,4.132935164010784,4,0,0.4332963618647266,0.7381759870610181,3.2126288130722163,1,,0.3554080120439414,1.2262951070525014,0.6915513078412295,10.196480516038129,0.029232324944096506,0.16778523489932887,0.16778523489932887,0.7547170673183181,0.4376006840342721
31026,s31026.csv,149,5.012,6.492,1.4800000000000004,0.9865771812080537,0.0,0.0,147,0.9865771812080537,36.10302698620829,95.230863,2.4802280424795695,1.0,0.0,0.0,149,1.0,1.1631757370346254,3.5632059999999974,2.4230216612457323,9,0,0.31132938007507394,0.7829917446770285,3.2250520308864052,4,0,0.07924418756473266,0.9713568940965177,2.7951274410197846,2,,0.7519016227180525,1.0911093718500506,0.8886402627424106,0.4152929027766128,-0.0739548777772768,0.0,0.0,0.07321464780694545,-0.2449386943632573
31027,s31027.csv,149,5.012,6.492,1.4800000000000004,0.9798657718120806,0.0,0.0,146,0.9798657718120806,35.621006352991245,90.37864250000001,2.441089136145776,0.4899328859060403,0.0,0.0,73,0.4899328859060403,28.6637969084054,52.61590199999999,6.3920505752782635,9,0,0.2961548360049365,0.8037710888715933,3.6037957682458788,4,0,0.16643570822551199,0.9186720455844799,3.288854942687276,1,,0.8019210539498094,1.1403891727806892,0.9197494650075403,-0.32529143503048363,-0.04805626663021153,0.0,0.0,0.2100187751745887,0.3190863628697957
31031,s31031.csv,149,5.012,6.492,1.4800000000000004,0.9932885906040269,0.0,0.0,148,0.9932885906040269,41.88544139890145,93.72281500000005,2.195820826328052,1.0,0.0,0.0,149,1.0,9.840866954647806,32.771298,1.4417636794618534,9,0,0.4117391662011406,0.6955767075001494,3.5583314912793362,4,0,0.14779802129225159,0.909929187873862,4.065051691342157,1,,0.7009611961552057,1.2491911058595626,0.8860228530919294,0.4177525665469315,-0.08374757559048945,0.0,0.0,0.2112908340566708,-0.16627947485574235
31034,s31034.csv,149,5.012,6.492,1.4800000000000004,0.9731543624161074,0.0,0.0,145,0.9731543624161074,32.83758419247465,110.57095800000005,3.0902860660836295,1.0,0.0,0.0,149,1.0,12.235527131235848,38.42048600000001,1.889818655627306,9,0,0.33965096215178936,0.7896748358918524,2.8231357792237954,4,0,0.17513033194478844,0.9217563187408754,3.1820656255590842,1,,0.7935097419694532,1.1741607798392024,0.8944014919948015,0.28167937603834337,0.006730971941096196,0.0,0.0,0.34673604909840555,-0.22608314483499087
31035,s31035.csv,589,3.502,9.412,5.910000000000001,0.8505942275042445,0.0,0.0,501,0.8505942275042445,163.81895762073222,547.17012,1.287302859326138,0.2767402376910017,0.0,0.15619694397283532,71,0.12054329371816638,37.21664817624971,90.79816,14.604452706620627,9,0,0.5481503414118828,0.6650361797596575,4.8862808193603,4,0,0.8686561172998011,0.3591812964429951,3.2016819947998103,19,0.020000000000000462,0.46775191806896954,3.0949839511968325,0.8879395100444771,6.920446389313284,-0.005715324704669924,0.050933786078098474,0.05263157894736842,0.4828882543083841,-0.1901175747461029
31036,s31036.csv,492,3.502,8.442,4.94,0.9939024390243902,0.01016260162601626,0.0,484,0.983739837398374,152.00217000335718,322.59250849999995,1.3866232986680032,1.0,0.0,0.9979674796747967,1,0.0020325203252032522,,,,9,0,0.7437891782895144,0.4847474792366639,6.1977308031537115,4,0,0.8417958918758188,0.3969569686549566,3.5526225250368273,15,0.060000000000000275,0.5846164947145409,2.752162687306029,0.9121647983461524,3.650570987969097,0.01310186596608212,0.024390243902439025,0.024390243902439025,0.36871353914201643,-0.048736767072819265
31040,s31040.csv,447,4.502,8.982,4.4799999999999995,0.9955257270693513,0.0,0.0,445,0.9955257270693513,62.99794086407061,176.5393999999999,1.6236858269741934,0.0,0.0,0.0,0,0.0,,,,9,0,0.6362388712507939,0.5849487618570867,3.8334524617809382,4,0,0.6556784264775374,0.5879159821361575,2.9169673389075137,11,0.025000000000000355,0.6204908675799089,4.139700463450477,0.6322316951364765,52.21781429970102,-0.017755915829400178,0.07606263982102908,0.07606263982102908,0.7801972906641909,0.05349737422648172
31041,s31041.csv,447,4.502,8.982,4.4799999999999995,1.0,0.0,0.0,447,1.0,54.38634523329945,143.870965,1.441167970763974,0.0,0.0,0.0,0,0.0,,,,9,0,0.3992272990098749,0.7688235062353626,3.611741799791306,4,0,0.6907837816986071,0.5660412476279097,2.4033534144293034,7,0.3550000000000004,0.40954080804802645,3.1367778050175117,0.8936376092530589,4.511182957852297,-0.012684539421196371,0.03355704697986577,0.0447427293064877,0.20679348411711668,0.030722384200746005
31043,s31043.csv,447,4.502,8.982,4.4799999999999995,1.0,0.0,0.0,447,1.0,63.032173666269465,221.759326,1.9194305149764375,1.0,0.0,0.9977628635346756,1,0.0022371364653243847,,,,9,0,0.567839321304676,0.6256562828371909,3.7965986842724564,4,0,0.7091084454973773,0.5384998403476229,3.216071865741365,8,0.010000000000000675,0.6107354700124507,3.1115416014787525,0.797884609217739,17.33939646712652,0.0061894615444555955,0.09619686800894854,0.10514541387024609,0.4420209513624609,0.2300736268784614
31046,s31046.csv,447,6.002,10.482,4.4799999999999995,1.0,0.0,0.0,447,1.0,37.67877126611853,132.44762599999996,1.7351041669047653,0.9149888143176734,0.0,0.5570469798657718,160,0.3579418344519016,65.73416123046721,50.46994699999984,37.47074713611443,9,0,0.46921800534534724,0.7001595890818,4.096336663011864,4,0,0.6740605136445516,0.5663109127597558,3.987412403520262,4,1.5,0.7527868912511368,3.0842331298406993,0.7625912194785945,19.532802146831337,0.02423653646599874,0.13870246085011187,0.14317673378076062,0.5459848373390848,0.06892080029465936
31047,s31047.csv,447,6.002,10.482,4.4799999999999995,1.0,0.0,0.0,447,1.0,40.01556601468877,142.10767199999998,1.3329516219368385,0.3333333333333333,0.0,0.0022371364653243847,148,0.33109619686800895,156.56027399990177,74.56624850000001,3.424978553817656,9,0,0.6035689077080615,0.6142579075397311,3.1067080836802905,4,0,0.7058935339112634,0.5433700200387992,3.152650461432335,5,0.7500000000000004,0.294068185292769,3.8506225060945702,0.7513827321968944,25.301728086363063,-0.028037058201330352,0.1029082774049217,0.10514541387024609,0.5331794769763274,0.35418071261263484
31054,s31054.csv,396,4.002,7.982,3.9800000000000004,1.0,0.0,0.0,396,1.0,94.8765389214848,319.2404475000001,1.7905521539168219,1.0,0.0,0.7474747474747475,100,0.25252525252525254,14.154360074432915,43.913843,1.1999437716079366,9,0,0.7398295877608398,0.49382365767232334,4.868206210319813,4,0,0.3039731530086379,0.8327097492890442,4.577204587894628,7,0.8150000000000004,1.0041168271256762,5.056118570767179,0.49557130741280464,50.634068772902566,7.227734185697842e-05,0.12626262626262627,0.12878787878787878,0.30984557781232375,0.002286527705238354
31055,s31055.csv,223,4.002,6.282,2.2800000000000002,0.9417040358744395,0.008968609865470852,0.0,208,0.9327354260089686,281.63603534090566,658.1765869999998,1.4732101966059274,1.0,0.0,0.7713004484304933,51,0.22869955156950672,7.570452233861514,21.10644,1.1902071180061258,9,0,0.9739403250347524,0.15295178962718825,6.833966190982842,4,0,0.8454014751017066,0.39286611678495426,3.326952436624635,5,0.24499999999999966,0.9941329266354267,2.858326351396996,0.7355256096185712,17.197524874654476,-0.05415226776825306,0.08520179372197309,0.1031390134529148,0.44201637511038305,0.41101938644219915
31056,s31056.csv,297,4.002,6.982,2.9800000000000004,0.9865319865319865,0.0,0.0,293,0.9865319865319865,110.9385014383821,345.5128379999999,2.208998800904781,1.0,0.0,0.9966329966329966,1,0.003367003367003367,,,,9,0,0.49825304815636784,0.6809681273669256,3.6886971306598855,4,0,0.5736612804269823,0.6496659885191081,4.103844725194558,7,0.1200000000000001,0.4254609412906395,2.591385896521804,0.7629260481094421,12.645664993081219,-0.020773935325898735,0.12794612794612795,0.12794612794612795,0.49317655095251295,-0.046659621903268576
31057,s31057.csv,396,4.002,7.982,3.9800000000000004,1.0,0.0,0.0,396,1.0,121.84626302074491,395.31263749999994,1.8142894261537863,1.0,0.0,0.9949494949494949,2,0.005050505050505051,,,,9,0,0.40353951932727855,0.7607868893957873,3.793321757470304,4,0,0.4627383777185194,0.7323005878008297,4.111373524928978,7,0.5,0.700671140939595,3.72287257813867,0.6150323142385292,42.42330816327033,0.006159776295706226,0.11616161616161616,0.12878787878787878,0.8141002161016628,0.17595420769825595
31058,s31058.csv,396,4.002,7.982,3.9800000000000004,1.0,0.0,0.0,396,1.0,92.67292022283102,239.34516999999994,2.5437313969231665,1.0,0.0,0.9949494949494949,2,0.005050505050505051,,,,9,0,0.5556776843064067,0.6640248236531364,3.455872710254189,4,0,0.43890173615818556,0.7483119818402002,4.29311388492686,8,0.20000000000000018,0.4951143041524097,3.2160601779143017,0.675011115316668,40.955208812763445,0.0039882291482053744,0.08838383838383838,0.09343434343434344,0.39196106922487295,0.01785852822344004
31059,s31059.csv,198,4.002,5.982,1.9800000000000004,1.0,0.0,0.0,198,1.0,80.25513515916903,264.54965149999987,2.4256154421857907,1.0,0.0,0.0,198,1.0,17.09645797076119,11.674986499999989,8.486009647509574,9,0,0.34543944208529964,0.7683262866646056,4.5192366002200535,4,0,0.07449057844929298,0.9624610753825555,3.8218623930529123,4,0.23000000000000043,0.5163841807909592,6.627312233369858,0.3824603006240205,59.45417126069168,-0.0077089166005792475,0.13636363636363635,0.14646464646464646,0.6615243171076488,0.0662895281666538
31060,s31060.csv,198,4.002,5.982,1.9800000000000004,1.0,0.0,0.0,198,1.0,97.98690837435134,291.3275634999999,1.8438652323012352,1.0,0.0,0.0,198,1.0,6.696156919188988,8.437683000000007,1.8945273453561287,9,0,0.472233850389523,0.707332925194554,3.3319973529401854,4,0,0.13110825915594954,0.9301137257903805,5.054170151137306,2,,0.5038476639183379,6.652709333754313,0.4071480529138586,67.6043323217319,-0.028271678600807336,0.11616161616161616,0.11616161616161616,0.733614098545017,-0.046709720162757
31061,s31061.csv,198,4.002,5.982,1.9800000000000004,1.0,0.0,0.0,198,1.0,96.82308127775323,297.6210014999999,2.0318446949523494,0.98989898989899,0.0,0.0,196,0.98989898989899,4.134499700187112,14.165244999999999,1.5462657905826571,9,0,0.403857549954237,0.7415446481333274,3.432169979271279,4,0,0.10608430790303622,0.9395942184119965,3.0421010239458983,3,0.5,0.6982797903850543,5.981671899081432,0.6037171027726855,17.581610311353586,0.08986014766215511,0.25252525252525254,0.26262626262626265,0.5431669096987294,0.007540068529906503
31070,s31070.csv,746,0.502,7.992,7.49,0.9664879356568364,0.0,0.0,721,0.9664879356568364,226.53109333424288,715.91461,1.4618090089386864,0.6729222520107239,0.0,0.3873994638069705,213,0.2855227882037534,137.18659657006089,179.09128399999972,12.566031319794352,9,0,0.9529117602910423,0.19667282273716985,5.024026909080338,4,0,0.884272760885829,0.32401438055698395,2.907739657956062,7,1.4899999999999998,0.4502585438765495,4.127475502189047,0.7211289090749162,63.94870446676211,-0.00729517225141404,0.09785522788203753,0.10187667560321716,0.6357246775432466,0.09460954584896436
31071,s31071.csv,746,0.502,7.992,7.49,0.9758713136729222,0.0,0.0,728,0.9758713136729222,230.4623458142893,755.7204419999999,1.1330691904839,0.0,0.0,0.0,0,0.0,,,,9,0,0.9452872247198955,0.2102632591338842,5.520522513967162,4,0,0.8744857563750013,0.3256344823352565,2.5464042816946435,6,1.5,0.5975118021277457,4.621608117447661,0.7145326594559083,52.36291008706198,-0.03038722874791542,0.09651474530831099,0.10187667560321716,0.3866561831706659,0.0698084790610882
31072,s31072.csv,746,0.502,7.992,7.49,0.9128686327077749,0.002680965147453083,0.0,679,0.9101876675603218,286.17922928947326,731.0681490000001,1.4615198344620846,0.4450402144772118,0.0,0.06702412868632708,282,0.3780160857908847,25.984247387189434,24.947715999999996,0.46478375497806856,9,0,0.9279377783062162,0.24353034686711744,4.759138901193013,4,0,0.8643052895311121,0.3396092083012616,2.365862079214938,13,0.3049999999999997,0.5739407697102569,3.538983971230758,0.8477960555966525,17.505474562707555,-0.030489871478984427,0.05361930294906166,0.06300268096514745,0.3946319709666724,0.15309529499767965
31073,s31073.csv,641,0.502,6.942,6.44,0.9375975039001561,0.0015600624024961,0.0,600,0.9360374414976599,235.707965902903,679.5697564999998,0.8465715484889165,0.6879875195007801,0.0,0.45553822152886114,149,0.23244929797191888,7.416081962904483,16.862955999999997,2.577753281593524,9,0,0.9419600883300256,0.22231668064828133,4.700519370905314,4,0,0.9014940735604817,0.3132821112667759,3.427368089304964,15,0.20000000000000018,0.5935198633336105,3.736787246185617,0.7457472987637773,43.387540698221414,0.028574053464569767,0.07020280811232449,0.078003120124805,0.5824889602511112,0.10080513017310322
31074,s31074.csv,746,0.502,7.992,7.49,0.9865951742627346,0.0,0.0,736,0.9865951742627346,190.46332396316518,627.2183725,1.0665947439757035,0.8310991957104558,0.0,0.23324396782841822,446,0.5978552278820375,22.46073296794237,80.5779325,2.190279757254766,9,0,0.9056851957688237,0.28322071701507,5.1184224826400255,4,0,0.8807366415180616,0.334416515520527,2.8789647744524336,19,0.3200000000000003,0.6734967893840218,4.289611829925028,0.7423020425384241,36.003499053400695,-0.03518718606742188,0.08042895442359249,0.08310991957104558,0.7417638450991114,0.10856927086694691
31075,s31075.csv,746,0.502,7.992,7.49,0.967828418230563,0.0,0.0,722,0.967828418230563,181.91520514645057,607.6404564999999,1.0931812146015512,0.853887399463807,0.0,0.2037533512064343,485,0.6501340482573726,20.256099481259454,77.24107799999999,1.0165923567137511,9,0,0.9299862275661397,0.23749154019234509,5.674448432718734,4,0,0.8936778132055471,0.32826999327865547,3.444897068539128,11,0.5550000000000002,0.680149900618375,3.7563053067632466,0.7494385085260804,47.8650174296328,-0.0008239770880273285,0.05361930294906166,0.06032171581769437,0.23922415832339988,0.07906490321153847
31076,s31076.csv,746,0.502,7.992,7.49,0.985254691689008,0.0,0.0,735,0.985254691689008,164.06250566429523,532.818273,1.3047919753492818,0.7868632707774799,0.0,0.6166219839142091,127,0.17024128686327078,49.1165822798645,176.50532299999986,0.9843061337815932,9,0,0.9312037669073872,0.24116401972682203,6.201968737702683,4,0,0.8949301562308006,0.34184736295639806,4.74246578664569,16,0.19999999999999973,0.43503651234517193,6.095439170226335,0.46271347913147115,177.13620049722877,-0.0046975766280262805,0.09115281501340483,0.09249329758713137,0.4816752837407151,0.03688714169587319
31077,s31077.csv,787,0.502,8.412,7.910000000000001,0.9415501905972046,0.0025412960609911056,0.0,739,0.9390088945362135,160.26226607378803,537.76404,1.2394730110332008,0.5387547649301143,0.0,0.34815756035578144,150,0.1905972045743329,50.88584338229755,14.116912499999998,1.9037037191465982,9,0,0.9555719666583615,0.19351490577600672,7.145559453672337,4,0,0.9137488198905879,0.29905314755793644,6.913354818776757,12,0.010000000000000675,0.4055937500770877,3.4345543210372718,0.7956863565857133,28.58577132123603,0.04671544657903543,0.08386277001270648,0.08513341804320203,0.41446183407724396,0.07698250511231028
31078,s31078.csv,183,2.012,3.842,1.83,0.9016393442622951,0.00546448087431694,0.0,164,0.8961748633879781,105.46705055756277,348.2283735,0.9844224341800766,1.0,0.0,0.8142076502732241,34,0.18579234972677597,18.098267964300796,52.298130499999985,1.6102856721688976,9,0,0.9509807075857197,0.22355660380040263,8.573203027264979,4,0,0.8542524253124018,0.3799515938502272,5.896788918602756,3,0.75,0.7472683561973722,3.843758277410384,0.6721694314033395,17.776545550571374,-0.0026294492128995234,0.0546448087431694,0.0546448087431694,0.6950411995051642,-0.0029500766050522993
31079,s31079.csv,311,3.512,6.632,3.1199999999999997,0.9485530546623794,0.003215434083601286,0.0,294,0.9453376205787781,126.19616338627594,234.18531249999984,1.2472998682632184,1.0,0.0,0.9871382636655949,4,0.012861736334405145,,,,9,0,0.9286282306933175,0.25218903021861905,8.456192887581157,4,0,0.6564377065830804,0.5875490182304808,3.0088895586198543,4,0.8000000000000003,0.8079793896316814,3.508657875372376,0.8463880531150295,5.738481275885926,-0.022790478400742928,0.05787781350482315,0.06752411575562701,0.43727584054637914,-0.033833479980998844
31081,s31081.csv,749,3.512,11.052,7.539999999999999,0.9666221628838452,0.0,0.0,724,0.9666221628838452,83.78123573288067,266.86552750000004,1.7286317406598093,1.0,0.0,0.9986648865153538,1,0.0013351134846461949,,,,9,0,0.8733406386475742,0.353756343836358,4.862768343063719,4,0,0.5368618150500551,0.678082351116397,2.724983531034978,13,0.44500000000000073,0.5083427334186283,4.766887740832031,0.8856068360295064,8.391582064680518,0.005989001892630647,0.11348464619492657,0.12817089452603472,0.61396281057029,0.14542300316407183
31082,s31082.csv,675,3.512,10.292,6.779999999999999,1.0,0.0,0.0,675,1.0,69.25202652017498,219.16936299999998,1.5372461779076212,0.0,0.0,0.0,0,0.0,,,,9,0,0.7437166118865678,0.4715718259086552,3.3658509758218136,4,0,0.4753311412929313,0.7206236045516523,2.7601763408352706,10,0.5199999999999996,0.6617095514944562,4.974536132826724,0.8519712279836433,12.084859535059703,0.0673049930526889,0.14222222222222222,0.14666666666666667,0.7116800595878733,0.06575370623999655
31083,s31083.csv,675,3.512,10.292,6.779999999999999,0.9925925925925926,0.0,0.0,670,0.9925925925925926,120.15054889399163,396.0612314999999,1.205938316809525,1.0,0.0,0.9985185185185185,1,0.0014814814814814814,,,,9,0,0.7756011211468276,0.4452307657606209,3.3775244290628197,4,0,0.5663560690594742,0.6576680542157982,2.354502971828482,13,0.2900000000000005,1.0497678950776814,4.724487731114414,0.7414770797836651,106.51970150130644,-0.0673973859036412,0.13777777777777778,0.13925925925925925,0.5222806106228057,0.08120107438185768
31084,s31084.csv,228,3.512,5.792,2.28,1.0,0.0,0.0,228,1.0,61.21428297752144,195.96781899999996,1.8543789449439412,1.0,0.0,0.0043859649122807015,227,0.9956140350877193,19.24631104845167,11.856824999999994,6.156164826750838,9,0,0.7051763531910444,0.5099522971091093,2.9445103963198678,4,0,0.5252123921201787,0.6907394072946142,2.6121212057607446,2,,0.8316415009164243,24.096262381150837,0.1328125923394435,112.42756662848491,-0.018538409397969642,0.2236842105263158,0.22807017543859648,0.23275741696510038,-0.10932228132822056
31085,s31085.csv,675,3.512,10.292,6.779999999999999,1.0,0.0,0.0,675,1.0,62.61082121529828,215.0889309999999,0.9984195144896487,0.0,0.0,0.0,0,0.0,,,,9,0,0.7228223839758324,0.500746172996245,3.0462191924419866,4,0,0.7122338111314047,0.5417770046635044,3.3948534905071774,7,1.135,0.7936041528930685,3.1177515240260076,0.6819428747094597,83.87833273349281,0.02475917736498063,0.1288888888888889,0.14074074074074075,0.7337527140908128,0.05366790252387482
31087,s31087.csv,675,3.512,10.292,6.779999999999999,1.0,0.0,0.0,675,1.0,53.064769373470234,171.04744199999993,1.1385228848388949,0.8281481481481482,0.0,0.0044444444444444444,556,0.8237037037037037,26.020291783612958,90.04191,1.8137505957234237,9,0,0.6167064207794604,0.5969974883682713,2.8939455370391505,4,0,0.6865059281820961,0.5541653004904257,2.381399983515878,7,1.1449999999999998,0.7880247246976944,2.8571611856978043,0.780805617263395,29.831754458061965,0.0238883834877242,0.1511111111111111,0.15851851851851853,0.6181105463737193,0.006507506621339844
31088,s31088.csv,675,3.512,10.292,6.779999999999999,1.0,0.0,0.0,675,1.0,51.592551701991816,185.083444,1.4555707869899448,0.8577777777777778,0.0,0.2414814814814815,416,0.6162962962962963,68.16649575104472,93.75210000000001,1.8002330920401617,9,0,0.6418250048883848,0.5862275539398555,3.0352392670207906,4,0,0.7394703340776483,0.50988131749288,2.674349461981631,7,1.09,0.899229882275904,2.0872369862651254,0.8743290430574019,13.208050748601156,-0.025848817095967973,0.08592592592592592,0.09333333333333334,0.3737927214698831,0.14180552952242248
31089,s31089.csv,675,3.512,10.292,6.779999999999999,1.0,0.0,0.0,675,1.0,34.82497828617662,112.95362699999998,1.7832728909556248,1.0,0.0,0.9985185185185185,1,0.0014814814814814814,,,,9,0,0.5846429922891945,0.6365942401098457,3.276784228328923,4,0,0.6272160844509561,0.6041736168647331,3.651512770779411,5,1.4999999999999996,0.8032105109798439,2.9122670391239778,0.7190935322728812,48.043214138415465,-0.01675469781901374,0.16444444444444445,0.17185185185185184,0.6182192411405625,0.015815500523778888
31091,s31091.csv,675,3.512,10.292,6.779999999999999,1.0,0.0,0.0,675,1.0,32.99810244573414,106.925295,2.1128294188534946,0.9955555555555555,0.0,0.7807407407407407,145,0.21481481481481482,47.72294810672951,41.007098,2.261035680889915,9,0,0.6190587087734658,0.58052682148087,6.1404919107147435,4,0,0.47187110567335216,0.7175682150065645,3.8987657341962594,13,0.44499999999999984,0.7667274800456076,2.7638248105134826,0.8880820703735219,9.581175032063747,0.040599123500199244,0.20296296296296296,0.21185185185185185,0.5934587830741465,0.0961638497908198
31092,s31092.csv,675,3.512,10.292,6.779999999999999,1.0,0.0,0.0,675,1.0,59.29342345628361,178.91779199999996,2.069323545601017,0.18518518518518517,0.0,0.0725925925925926,76,0.11259259259259259,113.56823856123118,49.69990500000001,7.702584093479091,9,0,0.7493852065311182,0.4754045963334558,6.587798551004649,4,0,0.48188501786706484,0.7221244400007455,4.904487410512521,13,0.1299999999999999,0.8747945720529039,5.006278602906951,0.9541064049518398,0.769065709699281,-0.021480259810369752,0.02666666666666667,0.03259259259259259,0.8042065692585355,-0.04129854923119592
31093,s31093.csv,1445,0.502,14.992,14.49,0.9910034602076124,0.0,0.0,1432,0.9910034602076124,157.17482182850966,523.7480255,0.679916318620522,0.9979238754325259,0.0,0.827681660899654,246,0.17024221453287197,49.96271299087326,28.123535000000004,0.5627287989000158,9,0,0.9187406518830356,0.2806697898776082,3.921971976080036,4,0,0.9597337017430871,0.20552108487335635,1.972684653052371,22,0.20000000000000018,0.6111797035978702,2.574746630343958,0.9368217906004135,6.40533691975489,-0.030368750586012468,0.044290657439446365,0.04844290657439446,0.38483954650586005,0.09685544241221268
31094,s31094.csv,1445,0.502,14.992,14.49,0.9916955017301038,0.0,0.0,1433,0.9916955017301038,163.42894071671597,537.488286,1.0215015721835214,0.0,0.0,0.0,0,0.0,,,,9,0,0.8682861928955504,0.35474416643743734,3.676366317819554,4,0,0.9223732728119245,0.2978295792632044,2.7975224859077548,28,0.21000000000000085,0.5470765022977722,4.197390594000709,0.9384424330605983,5.85631766855423,-0.03624892347708972,0.07681660899653979,0.08927335640138408,0.6038499715700942,-0.13270763606968314
31095,s31095.csv,396,3.012,6.972,3.9600000000000004,0.98989898989899,0.0025252525252525255,0.0,391,0.9873737373737373,220.64980640140183,642.227095,1.2656970951900164,0.4090909090909091,0.0,0.0025252525252525255,161,0.4065656565656566,24.243151484084088,40.64984,3.2809073648022045,9,0,0.8380493914433501,0.38230050609582744,3.3336285039535976,4,0,0.7315772620465052,0.516093862861674,3.7894949785629963,2,,0.7918669665146788,10.219640072085642,0.2577079828849427,250.23353490337826,-0.008358038641902207,0.05555555555555555,0.05555555555555555,0.4113807241273562,-0.01576043766538298
31097,s31097.csv,796,3.012,10.992,7.98,1.0,0.0,0.0,796,1.0,162.89606791292047,636.87004,2.3803445170016406,0.6407035175879398,0.0,0.6394472361809045,1,0.001256281407035176,,,,9,0,0.7586452023474062,0.49161587901355885,3.19377001620729,4,0,0.6948261647688528,0.5533518527522652,3.4299587077768967,3,2.0000000000000004,1.1583766909469317,3.6839390797561826,0.8105523947526259,38.63673522173468,0.02528614083754143,0.04271356783919598,0.04271356783919598,0.8010461776383587,-0.13006225055657597
31099,s31099.csv,110,3.012,4.102,1.0900000000000003,0.9545454545454546,0.0,0.0,105,0.9545454545454546,197.42530647152213,611.1521759999999,0.774821068814997,0.5454545454545454,0.0,0.5363636363636364,1,0.00909090909090909,,,,9,0,0.8788496551677879,0.32352783335034707,5.018328971829782,4,0,0.5981464989678198,0.6198333221626962,5.27774415060134,1,,0.6242989820295418,3.0069397451061315,0.7301976671281754,8.29983220269133,-0.01620032034527482,0.07272727272727272,0.07272727272727272,0.530880368385235,0.21325636598379383
31101,s31101.csv,1445,0.502,14.992,14.49,0.9979238754325259,0.0,0.0,1442,0.9979238754325259,237.7781453744264,754.9379939999999,0.912145455571365,0.9377162629757786,0.0,0.9363321799307959,2,0.001384083044982699,,,,9,0,0.9024718099793342,0.2989798843944509,3.521250112564384,4,0,0.863833662193829,0.3878102848961977,2.5897084711718814,50,0.1200000000000001,0.3865484784793932,5.281404771368019,0.5278673097746192,453.23907052441143,-0.01289685630827522,0.10311418685121107,0.10588235294117647,0.36822332598499596,-0.011250843236187929
31102,s31102.csv,841,0.522,8.972,8.45,0.9583828775267539,0.0,0.0,806,0.9583828775267539,275.3046857462019,916.0831524999999,0.5378979410125354,0.8299643281807372,0.0,0.5933412604042806,199,0.23662306777645659,21.102058146237347,71.96875499999999,0.5528026602255833,9,0,0.9282613169180638,0.24896655544806226,5.112209272180911,4,0,0.9043301772345727,0.288889690687565,2.819919741083286,12,0.14000000000000012,0.5978754095854946,3.700307473894878,0.6550531994170032,84.4479190792888,-0.01620208631493612,0.09750297265160524,0.1070154577883472,0.24711700367059714,0.05502331424128209
31103,s31103.csv,648,0.502,7.032,6.53,0.9783950617283951,0.0015432098765432098,0.0,633,0.9768518518518519,313.069711999103,985.5964159999999,0.4066485493232587,0.9398148148148148,0.0,0.5246913580246914,269,0.41512345679012347,81.79304297348062,159.488796,0.6492622822378381,9,0,0.9329143910086523,0.23823096875482136,5.078267404129642,4,0,0.9120254313000822,0.2754798571743529,3.3818836189153543,17,0.24499999999999988,0.34443156614979126,3.4004562610307083,0.6818571894052726,45.568872849184615,0.007296446903298198,0.10030864197530864,0.11574074074074074,0.6165700029999668,0.07006581483731099
31104,s31104.csv,843,0.502,8.972,8.469999999999999,0.9620403321470937,0.0011862396204033216,0.0,810,0.9608540925266904,270.05239336184786,852.5071965,0.4295459658161486,0.9383155397390273,0.0,0.23843416370106763,590,0.6998813760379596,11.979546903348648,37.850992,0.7718495808692353,9,0,0.9331185659664786,0.24336459108377967,4.566734226793958,4,0,0.8913815171799541,0.30752614289150293,2.379129343855653,10,0.75,0.39075456797214325,3.6397768244836293,0.7777506986605364,36.074048000283454,-0.0029624724881946816,0.11862396204033215,0.13048635824436536,0.588589190917766,0.12535564086228265
31105,s31105.csv,447,0.502,4.982,4.48,0.9507829977628636,0.0,0.0,425,0.9507829977628636,341.94787237601855,1022.2714399999996,0.46727263755353915,0.5525727069351231,0.0,0.5503355704697986,1,0.0022371364653243847,,,,9,0,0.9373195046888974,0.22778707212064872,5.54005744782388,4,0,0.9189123028258687,0.2570405324917754,5.222696453037372,9,0.19999999999999996,0.704162324215313,2.9586917740987118,0.7241501049571621,21.36723302168423,0.0523645163144191,0.14541387024608501,0.14541387024608501,0.5122057428297477,0.17859052010223705
31106,s31106.csv,310,0.502,3.612,3.1100000000000003,0.8741935483870967,0.0,0.0,271,0.8741935483870967,289.7395973175833,840.057055,0.7337433627985279,0.9548387096774194,0.0,0.0032258064516129032,295,0.9516129032258065,25.504514264552824,82.092549,0.33566561329200284,9,0,0.9431903432835332,0.22940723381373887,4.6425063917731535,4,0,0.9172368412569414,0.2554016782519179,4.000171694270201,9,0.24999999999999978,0.7553021339449881,2.614083403385901,0.6291673158268368,59.17962459434482,-0.019973174427798286,0.11290322580645161,0.11935483870967742,0.7176650290833197,0.09908968372244706
31113,s31113.csv,244,4.002,6.452,2.45,0.9672131147540983,0.004098360655737705,0.0,235,0.9631147540983607,450.8191955700725,1282.982513,0.5148439473128135,1.0,0.0,0.9959016393442623,1,0.004098360655737705,,,,9,0,0.937803715301471,0.2305090446144627,2.123157858054755,4,0,0.7810376522230225,0.44387939157467626,3.4867182245536386,5,0.585,0.7163923315843023,6.737890165122968,0.863607027609462,4.314141107470933,-0.12218912525590658,0.020491803278688523,0.020491803278688523,0.7183840966229832,-0.22879302003171112
31114,s31114.csv,506,4.002,9.082,5.080000000000001,1.0,0.0,0.0,506,1.0,346.8309589691355,1079.7923325000002,1.4572385004545916,0.616600790513834,0.0,0.001976284584980237,311,0.6146245059288538,79.00292125216478,192.79694500000002,11.802176681570634,9,0,0.8886182923021683,0.30112638307222833,7.84929538862977,4,0,0.6382443125124759,0.5897955911101099,3.7993628438950267,8,1.04,0.5659153299401998,8.003231459508479,0.8757491294824508,10.870241171148844,-0.01619697599639571,0.07509881422924901,0.08300395256916997,0.6241917518586076,-0.18847362175965682
31118,s31118.csv,204,6.312,8.352,2.04,1.0,0.0,0.0,204,1.0,357.8610995363344,1186.5267370000001,1.6212789831807224,1.0,0.0,0.9950980392156863,1,0.004901960784313725,,,,9,0,0.8075525286772905,0.41684372798169217,5.956871404935255,4,0,0.4179111299991397,0.7648085284108994,7.306689331907349,4,0.5300000000000002,0.8593065019338008,9.088211061944566,0.8228639069334969,5.414037306997113,-0.02141725193285666,0.04411764705882353,0.04411764705882353,0.3437012580300047,-0.23726890710234033
31119,s31119.csv,288,6.312,9.192,2.88,1.0,0.0,0.0,288,1.0,287.30918921399484,788.1842965,2.0456733472266766,0.07291666666666667,0.0,0.0,21,0.07291666666666667,60.633581843248,152.61445999999998,4.517565754999389,9,0,0.40763819651522076,0.7318111321224794,3.5346442837066494,4,0,0.2523625316202896,0.8622602518754123,3.82619268033224,3,0.7599999999999998,0.8321518588531864,8.737946611755923,0.6658525777717089,29.87623842405545,-0.03819575984848503,0.06944444444444445,0.0763888888888889,0.22385263037000225,0.01585079910492154
31121,s31121.csv,92,4.002,4.912,0.9100000000000001,0.9891304347826086,0.0,0.0,91,0.9891304347826086,282.5322727644359,955.62492,0.8855558995830424,1.0,0.0,0.010869565217391304,91,0.9891304347826086,6.775432344786789,21.66268,0.6407038105339237,9,0,0.8234783165480548,0.3894735936605026,4.346912534597255,4,0,0.8458149247853997,0.38434346054531004,2.312297883425549,1,,0.5359451718494276,3.368628471298752,0.7453279794832862,2.518208704246719,-0.29482914670446697,0.16304347826086957,0.16304347826086957,0.8451723634084236,-0.025944654575753397
31122,s31122.csv,288,6.312,9.192,2.88,0.9895833333333334,0.0,0.0,285,0.9895833333333334,295.6933867200967,945.1076199999999,2.160871787717224,0.0,0.0,0.0,0,0.0,,,,9,0,0.24319433232086107,0.8443561992183829,3.279940707575528,4,0,-0.006305468638349333,1.00688301182403,4.042061758043914,3,0.7549999999999999,0.41484788359788216,8.18752136763657,0.8192321255873989,7.556221907044544,-0.026412238936088427,0.0763888888888889,0.0763888888888889,0.2988114178265403,0.08726043758469797
31160,s31160.csv,149,5.012,6.492,1.4800000000000004,0.4966442953020134,0.040268456375838924,0.0,68,0.4563758389261745,581.3962475160229,1888.8870804999997,25.21777313232159,0.8657718120805369,0.0,0.006711409395973154,128,0.8590604026845637,16.522527124757314,51.0101985,2.2347177109477045,9,0,-0.08571953178111734,1.0699068257574653,7.071102376646679,4,0,-0.04548213577988882,1.0207694038328157,3.8093230857966947,0,,0.7668372844827605,6.624022231062639,0.2629717318346115,89.58468469332502,-0.02143370597759473,0.28859060402684567,0.28859060402684567,0.9175295653046383,0.07183161400623696
31161,s31161.csv,149,5.012,6.492,1.4800000000000004,0.4899328859060403,0.006711409395973154,0.0,72,0.48322147651006714,439.90289041985477,672.5688005000004,14.064686435120432,1.0,0.0,0.9932885906040269,1,0.006711409395973154,,,,9,0,0.10197612886112067,0.9688037014780583,5.630148451843606,4,0,0.06311659811881899,0.9704061063332932,4.3409605705938334,0,,0.7241123803643102,3.089352760655058,0.5610190786939734,34.022887958203654,0.032814864213727236,0.10067114093959731,0.11409395973154363,0.8414539016445571,0.5003037805056846
31166,s31166.csv,149,5.012,6.492,1.4800000000000004,0.7785234899328859,0.0,0.0,116,0.7785234899328859,103.8631597408965,380.3822825,2.796317716347724,1.0,0.0,0.0,149,1.0,10.241541925968265,21.171872,5.528034922946077,9,0,0.6176574522553647,0.6063670659545323,3.2027576212958353,4,0,0.5612932678447542,0.6712895104266523,2.418721441613198,1,,0.6672148765713547,8.788594844612875,0.6455581460400229,11.684083334435492,-0.13928378662773558,0.2214765100671141,0.22818791946308725,0.9373719573515457,-0.0611185259175422
31181,s31181.csv,447,4.512,8.992,4.480000000000001,1.0,0.0,0.0,447,1.0,62.95606993675616,185.27165300000001,0.943238389893647,0.7740492170022372,0.0,0.22818791946308725,244,0.5458612975391499,89.21475892026584,49.55323399999993,4.457890466434033,9,0,0.5583985804650846,0.6577948433710195,3.457690170953391,4,0,0.13307255255114334,0.9281658328593336,3.584250645587459,13,0.010000000000000675,0.2964004499437576,3.933390173626517,0.9530693772236286,0.39387964315664625,0.004951832862865875,0.0,0.0,0.17917113542033797,0.15648481737351944
31198,s31198.csv,148,3.522,4.992,1.4700000000000002,0.49324324324324326,0.006756756756756757,0.0,72,0.4864864864864865,292.1613868412689,767.4360285000002,3.4351592263971034,1.0,0.0,0.9932432432432432,1,0.006756756756756757,,,,9,0,0.2213768336991141,0.8695960387336605,5.867402637833609,4,0,0.9044027268827441,0.3159065431010898,16.351432893971563,0,,0.8006788074519305,11.253167212457736,0.2777701903098221,108.98895049260236,0.031290225275594385,0.08783783783783784,0.08783783783783784,0.9857351116016096,0.17239036778986425
31211,s31211.csv,592,2.512,8.482,5.969999999999999,0.9273648648648649,0.0,0.0,549,0.9273648648648649,224.2635032576411,635.3542880000002,1.9325680755439185,0.8834459459459459,0.0,0.08783783783783784,471,0.7956081081081081,30.097292418090717,93.03755000000001,1.8967298925163043,9,0,0.19644457321313358,0.8665630207040932,3.179904660240917,4,0,0.4453922687031505,0.7426740953107206,3.4670530600322973,6,0.8300000000000001,0.7393538913362732,6.390907555013314,0.44014820319800385,160.35076987948904,-0.022046342678416084,0.16047297297297297,0.16554054054054054,0.3791146654040559,0.05470095513657175
31212,s31212.csv,592,2.512,8.482,5.969999999999999,0.9290540540540541,0.0,0.0,550,0.9290540540540541,240.94371699336003,669.6567515,2.57487223663417,0.7094594594594594,0.0,0.6047297297297297,62,0.10472972972972973,21.29183785604725,47.244958999999994,1.9858644881895853,9,0,0.27993682226520783,0.8246672847417251,3.4464316063542704,4,0,0.7164450306551725,0.5202628273791265,2.6956859932672104,13,0.1549999999999998,0.29883454527343495,8.579042746565774,0.8409788690294694,22.078227411048932,0.03149304411151107,0.06587837837837837,0.07432432432432433,0.500925888852434,0.1959534753601571
31213,s31213.csv,592,2.512,8.482,5.969999999999999,0.8699324324324325,0.005067567567567568,0.0,512,0.8648648648648649,269.0858732848267,582.2705584999999,3.1094162800263074,1.0,0.0,0.9983108108108109,1,0.0016891891891891893,,,,9,0,0.3448725686589372,0.7957604512812428,3.3824644540414552,4,0,0.5997279126279781,0.6110516819634542,3.2441422219182243,25,0.08000000000000052,0.34361060375628666,12.902563179225211,0.4309451971581883,222.96466244524967,0.03344081819114349,0.07263513513513513,0.07601351351351351,-0.022841335096055217,-0.05047336267808264
31214,s31214.csv,592,2.512,8.482,5.969999999999999,0.8277027027027027,0.0016891891891891893,0.0,489,0.8260135135135135,222.1094533125949,593.620824,3.235463775746147,1.0,0.0,0.5844594594594594,246,0.4155405405405405,3.7833124077417515,12.196562499999999,0.9587225576365913,9,0,0.4189288273772536,0.7556886215946045,3.2795769871628973,4,0,0.6949127241608821,0.5304145355277985,3.050716049388122,20,0.1200000000000001,0.2825008861442546,6.846848780497721,0.8352079619409561,13.598635804523855,-0.01745656402831304,0.07432432432432433,0.08614864864864864,0.6299227407632048,0.13918980086649838
31215,s31215.csv,592,2.512,8.482,5.969999999999999,0.8530405405405406,0.005067567567567568,0.0,502,0.847972972972973,282.08992097922686,524.9437825,2.848834548934602,0.35135135135135137,0.0,0.0,208,0.35135135135135137,30.005352314807105,96.11673499999996,2.35521341359985,9,0,0.30058345416476784,0.8139153113161272,3.1359540806530553,4,0,0.5130777254836228,0.6715397165654435,2.621773703531397,26,0.08999999999999986,0.31630127703373523,6.31164324976884,0.910395671407982,4.544378497018334,-0.053966026983092726,0.06925675675675676,0.0777027027027027,0.6791498399088673,0.2495064790559329
31216,s31216.csv,592,2.512,8.482,5.969999999999999,0.9121621621621622,0.005067567567567568,0.0,537,0.9070945945945946,270.7855095004331,793.04418,2.656089256374021,0.8344594594594594,0.0,0.527027027027027,182,0.30743243243243246,59.08637114441195,158.7235455,2.1337851811883244,9,0,0.24156959111880816,0.8431902319335305,2.854550738251244,4,0,0.44439513931541597,0.7373415981858026,3.3327295243837445,7,1.3499999999999999,1.0688147376143382,6.538114806392746,0.6159154369029614,60.823269210396504,-0.0743451335575282,0.1097972972972973,0.1097972972972973,0.8935720699504857,0.12230137112620026
31217,s31217.csv,592,2.512,8.482,5.969999999999999,0.9341216216216216,0.005067567567567568,0.0,550,0.9290540540540541,306.6114207689823,1003.8052174999998,2.190667483939145,1.0,0.0,0.9983108108108109,1,0.0016891891891891893,,,,9,0,0.35133509034047566,0.7754796549341652,2.877948328280551,4,0,0.03396547685221707,0.9935582457948492,3.1160474862147596,4,1.5,0.43462355440169853,5.651248970043522,0.78504662270968,45.327095663877856,0.014746808131616466,0.08277027027027027,0.0945945945945946,0.6826365054579345,0.03040929395769795
31218,s31218.csv,592,2.512,8.482,5.969999999999999,0.9442567567567568,0.005067567567567568,0.0,556,0.9391891891891891,238.2343617617758,714.49302,2.3626487234314957,1.0,0.0,0.9881756756756757,7,0.011824324324324325,2.475002703594483,6.026498,,9,0,0.05345979104465949,0.9420002801711918,3.067907591699265,4,0,0.04506291164942396,0.9830839436590425,3.045763310938317,7,0.7400000000000002,0.45641134586523113,13.143911422939514,0.8697695562700037,29.739158568500805,-0.023613166441450725,0.008445945945945946,0.016891891891891893,0.37148967149121465,0.03216100552943735
31219,s31219.csv,365,2.512,6.192,3.68,0.7917808219178082,0.0,0.0,289,0.7917808219178082,260.35951903886536,816.5129979999978,2.1702962152202203,0.0,0.0,0.0,0,0.0,,,,9,0,0.2158452759855231,0.8422427303329516,3.2960258774593343,4,0,0.4034233574202306,0.7493425429498471,3.1371749282269907,6,0.5099999999999998,0.4010280416724038,4.39579765083803,0.7202377434461994,44.584587485622464,0.05078613807839165,0.0958904109589041,0.10136986301369863,0.683161043892856,0.014331815060406086
31245,s31245.csv,1445,0.502,14.992,14.49,0.9979238754325259,0.0,0.0,1442,0.9979238754325259,224.58456384790696,777.8443929999999,1.2831135297360554,0.8740484429065744,0.0,0.5467128027681661,473,0.3273356401384083,30.66568835400621,98.36744799999998,1.4905651578073993,9,0,0.9018100221463095,0.29318672050770267,5.189465476292687,4,0,0.8372868097066815,0.3714077004209892,2.010025607638512,13,0.9899999999999998,0.4578479845805752,3.874038291756264,0.7396142508805811,86.73725346897893,-0.020376991989266194,0.14048442906574393,0.1467128027681661,0.5661621418442355,0.18320413591452503
31246,s31246.csv,1445,0.502,14.992,14.49,0.995847750865052,0.0,0.0,1439,0.995847750865052,250.01398069739392,806.5881879999997,0.9692283592762535,0.9134948096885813,0.0,0.8096885813148789,150,0.10380622837370242,17.260840752825903,53.4644749999999,0.5298071095574327,9,0,0.8936451228770399,0.31938607772789246,3.6007820153298713,4,0,0.8513392057027974,0.3342687662615336,1.8953428303535966,14,0.81,0.6611652695384839,4.234301091383381,0.6531423959887087,176.35519134694408,0.0062084792347630565,0.14602076124567473,0.15501730103806227,0.6886386411436842,0.25087860269502943
31249,s31249.csv,145,3.012,4.452,1.44,0.993103448275862,0.0,0.0,144,0.993103448275862,151.24704242969761,515.819937,1.316909485295011,1.0,0.0,0.6896551724137931,45,0.3103448275862069,5.982544085032723,17.304778,1.4910301592703845,9,0,0.7505881494493966,0.44872843298265835,3.715910882239304,4,0,0.5029390465023216,0.7085857824895239,3.443616540100457,3,0.72,0.5902672248420734,3.416742202313795,0.6917502682606304,14.72295728183593,-0.10025726567861173,0.06896551724137931,0.07586206896551724,0.6769531526974721,0.045512625820505914
31250,s31250.csv,675,3.512,10.292,6.779999999999999,0.9985185185185185,0.0,0.0,674,0.9985185185185185,175.5603918737714,655.0671090000004,1.596437915538744,0.8770370370370371,0.0,0.12444444444444444,508,0.7525925925925926,35.740393127204115,104.48515099999997,2.0804459554792953,9,0,0.7998158232041165,0.43615923252423766,3.5933144673871165,4,0,0.7780909802389647,0.47062208323695587,4.102969033623912,18,0.11999999999999922,0.8645144831744707,3.50124369150086,0.8114923391511228,20.77464614797812,0.01879158084836508,0.06666666666666667,0.06962962962962962,0.5336791978152868,0.21288912658863104
31251,s31251.csv,675,3.512,10.292,6.779999999999999,0.9955555555555555,0.0,0.0,672,0.9955555555555555,153.05069869439097,523.803338,1.0957855935558953,1.0,0.0,0.9940740740740741,4,0.005925925925925926,,,,9,0,0.76288308792491,0.4696631488753019,3.8757657106351293,4,0,0.8287237712264954,0.41674109591021646,3.9725001222028706,11,0.5,0.8667104959827869,3.9038176215698606,0.7253244669975705,60.0345754077186,0.05111762229009181,0.047407407407407405,0.05333333333333334,0.48282814994602963,0.16626489615574402
31252,s31252.csv,675,3.512,10.292,6.779999999999999,0.9985185185185185,0.0,0.0,674,0.9985185185185185,119.25075091516665,375.45141049999995,0.7932472020603,0.11259259259259259,0.0,0.0,76,0.11259259259259259,123.73402099194277,209.01139,0.7309383660538854,9,0,0.7203084118436676,0.5136636310990924,3.749099005359687,4,0,0.7447086596142358,0.5079492795655043,3.3000421469355388,9,0.4399999999999995,0.9802805024619089,3.666145363229274,0.6897335621711111,62.42913511514201,0.016297936656327377,0.08888888888888889,0.09037037037037036,0.44504420850190035,0.07242092371446425
31253,s31253.csv,675,3.512,10.292,6.779999999999999,1.0,0.0,0.0,675,1.0,88.53399929174692,297.927418,1.2485611414552993,0.9525925925925925,0.0,0.7807407407407407,116,0.17185185185185184,35.5797977522199,38.6363475,30.071310650705993,9,0,0.6922041216573914,0.5332542551402377,3.225408451305613,4,0,0.676371318907077,0.5676046414181046,2.9976190582075977,8,0.8000000000000003,0.8950578529618416,3.798917287967649,0.7192600907152555,66.19223868233261,-0.10084551042811814,0.08592592592592592,0.09037037037037036,0.45461028421771293,0.01771829130863041
31256,s31256.csv,675,3.512,10.292,6.779999999999999,1.0,0.0,0.0,675,1.0,73.96462423261889,223.76081600000003,1.1682520193876813,0.8118518518518518,0.0,0.38074074074074077,291,0.4311111111111111,24.14773570967812,37.861444999999996,13.35611548320045,9,0,0.7555745913318396,0.47890081139582635,3.0336778118213275,4,0,0.6731756219161973,0.5763667502425958,2.8684946638872555,8,0.8000000000000003,0.717821326708988,2.7733385227646608,0.8463494928734517,13.548901649310748,-0.019529851886417215,0.06666666666666667,0.0725925925925926,0.549738701004381,0.15790171452747828
31257,s31257.csv,79,3.512,4.292,0.7799999999999998,1.0,0.0,0.0,79,1.0,74.78021307015119,184.8355219999999,1.8379727986094174,1.0,0.0,0.0,79,1.0,17.585818860839044,56.953979999999994,0.9690520906098151,9,0,0.8742304650848767,0.3473727556521845,7.743312585898007,4,0,-0.005012004815300749,1.0040262727109943,3.1879824175370515,1,,0.8825096407550239,2.537935908719584,0.7041921461633122,6.351369165865262,0.023427703382349424,0.06329113924050633,0.06329113924050633,0.3485550944188304,0.15099442220434756
31258,s31258.csv,219,3.512,5.702,2.19,0.91324200913242,0.0228310502283105,0.0,195,0.8904109589041096,118.92516358810906,377.1768149999999,0.6751213057707732,1.0,0.0,0.9954337899543378,1,0.0045662100456621,,,,9,0,0.9532341070936017,0.21664824039760086,10.03152457878942,4,0,0.7929166473691682,0.4475570302810381,4.5647872812548265,2,,0.8185475395055346,3.613899367878134,0.889006382346969,2.039279432096778,-0.09379064996635685,0.2100456621004566,0.2146118721461187,0.8788550518878432,-0.1087996766570259
31260,s31260.csv,675,3.512,10.292,6.779999999999999,1.0,0.0,0.0,675,1.0,73.77043121569845,249.69322799999986,2.0334158938069895,1.0,0.0,0.5614814814814815,296,0.43851851851851853,4.609370204270726,11.078747499999999,1.4821669492906804,9,0,0.6230578426276602,0.6139630680693681,4.362885121609893,4,0,0.823155014240778,0.4247581057870932,13.757851952210867,6,1.4900000000000002,1.6871830525110403,3.4792174781676675,0.9606631665949378,0.5081983907763656,0.023379823597473325,0.013333333333333334,0.014814814814814815,0.588035269222985,-0.030324679845954782
31261,s31261.csv,675,3.512,10.292,6.779999999999999,1.0,0.0,0.0,675,1.0,66.2449495264888,220.69349300000005,1.2861473867227233,0.9955555555555555,0.0,0.4577777777777778,363,0.5377777777777778,60.04337908328179,148.00644799999992,2.2460711847984705,9,0,0.6744346216263246,0.5361214625515126,3.3992276366834986,4,0,0.7164718863155914,0.52863361105972,2.5243511052561516,6,1.4899999999999993,0.8227355767890782,2.7469463029375873,0.7761313434110733,40.50040986030605,-0.006078483673954645,0.09185185185185185,0.09185185185185185,0.28609064969640485,-0.0183711143593142
31262,s31262.csv,675,3.512,10.292,6.779999999999999,1.0,0.0,0.0,675,1.0,83.6301745368013,287.5224809999999,1.2939348848780072,0.7777777777777778,0.0,0.56,147,0.21777777777777776,5.155743551392488,8.241446000000003,1.8338819809474303,9,0,0.6946333820647301,0.5266393375982338,3.0352602069342165,4,0,0.7298732459024664,0.5200950498549273,2.5786394354052127,6,1.4999999999999991,0.9856801415431093,3.403457388391647,0.6286322550489203,98.56322095782538,-0.011673946802940203,0.12444444444444444,0.12444444444444444,0.2436977325305661,0.1033012239598591
31265,s31265.csv,1445,0.502,14.992,14.49,0.9889273356401385,0.0,0.0,1429,0.9889273356401385,131.59578130010686,461.73791200000005,1.1078829524167486,0.7335640138408305,0.0,0.6048442906574395,186,0.128719723183391,66.81706400778621,130.00881750000002,7.812102801422023,9,0,0.8851392688326453,0.3291453014659627,4.9057667082818135,4,0,0.9263462534184478,0.26535173396180756,3.947852704541404,19,0.39999999999999947,0.871821925061842,3.5805877229632452,0.6625923397960951,138.42759014341274,0.034592491466090614,0.10519031141868512,0.11003460207612457,0.5796070677211252,0.09029526800872029
31266,s31266.csv,597,3.012,8.992,5.98,0.9949748743718593,0.0,0.0,594,0.9949748743718593,111.03821798881,344.26560400000005,1.4010568475310714,0.07035175879396985,0.0,0.0,42,0.07035175879396985,114.52854516902832,361.1044905,0.7147869163513784,9,0,0.7030280511287498,0.5006454058436299,3.5602240737568334,4,0,0.5684302101682687,0.6548068277880019,4.48729532184567,3,1.9999999999999998,0.913926994638915,3.051308790982964,0.7964209982767428,22.625303430811513,0.012879391506718125,0.12395309882747069,0.1407035175879397,0.4128438844001175,0.17037463039571515
31268,s31268.csv,796,3.012,10.992,7.98,1.0,0.0,0.0,796,1.0,74.72577062374718,227.06394750000004,1.6914731719047387,0.9974874371859297,0.0,0.5050251256281407,392,0.49246231155778897,22.555075990435743,67.43718199999999,2.3587235363976937,9,0,0.4572799639285719,0.7170603155587806,3.6505094493882915,4,0,0.5024090092892034,0.6968729018104399,4.162812433755371,7,0.9950000000000001,0.6226223008090915,7.526641447635717,0.4005867598374765,231.9582385345013,0.010759969873763098,0.1444723618090452,0.15326633165829145,0.39696060025885876,0.02133751944986016
31270,s31270.csv,796,3.012,10.992,7.98,0.9937185929648241,0.0,0.0,791,0.9937185929648241,161.91065849392214,545.4662149999999,1.394223178100297,1.0,0.0,0.44095477386934673,445,0.5590452261306532,9.202227051967778,25.652227999999965,7.171859475783768,9,0,0.6691045160400333,0.5471037406342903,3.428082192516147,4,0,0.6330321036728326,0.5752353755547508,2.367223063285876,6,1.2699999999999996,0.7387576779567302,4.000898808405482,0.8250065650041319,19.831900310231028,0.018615464261449374,0.056532663316582916,0.056532663316582916,0.4959078163185292,0.05284258176322259
31271,s31271.csv,796,3.012,10.992,7.98,0.9987437185929648,0.0,0.0,795,0.9987437185929648,186.63285310205882,624.569902,1.1834986809455905,0.0,0.0,0.0,0,0.0,,,,9,0,0.6066371415603311,0.5921969652725424,3.604011963408712,4,0,0.546303113374858,0.6702405426661884,2.653429061597941,6,0.25,0.8254912036017523,4.971029322208905,0.799421652020521,65.76390687555707,0.002189727276357273,0.0414572864321608,0.0414572864321608,0.42043389269244646,0.05861576204681952
31272,s31272.csv,796,3.012,10.992,7.98,0.9937185929648241,0.0,0.0,791,0.9937185929648241,218.10858349557148,701.2864500000001,1.2699749831777343,0.9937185929648241,0.0,0.26884422110552764,577,0.7248743718592965,43.84847373225165,133.07325399999996,1.0647457002290874,9,0,0.603281495454453,0.5835177976201342,3.256784955203323,4,0,0.4296572032574738,0.7535323723336511,3.1137431099467734,6,1.9799999999999995,0.6924241448173678,7.326645309112177,0.7162021491879955,102.39358410482066,0.022410914425663397,0.04648241206030151,0.04773869346733668,0.6376833527881824,-0.009453696140955955
31273,s31273.csv,796,3.012,10.992,7.98,0.9987437185929648,0.0,0.0,795,0.9987437185929648,104.47765339770974,312.610363,1.8446727089635122,1.0,0.0,0.15577889447236182,672,0.8442211055276382,8.732503971585684,28.19643999999999,0.7396487598994086,9,0,0.8388623626852483,0.398772390282305,7.952588577967988,4,0,0.6724968007711456,0.5620153425804197,3.5191451371350606,14,0.31999999999999984,0.7351238591916558,4.816917097627358,0.7503046297192677,54.103357420682656,0.03830074501256561,0.04396984924623116,0.04396984924623116,0.35990548138389306,0.08506948996424046
31274,s31274.csv,796,3.012,10.992,7.98,1.0,0.0,0.0,796,1.0,136.2533251847065,418.76348499999995,1.3958116808079675,0.7663316582914573,0.0,0.3768844221105528,310,0.38944723618090454,19.07336732220714,50.18875600000001,2.8011181520014716,9,0,0.8725177251520662,0.35719251023779197,10.383779542804024,4,0,0.6535713730896997,0.5864816039021079,3.6500988031702057,11,0.2550000000000001,0.6971694716947171,3.235566627858803,0.9126395633383187,6.603177900201995,0.00920077515454729,0.06532663316582915,0.07537688442211055,0.42047308854532633,0.17066565673483403
31275,s31275.csv,249,3.012,5.502,2.4899999999999998,0.9799196787148594,0.004016064257028112,0.0,243,0.9759036144578314,324.0249843903584,1028.0828269999997,0.9961772942717795,0.0,0.0,0.0,0,0.0,,,,9,0,0.37638077664276554,0.7323019260519872,3.520539291968253,4,0,0.8909533290494147,0.33029463372038786,6.9372977294963345,9,0.029999999999999805,0.5173313069635481,6.574142871577216,0.5217436946929579,73.0531867493693,-0.02556361377504815,0.13654618473895583,0.14859437751004015,0.5152013392561327,0.47491980169955633
31276,s31276.csv,756,3.012,10.592,7.58,1.0,0.0026455026455026454,0.0,754,0.9973544973544973,172.04593041885505,537.9580480000001,0.5675359328538238,0.03968253968253968,0.0,0.026455026455026454,10,0.013227513227513227,12.161654442829766,30.2926365,1.2636701152383345,9,0,0.8543177496277314,0.37387780867325676,2.389881383274507,4,0,0.7371303792319879,0.5083447720183878,4.713550580222515,19,0.19999999999999996,0.29201176491816827,12.697051042999789,0.3205119924346902,362.66012879881924,0.004655086323792098,0.12566137566137567,0.13095238095238096,0.2494788536212434,0.11739933176907645
31282,s31282.csv,252,6.312,8.832,2.5200000000000005,1.0,0.007936507936507936,0.0,250,0.9920634920634921,175.50208313567455,602.8292479999998,2.859635427018171,1.0,0.0,0.996031746031746,1,0.003968253968253968,,,,9,0,0.5924822171188501,0.5524308702400665,6.613914569664944,4,0,0.2402657084788465,0.8651968437083624,2.7367700808181814,4,0.009999999999999787,0.7612231840294111,4.427799054075211,0.8667863854162449,2.7949240954116363,0.004772705912740337,0.051587301587301584,0.05555555555555555,0.5472017067179724,0.0842748079456379
31283,s31283.csv,517,4.002,9.192,5.19,0.9961315280464217,0.0,0.0,515,0.9961315280464217,317.49530760298404,971.1972599999999,1.6447528565021818,1.0,0.0,0.9980657640232108,1,0.0019342359767891683,,,,9,0,0.8375170623721859,0.37124378357355664,3.6405430952764384,4,0,0.3074010931361613,0.8291182978012397,2.7148253068932955,4,1.2700000000000005,0.45560460788754176,7.552829540676161,0.8181832279952052,21.534825747790084,0.018248406701759562,0.048355899419729204,0.05609284332688588,0.4111574554433362,0.021765466900621474
31289,s31289.csv,288,6.312,9.192,2.88,1.0,0.0,0.0,288,1.0,290.56730158746495,927.2404735000001,2.703773503275066,1.0,0.0,0.9965277777777778,1,0.003472222222222222,,,,9,0,0.17199922945650065,0.8852997575452446,3.31349848764478,4,0,0.07227024496116506,0.9727075172779743,5.010111679295004,1,,0.6022586868402224,9.300004049059993,0.8466317765202762,5.597942337008904,-0.006243044258481137,0.034722222222222224,0.034722222222222224,0.41332696288289583,0.0815625310113327
31318,s31318.csv,250,1.002,3.512,2.51,0.988,0.004,0.0,246,0.984,73.79877883326212,162.69737,1.5598108544555003,0.4,0.0,0.396,1,0.004,,,,9,0,0.7512194174972064,0.4667256782560793,6.60600793033387,4,0,0.8570262416992165,0.35984916393479754,6.989983226171359,3,1.255,0.7792213564207149,1.0912572928109356,0.7859292762852059,8.605696982065488,-0.023317890835581976,0.1,0.1,0.6688802021551356,0.011388595665881223
31319,s31319.csv,249,1.002,3.492,2.49,0.9839357429718876,0.0,0.0,245,0.9839357429718876,44.04523462466053,150.0855,1.459382137914613,0.6947791164658634,0.0,0.6907630522088354,1,0.004016064257028112,,,,9,0,0.39429799300047963,0.6343011905694796,8.108223372889546,4,0,0.8406917156786776,0.3719074111565953,7.93759068843533,2,,0.8665375575197799,3.825802197287767,0.2694981168587353,186.3537558916878,0.0012500380330035413,0.10441767068273092,0.10441767068273092,0.9836096970456704,0.9496653072409835
31320,s31320.csv,249,1.002,3.492,2.49,0.9959839357429718,0.0,0.0,248,0.9959839357429718,40.14715282484525,119.66876199999994,1.4650655115444708,0.5983935742971888,0.0,0.5943775100401606,1,0.004016064257028112,,,,9,0,0.7974278843222238,0.4284637362805236,6.850184002797607,4,0,0.7402167913877037,0.4912187907300082,5.035764263041633,2,,0.9827812212594573,0.9610547804827089,0.8829759711118734,3.352120139749011,-0.13699760774402842,0.020080321285140562,0.020080321285140562,0.11840657501605406,-0.2318699855199316
31321,s31321.csv,762,1.002,8.662,7.660000000000001,0.9973753280839895,0.0,0.0,760,0.9973753280839895,48.41760852848889,167.73629799999998,1.0963252469757478,0.9868766404199475,0.0,0.0026246719160104987,750,0.984251968503937,44.05047196857281,144.49659699999998,1.2831633806616833,9,0,0.7399625519929733,0.4879994191837095,2.8502391951266604,4,0,0.8882822996245958,0.3253465914895457,5.518820122411727,14,0.019999999999999574,0.3358335833583368,0.9109348383584698,0.8531621066167364,51.07360440039476,0.022692241660531583,0.01706036745406824,0.01837270341207349,0.500118920159599,0.6248027883019065
31322,s31322.csv,790,1.002,8.942,7.94,0.9962025316455696,0.0,0.0,787,0.9962025316455696,53.121152221814214,183.06548600000002,0.9477213372630363,0.8886075949367088,0.0,0.22151898734177214,527,0.6670886075949367,28.938650901067252,52.284223,2.553500127996873,9,0,0.8164480451517574,0.41301895256497206,2.391740544697953,4,0,0.894624411515877,0.3174454391773086,6.679152045400529,7,1.4999999999999998,0.37884093846785377,0.9010960256543226,0.9357593257892274,4.337372936017351,-0.023513807775369273,0.007594936708860759,0.010126582278481013,0.2793604532217227,0.28843856269388557
31323,s31323.csv,261,1.002,3.622,2.62,0.7318007662835249,0.0,0.0,191,0.7318007662835249,56.844737885385115,181.09482999999997,1.0252062750742341,0.9042145593869731,0.0,0.4789272030651341,111,0.42528735632183906,9.553500152246919,22.515944999999995,2.1356654546440472,9,0,0.8019369500889421,0.4231752782017602,3.722057126424122,4,0,0.7966869065607982,0.44805001818634305,5.649500449945103,7,0.41000000000000014,0.6547505355806216,2.7295205933299544,0.24468820428762245,183.55215296633486,0.017632989698350116,0.011494252873563218,0.01532567049808429,0.9658028113354601,0.23423884490057237
31324,s31324.csv,296,1.002,3.972,2.9699999999999998,0.9527027027027027,0.0,0.0,282,0.9527027027027027,57.31871642810007,163.21461999999997,0.675989368832163,0.8547297297297297,0.0,0.5337837837837838,95,0.32094594594594594,81.98168037600121,141.427209,0.6471529416400515,9,0,0.7007050494255392,0.5254629224566078,3.318300220850233,4,0,0.8514568510828613,0.3815240514570565,7.329521732375221,4,1.01,0.38895107020961955,0.9705446446748833,0.7061424069959897,26.256084623711295,0.04724221056339998,0.08783783783783784,0.08783783783783784,0.9153243463605659,0.5551554590593801
31325,s31325.csv,845,1.002,9.492,8.49,0.9893491124260355,0.0035502958579881655,0.0,833,0.9857988165680474,95.61000579297912,198.06271,1.0079589300293232,0.28994082840236685,0.0,0.0,245,0.28994082840236685,9.66635001579263,27.064076,0.2261886557957616,9,0,0.9396688218616904,0.24271532380833433,2.250041832750742,4,0,0.9547588197370794,0.21065492682445197,4.039979706625851,11,0.5100000000000003,0.16649420160570969,0.8753721052592769,0.9636809715510034,0.9002824938588483,-0.019453960683729586,0.005917159763313609,0.011834319526627219,0.5017404996886796,-0.12133328549117288
31326,s31326.csv,664,1.002,7.672,6.67,0.9954819277108434,0.0,0.0,661,0.9954819277108434,42.97412058247701,103.55006999999999,1.0666543519451224,0.6822289156626506,0.0,0.2605421686746988,280,0.42168674698795183,132.89475029657993,198.824736,5.638965631041137,9,0,0.8606741059096098,0.366838213774826,2.162127259191275,4,0,0.7848444349542314,0.4453254193636782,4.87043093275388,9,0.5100000000000003,0.18402266452950494,1.0710056508441146,0.7145524025918218,140.3445397796763,-0.02582446712807205,0.012048192771084338,0.012048192771084338,0.3057415152898464,0.29192165590490005
31327,s31327.csv,842,1.032,9.492,8.46,0.9869358669833729,0.0023752969121140144,0.0,829,0.9845605700712589,126.07879569421766,228.50793,0.5687237970724723,0.21258907363420426,0.0,0.20546318289786222,6,0.007125890736342043,9.278477719560946,23.485817499999996,,9,0,0.9437093462956585,0.23189439514135077,2.509445803566834,4,0,0.9582477152119724,0.20300735832101452,4.906530873599113,6,1.5,0.5917252131335089,0.9707300986479626,0.951129726565084,1.8474614046864821,-0.010672374687294242,0.009501187648456057,0.013064133016627079,0.26288557242400284,-0.05182625074480381
31328,s31328.csv,398,1.002,4.992,3.99,1.0,0.0,0.0,398,1.0,39.37567534002026,116.39226499999998,0.8679464130948664,0.9371859296482412,0.0,0.9221105527638191,6,0.01507537688442211,5.910429617846226,15.042962500000002,,9,0,0.8158308619835043,0.41441378355193614,6.636650467400005,4,0,0.6796602354276264,0.5598229986192482,3.182773313596727,3,1.255,0.24426009611001842,1.0298617974302897,0.9334880238715806,0.8898493840225414,-0.01681756360251245,0.01256281407035176,0.01256281407035176,0.20905349805863327,-0.13247591637748354
31329,s31329.csv,398,1.002,4.992,3.99,1.0,0.0,0.0,398,1.0,37.89683490353168,122.714576,0.9884036505606263,0.3417085427135678,0.0,0.0,136,0.3417085427135678,17.132280647447473,15.033204999999995,2.859776753548723,9,0,0.7899423378607752,0.43854905582680126,3.2716264012457894,4,0,0.4575511283065712,0.7213928030830941,3.287981580844876,6,0.010000000000000009,0.37979020789230966,0.7319038644132568,0.9559047393952023,-0.04170610910692796,0.029455977693448383,0.0,0.0,0.1740967891660267,-0.11631918975152833
31331,s31331.csv,2,5.572,5.582,0.009999999999999787,0.5,0.5,0.0,0,0.0,,,,1.0,0.0,0.5,1,0.5,,,,9,0,,,,4,0,,,,0,,,,,,,0.0,0.0,,
31334,s31334.csv,24,11.762,11.992,0.23000000000000043,0.375,0.0,0.0,9,0.375,54.15777187555451,149.043524,3.4814876347870594,1.0,0.0,0.9583333333333334,1,0.041666666666666664,,,,9,0,0.05613826154801568,0.9534904450981551,4.674630572945799,4,4,1.0,,,0,,,,,,,0.0,0.0,0.8241054740401919,
31335,s31335.csv,592,2.512,8.482,5.969999999999999,0.8918918918918919,0.013513513513513514,0.0,520,0.8783783783783784,299.05664081492296,735.0611335,4.769950485151533,0.9679054054054054,0.0,0.8445945945945946,73,0.12331081081081081,25.437910420031567,72.02160999999995,2.849632119302608,9,0,0.5774711253699878,0.6318751425234618,2.8218360265020683,4,0,0.6103070285783859,0.6214331779452926,3.4331453348227727,8,0.7600000000000007,0.3995827575003383,4.756547699911792,0.8240280818063634,26.347637499364225,-0.07248191660176516,0.060810810810810814,0.06756756756756757,0.5231354830064734,0.06496365649013595
31336,s31336.csv,592,2.512,8.482,5.969999999999999,0.7871621621621622,0.011824324324324325,0.0,459,0.7753378378378378,302.885373496982,905.1415869999998,3.2405143795665263,1.0,0.0,0.3885135135135135,362,0.6114864864864865,15.586680480366068,48.450108499999985,1.8542926898044914,9,0,0.4635329606748732,0.7125872638980955,2.541277055216484,4,0,0.3886136560996079,0.7516458359993183,3.306946380133653,6,1.2700000000000005,0.2673750622613318,8.9428426607294,0.47109240053479334,274.08992189132124,-0.004857525666149666,0.09797297297297297,0.11148648648648649,0.10500911617448867,0.06104281830165285
31337,s31337.csv,592,2.512,8.482,5.969999999999999,0.9290540540540541,0.010135135135135136,0.0,544,0.918918918918919,296.64867111474075,799.4294430000002,3.1040450527441332,0.6081081081081081,0.0,0.25675675675675674,208,0.35135135135135137,48.66103266022276,47.086271999999994,2.430650179026908,9,0,0.3136191137959331,0.8067481915867492,2.828607644471638,4,0,0.5036100655657589,0.7036514754037544,2.941699471444509,12,0.34000000000000075,0.44372130165701573,4.617651080782587,0.8301129732844009,15.519657430248465,-0.00153550747047378,0.06756756756756757,0.07601351351351351,0.6309382358055491,0.08253358180654259
31338,s31338.csv,592,2.512,8.482,5.969999999999999,0.8277027027027027,0.013513513513513514,0.0,482,0.8141891891891891,331.0267700863475,963.9920584999993,4.396385297883948,1.0,0.0,0.33783783783783783,392,0.6621621621621622,4.79636442735556,15.702973,1.6370981117800756,9,0,0.49834146739519813,0.6924508814854918,2.4560176402382403,4,0,0.16317870287496444,0.9312272633127062,3.1790307528342403,12,0.25,0.3694175659123165,5.259124753318675,0.8202304446016024,18.47679330205284,-0.00016229093367398713,0.08108108108108109,0.08952702702702703,0.6283040264670973,0.04143432961508285
31339,s31339.csv,590,2.512,8.482,5.969999999999999,0.6220338983050847,0.010169491525423728,0.0,361,0.611864406779661,370.78191801527123,1055.03604,1.3997181434484194,0.8966101694915254,0.0,0.2542372881355932,379,0.6423728813559322,29.462848087338323,20.682533999999997,1.2470333610189173,9,0,0.457594012490124,0.7282727579463351,4.540545658438309,4,0,0.6452159414310716,0.5556715357210242,3.9369451370530024,2,,0.3423856611903072,4.955085600972299,0.764345437001616,33.228874612441416,0.045264177583880336,0.07288135593220339,0.0847457627118644,0.6109986444552206,-0.00600162965181302
31340,s31340.csv,49,3.212,3.692,0.48,0.4897959183673469,0.0,0.0,24,0.4897959183673469,473.7949581687587,457.8738129999999,2.9427835532265774,1.0,0.0,0.6122448979591837,19,0.3877551020408163,11.727760597392912,33.304073,1.992523681506107,9,0,0.12386289242925022,0.9207932420678973,2.6299084692101395,4,0,0.1736962169498069,0.8809659802112072,3.129081766373962,0,,0.784644753325776,3.4648214338803447,0.7524404383799629,0.05461646506276541,0.0502450471708183,0.0,0.0,-0.5269858293824468,0.09460840428132004
31341,s31341.csv,49,3.212,3.692,0.48,0.8367346938775511,0.061224489795918366,0.0,38,0.7755102040816326,530.4312196440517,1632.8525609999995,16.06470322130142,1.0,0.0,0.9795918367346939,1,0.02040816326530612,,,,9,0,0.12235839898555449,0.9539036155778211,4.389062277002589,4,0,0.29666202170531986,0.8513288936033758,3.433891786701045,0,,0.8480046734090332,11.615849641032655,0.21040530821779535,23.379741275663424,-0.0008799764567387208,0.08163265306122448,0.08163265306122448,-0.2839871888361421,0.7408596931250305
31342,s31342.csv,396,4.262,8.242,3.9800000000000013,1.0,0.0,0.0,396,1.0,199.4625681997131,645.1440325000001,1.226355206810099,1.0,0.0,0.9974747474747475,1,0.0025252525252525255,,,,9,0,0.5636403331102273,0.6457107308963005,3.4020907494100467,4,0,0.5579249745852178,0.6627104308545275,3.8775936999151184,5,1.0,0.7814159776597468,5.553634510643791,0.7472817898127363,22.001597925259354,0.0005617318597408369,0.15151515151515152,0.15656565656565657,0.27118806737729095,0.002898599966242463
31343,s31343.csv,396,4.762,8.742,3.9800000000000013,0.9974747474747475,0.0,0.0,395,0.9974747474747475,118.99344728048855,439.1715109999998,1.657282048719129,1.0,0.0,0.7171717171717171,112,0.2828282828282828,9.565850288146144,29.910285999999985,1.2001901764984015,9,0,0.6847008674331613,0.5539188710153219,3.213078681597433,4,0,0.6246524388476633,0.5978325496639714,3.268156702763238,4,1.0,0.24876321248977096,3.9561062861114955,0.6882622574977845,29.37791180770903,0.041190668101434375,0.14393939393939395,0.14898989898989898,0.5706492989592223,0.048145738641302616
31344,s31344.csv,239,6.102,8.492,2.3900000000000006,0.799163179916318,0.029288702928870293,0.0,184,0.7698744769874477,465.0723877331116,1861.6672669999994,14.237409990363075,0.7656903765690377,0.0,0.21338912133891214,132,0.5523012552301255,21.654949831809265,67.6558415,2.785574642442265,9,0,0.81154544551415,0.39204832305254866,7.479518004741178,4,0,0.9427538904197581,0.23853175838479115,6.1838526692477584,5,0.5899999999999994,0.5931243073897884,10.799288202180149,0.38861847522268794,147.31167724202407,-0.00012413045420571416,0.04184100418410042,0.04602510460251046,0.9550973232747367,-0.03662671394815416
31345,s31345.csv,239,6.102,8.492,2.3900000000000006,0.7112970711297071,0.012552301255230125,0.0,167,0.698744769874477,257.7444590928615,545.2921469999999,2.23657209953824,1.0,0.0,0.0041841004184100415,238,0.99581589958159,8.11456023588587,24.249824999999994,2.1439117043514537,9,0,0.8529719058596347,0.34021922346795974,5.287662117771733,4,0,0.9304007407589137,0.25048786800758266,3.595606409992417,4,1.0,0.5094239539148645,5.878883344996583,0.6908037567407002,38.517371535229636,-0.048764008354162156,0.06276150627615062,0.06276150627615062,0.4201605441525776,-0.11589548290514726
31351,s31351.csv,198,4.002,5.982,1.9800000000000004,1.0,0.0,0.0,198,1.0,67.12040211171049,165.14562549999994,2.1005137561059652,0.9797979797979798,0.0,0.1919191919191919,156,0.7878787878787878,28.66088439196828,59.2233375,2.139124788197517,9,0,0.733815094279083,0.5001183440998732,2.5647200780588553,4,0,0.45916557583654494,0.7273057314346579,3.5756943904702876,4,0.010000000000000675,0.6190090017030234,15.966430591303801,0.779704255695131,6.499086931821825,-0.040464221158208774,0.1414141414141414,0.15151515151515152,0.6785950335249127,-0.14352008903668254
31354,s31354.csv,297,3.002,5.982,2.9800000000000004,0.98989898989899,0.006734006734006734,0.0,292,0.9831649831649831,401.2568081159677,1251.3557224999988,4.704422709107475,1.0,0.0,0.9057239057239057,28,0.09427609427609428,8.514387471634404,24.68095050000001,1.388832186173263,9,0,0.9043249814510559,0.3114464485966563,8.704705788363365,4,0,0.9458312833313796,0.2355328222140546,25.308866114383992,9,0.10000000000000009,0.7765019690961923,12.255568402396337,0.5071391414877279,58.17067256532164,0.36621317671618114,0.1750841750841751,0.1750841750841751,0.9738892694987493,0.7195869349539323
31357,s31357.csv,396,3.002,6.982,3.9800000000000004,1.0,0.0,0.0,396,1.0,80.0225224146477,274.2271825,1.3104884161207309,0.1111111111111111,0.0,0.0,44,0.1111111111111111,95.61161429415057,128.602736,12.99358881799743,9,0,0.5889779575806633,0.6300270848117545,3.005781787488178,4,0,0.7471589696828715,0.48353008218297056,3.51507392292651,4,1.0,0.37741956650117103,5.422116174204257,0.8454953362460047,8.762178887155931,-0.018960884592189947,0.2398989898989899,0.2398989898989899,0.8689205178392709,-0.07573462012095256
31358,s31358.csv,396,4.002,7.982,3.9800000000000004,0.8762626262626263,0.007575757575757576,0.0,344,0.8686868686868687,219.3458751181528,410.30508999999915,7.094286222415258,1.0,0.0,0.9974747474747475,1,0.0025252525252525255,,,,9,0,0.7668015910985245,0.48701418529390295,3.7075800409828763,4,0,0.5155222972241218,0.6172519369155947,7.717741124544043,10,0.22999999999999954,0.5344160544466727,15.44187737007531,0.924813451783043,2.417820122639978,-0.02893246811214258,0.050505050505050504,0.05555555555555555,0.8245889062799011,0.6186999897204101
31359,s31359.csv,297,4.002,6.982,2.9800000000000004,0.7946127946127947,0.006734006734006734,0.0,234,0.7878787878787878,454.76564356449103,1530.8645884999999,5.59181716709155,1.0,0.0,0.1717171717171717,246,0.8282828282828283,31.85324971572258,92.3104775,0.5818285326361942,9,0,0.6803762567633375,0.5505253754092451,4.202004381998448,4,0,0.7333506864032479,0.5200771854536534,10.843213550447858,22,0.04999999999999982,0.7054248037093682,8.30893924519717,0.729027973571088,32.49085179251594,-0.06637254541017132,0.16161616161616163,0.16835016835016836,0.7923870434617833,0.3162141045706117
31361,s31361.csv,833,0.502,8.892,8.389999999999999,0.8451380552220888,0.0024009603841536613,0.0,702,0.8427370948379351,323.2556204155561,1120.9728349999998,1.8322141720366438,0.2737094837935174,0.0,0.062424969987995196,176,0.2112845138055222,90.6682957937501,245.96545500000002,0.6180256843914261,9,0,0.9495840814963002,0.2102556044340348,9.346120460844851,4,0,0.8052628123655253,0.44038606255650015,3.3862799237545183,9,1.0,0.3562169579257501,25.910126064202235,0.12606588685858897,735.9715953211797,-0.002567110365607807,0.10204081632653061,0.10324129651860744,0.9860179724263771,-0.011637312172309719
31362,s31362.csv,833,0.502,8.892,8.389999999999999,0.8595438175270108,0.0,0.0,716,0.8595438175270108,379.5971933547985,1290.8270225,1.9792783511328311,0.8499399759903962,0.0,0.2112845138055222,532,0.6386554621848739,14.852127766407888,51.36844,1.5710521592432802,9,0,0.961414190856253,0.1839115389917387,9.044856521097643,4,0,0.7725351276575978,0.47556671629771924,3.205970202235581,8,1.0,0.26384251108008006,5.76704036002219,0.6579445834372681,116.13348211202252,0.015056623307176555,0.08883553421368548,0.09123649459783914,0.8216092250073671,0.12252699199328736
31364,s31364.csv,833,0.502,8.892,8.389999999999999,0.8619447779111644,0.0,0.0,718,0.8619447779111644,351.23223625965517,1269.2193269999998,1.8081800220052282,0.5690276110444178,0.0,0.3745498199279712,162,0.19447779111644659,47.71923429060129,55.836403000000004,3.535909012647973,9,0,0.9339973739474475,0.23313022044794665,9.865990267440878,4,0,0.7631530215266961,0.4708293876446641,3.646248018637364,7,1.0,0.5335868929198362,8.788617294763867,0.8482435243804428,24.46455569353739,0.02259580856104227,0.024009603841536616,0.031212484993997598,0.61375833756954,0.23860107894802313
31365,s31365.csv,140,0.502,1.892,1.39,0.24285714285714285,0.007142857142857143,0.0,33,0.2357142857142857,331.32606817254145,1048.747722,0.3941528368758237,0.8214285714285714,0.0,0.35714285714285715,65,0.4642857142857143,14.292345653720716,47.683284,0.2764451383675307,9,0,0.994764220912942,0.06973121725347108,2.1837847187813457,4,0,0.9885497178833023,0.10530049833707146,29.232742240619928,4,0.16000000000000014,0.5346832213176204,2.5509386294449827,0.6136364010184057,15.216871774913127,-0.36948618112643217,0.2,0.22142857142857142,0.7745663859396225,0.649987598041886
31366,s31366.csv,171,0.502,2.212,1.7100000000000002,0.5789473684210527,0.0,0.0,99,0.5789473684210527,400.4799854126207,747.4347459999999,0.27393948751004965,0.4093567251461988,0.0,0.40350877192982454,1,0.005847953216374269,,,,9,0,0.9738621252979605,0.1569247294199067,3.0214614178802988,4,0,0.9759286669410383,0.15517938388349825,20.07404328977921,10,0.0900000000000003,0.4479954149722988,2.2686774771610136,0.6650649493006832,13.036143876571252,-0.0132252925424934,0.17543859649122806,0.18128654970760233,0.7706859978727305,0.2736911336968984
31367,s31367.csv,833,0.502,8.892,8.389999999999999,0.8979591836734694,0.0024009603841536613,0.0,746,0.8955582232893158,394.79347122364356,1421.6046700000002,1.6980420218015244,0.0,0.0,0.0,0,0.0,,,,9,0,0.9419634286116065,0.2224688538980232,8.810561224245234,4,0,0.7322141309552318,0.4680879796415589,5.6332053900288175,7,1.0,0.4843208799344281,6.868858998702885,0.8724030587542034,21.984974794447393,-0.09043077523362485,0.08763505402160865,0.09123649459783914,0.5697983889462985,0.12074323891016453
31368,s31368.csv,833,0.502,8.892,8.389999999999999,0.8871548619447779,0.006002400960384154,0.0,734,0.8811524609843937,438.297451859675,1637.0539665000001,1.4927796163409823,0.7863145258103241,0.0,0.18127250900360145,504,0.6050420168067226,52.32732838499214,141.7771905,1.915023104521748,9,0,0.9228433338403962,0.2686530951747652,7.219616198733484,4,0,0.8863096616824278,0.34005663962803934,3.263128754851698,13,0.4849999999999999,0.35509983346781804,5.1444841011826306,0.8514634347064989,23.122534735995394,0.03494345012496136,0.14165666266506602,0.1452581032412965,0.7949322289434758,0.06389227416746997
31369,s31369.csv,833,0.502,8.892,8.389999999999999,0.9039615846338536,0.006002400960384154,0.0,748,0.8979591836734694,398.77536500149586,1354.4345354999998,2.1553834736782114,0.8211284513805522,0.0,0.5858343337334934,196,0.23529411764705882,15.198201802669589,46.82959000000001,1.441417336371568,9,0,0.9174901970310907,0.2656367458760138,7.881949128408043,4,0,0.7018925402509963,0.5327425185617274,2.3497211961058677,16,0.3100000000000005,0.6869297203866145,16.322345388144758,0.32978679271962225,303.85418241900135,0.0017262368489038295,0.10084033613445378,0.10684273709483794,0.6596299123503753,0.05181010528748658
31370,s31370.csv,396,2.502,6.482,3.9800000000000004,0.9974747474747475,0.0,0.0,395,0.9974747474747475,51.73662677119741,147.45529699999986,2.6519670905176462,1.0,0.0,0.13131313131313133,344,0.8686868686868687,8.966559246667583,26.165671000000003,1.1632101840721756,9,0,0.37538333166358373,0.7811200491917443,3.3707705162263037,4,0,0.1594241662484522,0.9121095780697371,3.3611283928395266,4,1.0,0.41055676582979117,1.2576396100939333,0.9345627262432438,0.9269311893753287,-0.026360622849002403,0.0,0.0,0.22000042850701557,0.02055584858530445
31372,s31372.csv,246,2.502,4.972,2.4700000000000006,0.975609756097561,0.0,0.0,240,0.975609756097561,54.37909460342323,152.66552199999995,2.5628883668533033,0.8495934959349594,0.0,0.2073170731707317,158,0.6422764227642277,38.94451916833571,107.80601900000002,0.2827731803289927,9,0,0.5803477301359644,0.6015045988649407,2.9228513867378996,4,0,0.8231320269047194,0.36739261696227044,2.9285517496650866,6,0.40000000000000036,0.47710993459981327,1.2489194594071726,0.9151588550659281,0.7650930112366658,-0.05323866458135565,0.0,0.0040650406504065045,0.240221273769782,0.08822564155716785
31373,s31373.csv,396,2.502,6.482,3.9800000000000004,0.6111111111111112,0.012626262626262626,0.0,237,0.5984848484848485,366.4222744669533,1136.2352179999996,3.5068142342849837,0.9974747474747475,0.0,0.005050505050505051,393,0.9924242424242424,39.500144665988294,118.17409,1.1675828965558506,9,0,0.7819545837313495,0.47025506335112877,3.0855869223159402,4,0,0.7116116709330673,0.5375462913424016,8.053096442209227,29,0.05000000000000071,0.41356335270662226,6.04725539362119,0.8721548869228543,6.0947707851654815,-0.03242335460697936,0.17424242424242425,0.18434343434343434,0.7353774182263664,0.5833770157276394
31374,s31374.csv,396,2.502,6.482,3.9800000000000004,0.9974747474747475,0.0,0.0,395,0.9974747474747475,62.5086079775621,150.02323699999997,2.2347260456442317,0.9924242424242424,0.0,0.005050505050505051,391,0.9873737373737373,20.677040254604172,66.80297,1.1091819870018016,9,0,0.732459693293003,0.51115845277578,3.786281873494052,4,0,0.05527999319470177,0.9767881149261715,3.187120750860129,6,0.9900000000000002,0.7654398790017646,1.4165513757001413,0.9552629659661435,0.054319721902886364,0.011852493852778378,0.0,0.0,0.17989277337506235,-0.056554495112545386
31375,s31375.csv,99,3.502,4.482,0.9800000000000004,1.0,0.0,0.0,99,1.0,59.52238444692664,183.232701,1.6155529091816516,1.0,0.0,0.0,99,1.0,5.906993325307466,18.064078000000002,1.8554323367714283,9,0,0.7545581259508065,0.48190422032290386,2.772586029772934,4,0,0.47463002934166654,0.7082700522066898,3.0570277374161745,11,0.010000000000000453,0.7390197926484433,1.616708524594698,0.8610234946437041,0.22865387211925148,0.016248521481148904,0.0,0.0,0.2735346641220074,-0.2877118982808575
31376,s31376.csv,189,3.502,5.392,1.8900000000000006,0.8677248677248677,0.08994708994708994,0.0,147,0.7777777777777778,688.5070286143681,1966.1863319999993,2.6252892971697976,1.0,0.0,0.0,189,1.0,3.287249238537171,7.916889999999995,2.237291526715512,9,0,0.7860538067492787,0.44283071089206705,3.5556049919153137,4,0,0.8597886831687804,0.36348750775908467,3.493150857368322,17,0.0349999999999997,0.8082942622620473,14.318922056002487,0.4535162147384962,62.729200316691355,0.057880205905852515,0.17989417989417988,0.18518518518518517,0.6514312565199092,0.2151034219227328
31377,s31377.csv,99,3.502,4.482,0.9800000000000004,0.98989898989899,0.0,0.0,98,0.98989898989899,50.082710499860966,132.09262999999996,2.50554495421065,1.0,0.0,0.5252525252525253,47,0.47474747474747475,24.458753640553027,81.22861999999998,0.9582702397338709,9,0,0.19532150460668843,0.8430737800450261,3.346527275252888,4,0,0.013892619876008533,0.9905437637788179,3.5563218263362577,1,,0.7027742198826141,1.332715021239303,0.8372947362671934,1.0303002620802222,-0.03767790449997713,0.0,0.0,0.04790055715271099,-0.4072738317479219
31379,s31379.csv,396,2.212,6.192,3.98,0.9924242424242424,0.0,0.0,393,0.9924242424242424,215.8163889328775,742.164198,2.4772709911715025,1.0,0.0,0.8888888888888888,44,0.1111111111111111,19.26129999639745,60.07572400000001,2.7419502184219366,9,0,0.5050633358176916,0.6915325825350906,3.105165336375016,4,0,0.2759043600327235,0.8524954602325402,3.1108607595859734,4,1.0,0.5051525458145085,17.615231300905283,0.2614755109897373,205.50814841528455,0.003930075020052356,0.06313131313131314,0.06818181818181818,0.2252374495574936,0.08980220241720437
31382,s31382.csv,396,2.212,6.192,3.98,0.9772727272727273,0.0,0.0,387,0.9772727272727273,209.4463969202375,676.609931,2.6696067091958056,1.0,0.0,0.32575757575757575,267,0.6742424242424242,17.108920181354048,61.66827999999999,2.979729359029985,9,0,0.47262850167724413,0.692499454320686,3.1064484649639392,4,0,0.3006132812755532,0.833655064700731,3.4793914252909963,4,1.0,0.6077192982456151,8.43159882133523,0.6118930750220848,79.9316611175938,-0.03212415828571469,0.047979797979797977,0.05303030303030303,0.8725970052021548,0.059058711956357916
31384,s31384.csv,396,2.212,6.192,3.98,0.9974747474747475,0.0,0.0,395,0.9974747474747475,174.76684647491317,571.0590849999998,2.298828864234604,1.0,0.0,0.45454545454545453,216,0.5454545454545454,10.7911567162959,33.441207500000004,1.8040980816980372,9,0,0.6176156661563074,0.603957486016736,3.1652361700402856,4,0,0.40936822018229446,0.7658286246950592,2.698879465568716,4,1.0,0.445691538714795,5.596285836213086,0.8836193584812515,5.663209338692292,0.030120606039216735,0.030303030303030304,0.030303030303030304,0.18592789794971493,0.09959392828358914
31393,s31393.csv,337,1.002,4.382,3.38,0.6824925816023739,0.005934718100890208,0.0,228,0.6765578635014837,780.5860405874881,2349.0935615,0.31988073553467855,0.2522255192878338,0.0,0.0,85,0.2522255192878338,14.577745069361583,44.431356,0.5905179440691194,9,0,0.9744125639570681,0.15834165007955273,2.183209840474418,4,0,0.9152902948454417,0.2836336206216892,8.319138240195468,8,0.4600000000000004,0.6241830189660047,10.914273509069554,0.6172996835965844,34.68823074771632,0.040222802354294734,0.29080118694362017,0.3086053412462908,0.8486190369123986,-0.012927175398967037
31394,s31394.csv,202,1.002,3.082,2.08,0.8861386138613861,0.0,0.0,179,0.8861386138613861,741.2696917420144,2177.1875269999996,0.5123412087150362,0.9455445544554455,0.0,0.5396039603960396,82,0.40594059405940597,18.609645365365456,54.892240000000015,2.6581699077190835,9,0,0.9587934758781562,0.20204845773702823,5.333659209988532,4,0,0.9124038304949508,0.29229294746995194,3.3662474893865117,10,0.09999999999999987,0.7569958814260607,5.0700942239774225,0.654587161135971,16.066772864314064,0.05042555668280425,0.24257425742574257,0.24752475247524752,0.7841736572507982,0.13321768211504803
31395,s31395.csv,216,1.032,3.192,2.16,0.9305555555555556,0.032407407407407406,0.0,194,0.8981481481481481,882.7564384199741,2630.4030424999996,0.40524606901749055,0.7777777777777778,0.0,0.6898148148148148,19,0.08796296296296297,24.951130782569827,73.06456999999999,1.207554365248545,9,0,0.9635606485956445,0.18761877540868757,2.2314725101293744,4,0,0.9356753920235503,0.24839070340844854,2.6517650406819566,12,0.010000000000000231,0.45438416802349435,12.924557844530488,0.6905198872162008,19.692173127601414,0.05058224527925037,0.26851851851851855,0.27314814814814814,0.7847490052944416,0.05527094493113852
31396,s31396.csv,211,1.002,3.192,2.1900000000000004,1.0,0.004739336492890996,0.0,210,0.995260663507109,768.6187531164358,2227.9039659999994,0.3653888782544357,1.0,0.0,0.995260663507109,1,0.004739336492890996,,,,9,0,0.9835338262051603,0.1272861789195449,2.734626501582675,4,0,0.9427392298560647,0.23621742813217822,4.049446286653175,5,0.1499999999999999,0.40139877038487204,9.395200887355939,0.8163897308155186,4.697107691931731,-0.08531107046805775,0.15639810426540285,0.16587677725118483,0.84838932487623,-0.18405916505547837
31397,s31397.csv,209,1.002,3.172,2.17,0.9282296650717703,0.04784688995215311,0.0,184,0.8803827751196173,612.1754404192424,2054.9889694999997,1.2385873934212757,0.9904306220095693,0.0,0.5311004784688995,96,0.45933014354066987,36.380838378594035,105.52802999999997,3.3695404156508313,9,0,0.9330730986891594,0.26024400431595185,2.6825884967379747,4,0,0.9458950320670683,0.23178021895379822,4.152822066148568,12,0.06000000000000005,0.5762524116165549,22.767296473643473,0.521534550202298,26.55708190995458,-0.20808177093890395,0.2822966507177033,0.2966507177033493,0.9751898620470808,0.047391048806465975
31398,s31398.csv,169,1.002,2.692,1.6900000000000002,0.9171597633136095,0.023668639053254437,0.0,151,0.893491124260355,476.7636484663039,1579.392475,2.740919433052977,1.0,0.0,0.8757396449704142,21,0.1242603550295858,5.940814575048894,16.54577,1.7883647522542412,9,0,0.9565823021901918,0.2093458616396317,2.254164889348908,4,0,0.9031894587626724,0.31247128886860026,3.554427391301257,18,0.050000000000000044,0.8739317866651435,18.289108390999573,0.5303326390849006,19.277054957958185,-0.05716329929815886,0.34911242603550297,0.34911242603550297,0.9712589104818592,0.04311626681722776
31399,s31399.csv,149,1.002,2.492,1.49,0.7718120805369127,0.0,0.0,115,0.7718120805369127,720.147948731822,2282.5260039999994,1.5966461968349415,0.0,0.0,0.0,0,0.0,,,,9,0,0.8811588280319108,0.34615201486060826,2.108318380434918,4,0,0.9353402550682584,0.25621288343896315,4.085431871732812,8,0.020000000000000018,0.5394725203443802,18.022526864746702,0.6283038408907621,13.629077954368071,0.06167559775558899,0.22818791946308725,0.24161073825503357,0.9482594479945212,0.723648003882758
31400,s31400.csv,202,1.002,3.022,2.0199999999999996,0.7326732673267327,0.0049504950495049506,0.0,147,0.7277227722772277,628.6238263756942,2077.605632,3.717936548785805,0.698019801980198,0.0,0.693069306930693,1,0.0049504950495049506,,,,9,0,0.879883405418049,0.3444892435043509,3.029719585868912,4,0,0.9205701989055087,0.2769534529058587,3.914420089476868,15,0.030000000000000027,0.5653874968783819,19.798822283703135,0.43323778678375285,34.16575999771799,-0.4776655888765733,0.3415841584158416,0.3465346534653465,0.9653880688786608,0.12310626645975609
31402,s31402.csv,219,1.002,3.192,2.1900000000000004,0.863013698630137,0.0,0.0,189,0.863013698630137,481.1544040444469,1369.1305359999997,0.7268210188009475,1.0,0.0,0.9954337899543378,1,0.0045662100456621,,,,9,0,0.9579651227392443,0.20190662098094456,2.068227636809612,4,0,0.8770322936797812,0.35590617027173976,4.689241312949567,7,0.19999999999999996,0.4802801719329581,13.152702208043165,0.839245096275873,4.04073583993677,0.000252022066866954,0.1780821917808219,0.182648401826484,0.8477619197534583,0.01290073544776133
31403,s31403.csv,162,1.002,2.622,1.6199999999999999,0.7901234567901234,0.018518518518518517,0.0,125,0.7716049382716049,832.7313294278941,2637.8412659999995,0.9330828140083353,0.5308641975308642,0.0,0.5246913580246914,1,0.006172839506172839,,,,9,0,0.8931116112054265,0.33417115938009284,1.959548833828295,4,0,0.929511246517243,0.2617875507713382,4.326488242047444,6,0.020000000000000018,0.9983011844650146,21.374081748277902,0.5117058713313335,28.50537344760174,0.29866951682755705,0.345679012345679,0.345679012345679,0.9774171780628649,0.7732533838831518
31404,s31404.csv,146,1.002,2.462,1.4600000000000002,0.7602739726027398,0.0,0.0,111,0.7602739726027398,733.5578940589673,2163.20892,1.3277542550848886,0.3082191780821918,0.0,0.3013698630136986,1,0.00684931506849315,,,,9,0,0.8593009359834438,0.37653251218438155,2.0802494364928537,4,0,0.9294138614333901,0.2697826139600876,4.175746979144099,5,0.1200000000000001,0.5381082393686007,23.049791785978123,0.4990090172473411,20.367154027094053,-0.003028088764194938,0.2808219178082192,0.2808219178082192,0.9522304168074672,0.5914268220151888
31406,s31406.csv,833,0.502,8.892,8.389999999999999,0.9339735894357744,0.010804321728691477,0.0,769,0.9231692677070829,471.4270178222425,1670.5850579999997,1.1669995662696084,0.22208883553421369,0.0,0.0012004801920768306,184,0.22088835534213686,41.5235201408092,97.38535249999998,11.234229042474016,9,0,0.9593653290342696,0.1831336620196181,10.662773342218756,4,0,0.6940319517257496,0.5551829112238433,3.0630130804062636,9,0.9949999999999999,0.2308233339676694,10.456703951135452,0.7746174583535782,64.94820511739196,-0.012049469917731346,0.2665066026410564,0.26770708283313327,0.5095858545316939,0.24161834907808602
31407,s31407.csv,833,0.502,8.892,8.389999999999999,0.9243697478991597,0.015606242496998799,0.0,757,0.9087635054021609,462.83614364223405,1550.0362179999995,2.0418841811330473,0.24969987995198079,0.0,0.0,208,0.24969987995198079,36.06313611440558,123.73418449999993,2.3214670566718185,9,0,0.9655760448719123,0.17269410541528438,4.886261203916865,4,0,0.8715637436205826,0.3588032611691817,7.688581948789147,23,0.15500000000000025,0.17184776981715152,9.567183732950454,0.5926812396807455,264.08515829451767,-0.07954416856680735,0.1608643457382953,0.16326530612244897,0.8532856363982152,0.2341688923845662
31409,s31409.csv,734,0.502,7.892,7.390000000000001,0.9264305177111717,0.0,0.0,680,0.9264305177111717,470.3177673179172,1694.094065,1.2289488810269387,0.4904632152588556,0.0,0.17029972752043596,235,0.3201634877384196,28.78144977751364,60.00638799999993,18.60361979340516,9,0,0.9486542369642608,0.19945843983633363,7.679437822622265,4,0,0.6600328948566145,0.5626171061130478,2.7529218553317283,10,0.8399999999999999,0.4926398077141935,9.348005217031204,0.40417246260166323,264.82996031012857,-0.019228157596020253,0.1226158038147139,0.12806539509536785,0.4640900373401297,0.10693717907616108
31410,s31410.csv,17,2.002,2.162,0.16000000000000014,1.0,0.0,0.0,17,1.0,104.05487671679741,325.74055799999996,0.7353914259524853,1.0,0.0,0.9411764705882353,1,0.058823529411764705,,,,9,0,0.45953269464643687,0.5955324537353885,,4,0,0.5754289878752504,0.6029856588443063,,1,,,,,,,0.17647058823529413,0.17647058823529413,,
31420,s31420.csv,47,2.002,2.462,0.4600000000000004,0.9574468085106383,0.0,0.0,45,0.9574468085106383,80.2561337700446,180.1900259999999,2.318784856984002,0.0,0.0,0.0,0,0.0,,,,9,0,0.6748991088372143,0.5198881849644769,5.168239905954343,4,0,0.7558933575565623,0.48193131442929193,7.619897662196546,3,0.2300000000000002,0.8343217977129358,3.0932040490204287,0.6489349174112969,3.825055854537428,0.09271929843289817,0.19148936170212766,0.2127659574468085,0.7985390237691178,0.6162130508523189
31421,s31421.csv,515,3.802,8.992,5.190000000000001,0.8135922330097087,0.003883495145631068,0.0,417,0.8097087378640777,248.17158338456568,793.0893120000001,1.50018066487345,0.9669902912621359,0.0,0.7689320388349514,102,0.19805825242718447,33.00157564455762,113.19050349999999,1.055006481114353,9,0,0.8662989931764224,0.2780507461148919,6.700231377044728,4,0,0.41463893068674895,0.729144957301253,3.993711205438993,9,0.6000000000000001,0.7794040108361668,5.467281198268061,0.5968474104180599,117.56506139345672,-0.02551355251783321,0.08737864077669903,0.09514563106796116,0.5167507223211523,-0.012575118374828984
31422,s31422.csv,515,3.802,8.992,5.190000000000001,0.8699029126213592,0.009708737864077669,0.0,443,0.8601941747572815,252.60775592360838,848.1408250000001,1.4234368659371859,0.37281553398058254,0.0,0.0,192,0.37281553398058254,721.5053496888082,188.2898515,2.2716655961037917,9,0,0.9043235824992338,0.3066311615672457,7.239197993905109,4,0,0.32452123025981333,0.8300835534563993,4.210054581867615,7,0.7499999999999998,0.6951936376210239,12.715575248740695,0.258316141799851,224.58305785830476,-0.012533051548642869,0.1203883495145631,0.1262135922330097,0.3016939742732702,0.0008687789306546012
31423,s31423.csv,110,2.002,3.092,1.0900000000000003,0.990909090909091,0.0,0.0,109,0.990909090909091,251.12150039929685,801.3529179999998,0.7132865417851517,0.00909090909090909,0.0,0.0,1,0.00909090909090909,,,,9,0,0.5325938538898903,0.6165126092380481,2.681741281036161,4,0,0.9409307091808587,0.24343872360039387,6.869109277041287,9,0.06999999999999984,0.8065768044630796,2.7953052081446024,0.5619696019873768,24.844965603189124,0.2318198020553382,0.16363636363636364,0.18181818181818182,0.8956056795161282,0.8363507785552439
31424,s31424.csv,396,5.012,8.992,3.9800000000000013,1.0,0.0,0.0,396,1.0,202.99164484860907,580.43525,1.3372862856398962,0.9646464646464646,0.0,0.49747474747474746,185,0.4671717171717172,17.16350207080283,14.510887999999998,3.7593113206161224,9,0,0.8610249819770807,0.36226288924091826,7.219470855826384,4,0,0.46206249587874676,0.7412075256122619,3.4161927814922275,8,0.09000000000000075,0.7632874550110827,4.453941103796579,0.7076040929966452,33.71396407522065,0.03457626463325193,0.09848484848484848,0.09848484848484848,0.3629326543365328,-0.09071150895093537
31425,s31425.csv,396,5.012,8.992,3.9800000000000013,1.0,0.0,0.0,396,1.0,172.42096847642418,524.6690074999999,1.3942444619349244,1.0,0.0,0.0025252525252525255,395,0.9974747474747475,4.885257447566848,14.863829999999993,0.7709914157262151,9,0,0.9195704614034619,0.2853384580903572,7.394861141280775,4,0,0.09764717806295452,0.9462242736961899,3.28120517368801,4,1.0,0.7897717610913035,3.8401176113425284,0.834873692286847,8.90445492212972,0.01167344936019253,0.10606060606060606,0.10606060606060606,0.4694317336077476,0.22866766410078873
31426,s31426.csv,363,4.002,7.652,3.6500000000000004,0.9669421487603306,0.0,0.0,351,0.9669421487603306,173.95076582016688,496.3776849999998,1.5498222862086177,1.0,0.0,0.008264462809917356,360,0.9917355371900827,7.082954984480308,22.975489000000003,0.845398994233567,9,0,0.9262889111341929,0.26220391898495793,10.088777323342361,4,0,0.4525426263798601,0.7451493804726843,3.564317737761949,6,0.9899999999999993,0.21838977271246388,5.8280571905394485,0.5828481776653124,45.83213503108392,-0.023175278173895097,0.10743801652892562,0.10743801652892562,0.7727210724610897,0.2816514142747246
31427,s31427.csv,72,4.002,4.712,0.71,0.8611111111111112,0.0,0.0,62,0.8611111111111112,246.14663582846254,766.7995569999999,1.5643883123390756,1.0,0.0,0.0,72,1.0,73.42530000968154,198.318896,0.25868860745256433,9,0,0.9568221481338396,0.2046537227558177,6.1134681998878975,4,0,0.6462572327074998,0.5884019427190492,3.772320609596197,2,,0.8972577645003096,3.6654100468772874,0.5035183686089427,22.096388972734648,-0.13880966106971165,0.06944444444444445,0.06944444444444445,0.946632414871057,-0.013054444227946105
31428,s31428.csv,79,4.002,4.782,0.7800000000000002,0.8607594936708861,0.0,0.0,68,0.8607594936708861,250.05232749602766,787.8855024999999,1.8816360149683797,1.0,0.0,0.012658227848101266,78,0.9873417721518988,12.976902913227626,42.99077599999998,2.9154781211601364,9,0,0.9621966750379409,0.199002104472734,6.737915195957846,4,0,0.558441459730157,0.6514590963470679,3.639163186942597,1,,0.9315272723109439,3.1283484358002345,0.6884326541281023,5.593127666640385,-0.05154488225049695,0.0,0.0,0.031210314631013272,0.0599455711000104
31429,s31429.csv,284,4.002,6.852,2.8500000000000005,0.9612676056338029,0.0,0.0,273,0.9612676056338029,176.45580380540343,510.6487679999998,1.5528047325820444,1.0,0.0,0.007042253521126761,282,0.9929577464788732,10.296850580456441,35.90112399999996,1.2229126215111419,9,0,0.9237595109068111,0.2728790290181268,8.767509257746756,4,0,0.3903960341321556,0.7830919065313611,4.386935729578005,5,0.8050000000000002,0.6236204745625927,5.020905740309482,0.6475371745553654,40.476568696048076,0.011929881120615177,0.07042253521126761,0.08450704225352113,0.6094483534390592,0.06629914938376631
31430,s31430.csv,29,3.212,3.492,0.2799999999999998,0.7931034482758621,0.034482758620689655,0.0,22,0.7586206896551724,363.6937569134383,810.1436344999995,6.761106739358558,0.0,0.0,0.0,0,0.0,,,,9,0,0.2117055354404091,0.8685429180428534,4.436287871504819,4,0,-0.3318533272213481,1.1682961757197727,3.1539329167734906,0,,,,,,,0.1724137931034483,0.1724137931034483,0.9826198678309626,
31435,s31435.csv,228,1.002,3.292,2.29,0.8728070175438597,0.0,0.0,199,0.8728070175438597,517.0784426547314,1523.44213,0.29039234432908306,0.6710526315789473,0.0,0.6271929824561403,10,0.043859649122807015,39.41202889245344,80.26459849999999,,9,0,0.9789465970146062,0.1414223769877494,2.724271301039499,4,0,0.9668026489126789,0.18397149191041268,5.402043591320266,14,0.06000000000000005,0.3770318968240705,4.365993863527235,0.7333242741800267,13.635586096737013,-0.148893027633261,0.20614035087719298,0.20614035087719298,0.7803976534702041,-0.0002472268612775335
31436,s31436.csv,179,1.002,2.792,1.7899999999999998,0.8603351955307262,0.00558659217877095,0.0,153,0.8547486033519553,473.01404900045134,1586.1199360000003,0.547604642922329,1.0,0.0,0.994413407821229,1,0.00558659217877095,,,,9,0,0.9638361077533109,0.19157204333251557,2.414782059827092,4,0,0.9734053747456269,0.16497724927954738,3.9253676832021904,11,0.03499999999999992,0.4878884174071889,21.732689859445024,0.47842849883293287,21.901809533987368,0.13705576516075213,0.3463687150837989,0.3463687150837989,0.9658455855750504,0.31763022166942306
31437,s31437.csv,228,1.002,3.292,2.29,0.7368421052631579,0.0043859649122807015,0.0,167,0.7324561403508771,436.98756742203705,1195.1302989999992,2.167349025024618,0.9912280701754386,0.0,0.0043859649122807015,225,0.9868421052631579,20.756314605649077,57.88168,0.7357361936897983,9,0,0.9382756748378593,0.2456253732371667,1.997604431602509,4,0,0.9335046185008191,0.25756845559143754,4.551199177466657,17,0.050000000000000266,0.46481092987335265,18.115536393676493,0.5639685270803854,23.204977887321164,0.09757010049209669,0.34649122807017546,0.34649122807017546,0.9196410674705292,0.1829868787253648
31438,s31438.csv,228,1.002,3.292,2.29,0.8640350877192983,0.0043859649122807015,0.0,196,0.8596491228070176,466.50457975563756,1402.411845,0.8222090324043136,0.5614035087719298,0.0,0.5570175438596491,1,0.0043859649122807015,,,,9,0,0.9751115861906086,0.15349076695774935,2.492309607120766,4,0,0.4599369329026661,0.7255117058579287,4.753679264837969,15,0.05500000000000016,0.4222890004594507,6.86250065894173,0.7884496548258271,10.06712364553654,0.060049493604779874,0.2149122807017544,0.22807017543859648,0.8442490618936943,0.05311214874724824
31439,s31439.csv,228,1.002,3.292,2.29,0.8464912280701754,0.0,0.0,193,0.8464912280701754,565.391124129557,1542.6992319999997,0.6746826414796877,0.06140350877192982,0.0,0.05701754385964912,1,0.0043859649122807015,,,,9,0,0.9798658486213027,0.14085548281995694,2.394865433462085,4,0,0.5517334755814047,0.662296503195491,3.7322423174781076,8,0.10000000000000009,0.4424757587753451,7.586699511527343,0.8192033068127573,7.2923385826968925,0.017502947850112034,0.14473684210526316,0.17105263157894737,0.6808416146589847,-0.11855306196873337
31442,s31442.csv,186,1.002,2.872,1.8699999999999999,0.6397849462365591,0.016129032258064516,0.0,116,0.6236559139784946,447.3406516744678,1265.3507499999998,1.8549058657754638,0.0,0.0,0.0,0,0.0,,,,9,0,0.9600053183884462,0.1887245232792282,3.0949895679523816,4,0,0.9218520657987053,0.27801883890160334,3.425456828466881,19,0.03499999999999992,0.7158126019447599,7.821559145402823,0.6931249764818209,10.941338095359036,0.04258001977836752,0.1989247311827957,0.1989247311827957,0.7514451357059302,0.22449649606281866
31443,s31443.csv,179,1.002,2.792,1.7899999999999998,0.6815642458100558,0.00558659217877095,0.0,121,0.6759776536312849,492.1257718422133,1414.39011,1.5524445876029882,0.9441340782122905,0.0,0.00558659217877095,168,0.9385474860335196,28.250943820846878,86.68885750000003,0.536017430838614,9,0,0.9868831155272498,0.11597027025603747,2.103042001597188,4,0,0.9197749419358547,0.2785455590204142,4.004654338323556,8,0.040000000000000036,0.493205542451205,9.987840558436256,0.6653659932687727,15.156639950940669,-0.07707426628389633,0.1787709497206704,0.1787709497206704,0.8144292289245736,0.2689732513732177
31444,s31444.csv,179,1.002,2.792,1.7899999999999998,0.8379888268156425,0.00558659217877095,0.0,149,0.8324022346368715,508.7057754857784,1649.257496,1.2852634810670165,0.7430167597765364,0.0,0.7374301675977654,1,0.00558659217877095,,,,9,0,0.9661860200231226,0.18298069430147443,2.1752254268180446,4,0,0.9322151592284219,0.2597181483932093,4.510759561817308,17,0.010000000000000231,0.5705360543549042,17.607423803109334,0.5593125330445294,21.704539118525,0.18171552879382066,0.3407821229050279,0.3407821229050279,0.9387754452038214,0.21646257026250912
31445,s31445.csv,179,1.002,2.792,1.7899999999999998,0.8994413407821229,0.00558659217877095,0.0,160,0.8938547486033519,545.2711093228196,1866.1758219999995,0.524659877642246,0.0,0.0,0.0,0,0.0,,,,9,0,0.9657382941239538,0.18551847350966355,2.1143907423545487,4,0,0.9105704369977768,0.29622745668707223,5.333087917255246,14,0.040000000000000036,0.44171795417634985,22.095922322648565,0.7068919482780083,11.25910729365425,-0.08048455109767999,0.41899441340782123,0.41899441340782123,0.9275377382299028,0.6944990921692733
31447,s31447.csv,179,1.002,2.792,1.7899999999999998,0.9720670391061452,0.0,0.0,174,0.9720670391061452,434.05488157083226,1488.9849114999995,0.5748449783573004,0.0,0.0,0.0,0,0.0,,,,9,0,0.9528223604931748,0.21620157598632392,3.011301010776341,4,0,0.9031497769438965,0.3103218141458216,4.531232173927111,10,0.050000000000000266,0.5212816058475601,20.940692304456856,0.46996068099105004,28.94999050617823,-0.2225603162219218,0.36312849162011174,0.36312849162011174,0.9176760117957226,0.706746792334471
31448,s31448.csv,179,1.002,2.792,1.7899999999999998,0.9106145251396648,0.0,0.0,163,0.9106145251396648,468.68257169063645,1637.3321140000005,0.809408202731954,0.5810055865921788,0.0,0.5754189944134078,1,0.00558659217877095,,,,9,0,0.9747630508751199,0.15966304776546628,2.717674401774793,4,0,0.9030780818336205,0.31439703110008166,3.8431150368328515,14,0.029999999999999805,0.5539243429674057,18.530104172370844,0.46334866048372914,37.360018722796816,0.09513326950406434,0.3743016759776536,0.3743016759776536,0.9570508093476041,0.429460682929026
31449,s31449.csv,228,1.002,3.292,2.29,0.8508771929824561,0.013157894736842105,0.0,191,0.8377192982456141,554.6499778887456,1473.03857,0.8130342180927527,0.34210526315789475,0.0,0.33771929824561403,1,0.0043859649122807015,,,,9,0,0.965930588257467,0.18137272649029076,2.042462263020081,4,0,0.9228824889191045,0.2777226435625891,4.971199670321447,13,0.030000000000000027,0.49036059920759106,10.799659363698716,0.6577430051067517,15.823579527396106,0.15207155460765392,0.25877192982456143,0.2631578947368421,0.8957682151980442,-0.11286800023612431
31450,s31450.csv,228,1.002,3.292,2.29,0.8859649122807017,0.0,0.0,202,0.8859649122807017,588.5381440310343,1695.0381785,0.570405267003079,0.8070175438596491,0.0,0.5657894736842105,55,0.2412280701754386,280.46277685084056,1031.389197,3.8687269520461656,9,0,0.9724736029084321,0.16033880463176256,2.5410198231807057,4,0,0.910506845330595,0.29948234543686536,6.305148198166033,7,0.1499999999999999,0.4343247788812283,12.412762895971504,0.8703998589708173,2.5693456994570205,-0.05603748191964657,0.10526315789473684,0.10964912280701754,0.8135436193658894,0.30118792277928225
31482,s31482.csv,2,2.802,2.812,0.009999999999999787,1.0,0.0,0.0,2,1.0,,,,0.0,0.0,0.0,0,0.0,,,,9,0,,,,4,0,,,,0,,,,,,,0.0,0.0,,
31483,s31483.csv,2,2.802,2.812,0.009999999999999787,1.0,0.0,0.0,2,1.0,,,,1.0,0.0,0.0,2,1.0,,,,9,0,,,,4,0,,,,0,,,,,,,0.0,0.0,,
31484,s31484.csv,2,2.802,2.812,0.009999999999999787,1.0,0.0,0.0,2,1.0,,,,1.0,0.0,0.0,2,1.0,,,,9,0,,,,4,0,,,,0,,,,,,,0.0,0.0,,
31485,s31485.csv,2,2.802,2.812,0.009999999999999787,1.0,0.0,0.0,2,1.0,,,,1.0,0.0,0.5,1,0.5,,,,9,0,,,,4,0,,,,0,,,,,,,0.0,0.0,,
31486,s31486.csv,2,2.802,2.812,0.009999999999999787,1.0,0.0,0.0,2,1.0,,,,1.0,0.0,0.5,1,0.5,,,,9,0,,,,4,0,,,,0,,,,,,,0.0,0.0,,
31487,s31487.csv,2,2.502,2.512,0.010000000000000231,1.0,0.0,0.0,2,1.0,,,,1.0,0.0,0.5,1,0.5,,,,9,0,,,,4,0,,,,0,,,,,,,0.0,0.0,,
31496,s31496.csv,4,0.502,0.532,0.030000000000000027,1.0,0.0,0.0,4,1.0,,,,0.0,0.0,0.0,0,0.0,,,,9,0,,,,4,0,,,,0,,,,,,,0.0,0.0,,
31498,s31498.csv,497,4.002,8.992,4.990000000000001,1.0,0.0,0.0,497,1.0,119.88423024136026,391.93662000000006,1.2785797186843355,1.0,0.0,0.1006036217303823,447,0.8993963782696177,22.831854517508603,67.36128599999999,0.6583393802743264,9,0,0.5628356184441893,0.6504133304141764,3.285101850410351,4,0,0.6269972817655248,0.6246278550104486,3.37385226307248,5,0.75,0.8227460860176341,2.0738268015071144,0.8651472595162079,8.027514996996292,0.006359882476529591,0.07847082494969819,0.08048289738430583,0.42244367158348645,-0.015603338309714375
31499,s31499.csv,497,4.002,8.992,4.990000000000001,0.8470824949698189,0.0,0.0,421,0.8470824949698189,140.59440550647855,444.40605,0.9722535661417989,0.7404426559356136,0.0,0.4607645875251509,139,0.2796780684104628,90.81155777901155,166.49985399999994,20.721533375304958,9,0,0.9300594427823952,0.2627687847346875,2.680724546942958,4,0,0.8819611595090606,0.34271360643009396,4.068372422142582,1,,0.46567380932082586,1.11022783797802,0.5908299819402162,119.71132721180699,-0.02772919130796367,0.11871227364185111,0.1448692152917505,0.8325057209414896,0.23702813531130154
31500,s31500.csv,447,4.512,8.992,4.480000000000001,0.9932885906040269,0.0,0.0,444,0.9932885906040269,121.73240075428096,371.60837499999974,1.901801053448863,0.9932885906040269,0.0,0.017897091722595078,436,0.9753914988814317,6.556224584664368,18.446849999999998,0.8652391521045996,9,0,0.6739479129056178,0.5637439011778649,3.5467114553543655,4,0,0.519796311864552,0.6967470716494761,3.5267521618117117,3,1.5,1.033083483721775,1.2353184820742464,0.8200298692008333,13.80309605279081,-0.06394430984671194,0.10738255033557047,0.11409395973154363,0.6785354543251704,0.029496779902537726
31501,s31501.csv,596,4.512,10.492,5.980000000000001,1.0,0.0016778523489932886,0.0,595,0.9983221476510067,182.28331862458066,569.2106989999999,0.7463197797235056,0.040268456375838924,0.0,0.0,24,0.040268456375838924,15.212585901705921,47.3230035,1.769488279701621,9,0,0.8531611378970352,0.383751220389981,3.1696540774004807,4,0,0.5519542563467053,0.6650920635645086,4.603219225972942,5,1.5,0.48519614514265885,3.9063724805488915,0.720078734909435,79.5244232934337,0.061259382276356036,0.04697986577181208,0.050335570469798654,0.7702218107068798,0.13626315244384193
31502,s31502.csv,497,4.002,8.992,4.990000000000001,0.9798792756539235,0.0,0.0,487,0.9798792756539235,210.0315556037342,703.7657939999999,0.7845708644480978,1.0,0.0,0.20724346076458752,394,0.7927565392354124,11.320024090977624,35.13471199999996,2.6228019431817082,9,0,0.8760596735421049,0.3277728345040003,3.5294116391491506,4,0,0.6895731004278973,0.558079156396194,4.1685194344936205,4,0.5,1.2662829666326665,10.054595099203604,0.23156508824619418,128.60542946600566,-0.0068919620281890515,0.056338028169014086,0.07243460764587525,0.3493260890975031,0.07307128061231041
31503,s31503.csv,22,4.512,4.722,0.21000000000000085,0.36363636363636365,0.0,0.0,8,0.36363636363636365,46.22107623014033,131.81159649999995,,1.0,0.0,0.9545454545454546,1,0.045454545454545456,,,,9,0,-0.06379953109196533,1.0537119076230175,4.693411905284565,4,0,0.5810619501818696,0.6216446348540392,3.1523427534983375,1,,,,,,,0.22727272727272727,0.22727272727272727,0.9648340484476996,
31504,s31504.csv,301,4.512,7.532,3.0200000000000005,0.9867109634551495,0.0033222591362126247,0.0,296,0.9833887043189369,353.7217627926929,966.06989,0.6068620266050969,0.9966777408637874,0.0,0.44518272425249167,166,0.5514950166112956,21.766567856063176,64.5149375,2.4333619702056377,9,0,0.8549157856075106,0.3713809642228246,3.3113131722580467,4,0,0.626078942387139,0.6110058848523313,6.055049742862854,5,0.7550000000000003,0.4140686179932132,5.717329498760111,0.6424117705850358,59.392371151779706,0.03546401426677857,0.15946843853820597,0.16611295681063123,0.8828439262945764,0.6583459063683181
31505,s31505.csv,745,4.512,11.992,7.480000000000001,1.0,0.0,0.0,745,1.0,139.7204599641261,477.20071599999994,1.7522105176521448,1.0,0.0,0.9986577181208054,1,0.0013422818791946308,,,,9,0,0.8320948449484689,0.4081442917009996,2.7963383921109863,4,0,0.5405936960696996,0.6784033115373387,4.052135352690495,5,1.5,0.7321059128288043,5.468195251506847,0.8248032183432628,24.28380350502766,0.07332037809830493,0.08322147651006712,0.087248322147651,0.7095916103960381,0.22007450980037815
31506,s31506.csv,745,4.512,11.992,7.480000000000001,1.0,0.0,0.0,745,1.0,162.52107977887374,509.73709599999984,1.0676808522122827,1.0,0.0,0.9986577181208054,1,0.0013422818791946308,,,,9,0,0.8995082757635566,0.3117935487227336,3.5076721934595887,4,0,0.7815237846686409,0.45976805242638485,2.8911098949561387,7,1.125,0.6456702533097727,5.296692086722533,0.8331609827947507,23.592189207997066,0.016209101770255037,0.07919463087248323,0.08456375838926175,0.5254995145099497,0.11279513476223384
31507,s31507.csv,259,4.512,7.102,2.5900000000000007,0.9382239382239382,0.0,0.0,243,0.9382239382239382,257.8959511328444,816.426309,1.42446781466279,0.9613899613899614,0.0,0.015444015444015444,245,0.9459459459459459,16.831475497679385,55.94288399999998,2.467877344191933,9,0,0.9037824927295277,0.30757252190173034,2.8371700622865044,4,0,0.8008655468210574,0.44468616405805095,3.47441863643884,7,0.2799999999999998,0.3967596165537984,4.059185081438824,0.634893621943193,61.5118121235532,0.007942433356082971,0.10424710424710425,0.10810810810810811,0.8758610147198809,0.7102349811064567
31508,s31508.csv,596,4.512,10.492,5.980000000000001,1.0,0.0,0.0,596,1.0,216.75908195231344,748.2924000000002,0.9753709789376136,1.0,0.0,0.6694630872483222,197,0.33053691275167785,6.424723802061028,7.54898399999999,3.065973091800945,9,0,0.9182111287988975,0.2735771991682792,3.867944577309902,4,0,0.5957231422052024,0.6366264421399772,3.8446142888043595,6,1.2200000000000006,0.49146907255444267,3.9614302244405164,0.9160196250188805,4.470561656852205,-0.00585395975775655,0.09228187919463088,0.10067114093959731,0.6849985952919395,0.28052149024377443
31509,s31509.csv,596,4.512,10.492,5.980000000000001,1.0,0.0,0.0,596,1.0,194.69680204811266,694.2456099999999,1.1687176557259988,0.9832214765100671,0.0,0.25,437,0.7332214765100671,26.718087964003203,84.572722,0.6885290043099279,9,0,0.9169921825063536,0.279220458886088,3.6748177295083546,4,0,0.30049437321699074,0.8500576634214424,3.9208405034272937,5,1.4,0.5675033570912091,4.279188394946554,0.8868792336099598,6.200068165552816,0.03212049847353843,0.1174496644295302,0.12080536912751678,0.6284608860960981,0.20375415487431148
31510,s31510.csv,308,4.512,7.602,3.0900000000000007,0.8246753246753247,0.00974025974025974,0.0,251,0.814935064935065,452.98067413963116,1262.077215,0.9971168814178328,0.8214285714285714,0.0,0.00974025974025974,250,0.8116883116883117,22.607902825218513,62.37151699999998,4.4448204513538645,9,0,0.9149173099712181,0.29248701020065365,2.3894864911343086,4,0,0.8911406811521184,0.32949938383278854,11.279989748505113,7,0.10499999999999998,0.34821391965931414,13.19009179275289,0.20552618845643486,143.05369621548732,-0.009259625195328426,0.1266233766233766,0.1331168831168831,0.5965172436118416,0.1916412985818419
31511,s31511.csv,546,3.512,8.992,5.48,1.0,0.0,0.0,546,1.0,83.5840601139627,244.79597250000006,0.9955004905039703,1.0,0.0,0.9981684981684982,1,0.0018315018315018315,,,,9,0,0.8330500973258447,0.3964180111029534,2.3341974485211887,4,0,0.6914986473900119,0.5524670642463179,2.695123076813846,19,0.010000000000000675,0.24294130588896706,3.1298326074642997,0.8412522772429939,28.54575297481238,0.008845404388033405,0.027472527472527472,0.04395604395604396,0.1958004071980257,0.1910759724128482
31512,s31512.csv,546,3.512,8.992,5.48,1.0,0.0,0.0,546,1.0,120.93256589208579,398.47226249999994,1.4850786438015626,0.9761904761904762,0.0,0.005494505494505495,530,0.9706959706959707,14.117111040844913,29.757195999999997,2.1623376562280345,9,0,0.797676565712199,0.42568556479514513,2.570878049077703,4,0,0.5657991331617214,0.5996482099104679,3.0925412765686353,7,1.165,0.24491767885316668,3.458856159273827,0.8420686772555054,32.69160102404163,0.024772888749569913,0.02564102564102564,0.02564102564102564,0.34721507044904903,0.11220933585191117
31513,s31513.csv,546,3.512,8.992,5.48,1.0,0.0,0.0,546,1.0,89.14425016260428,292.07691750000004,0.9366168312480628,0.0,0.0,0.0,0,0.0,,,,9,0,0.5313273286090124,0.6773108025530225,3.726096920791745,4,0,0.4861298723496119,0.7195550245184327,3.5390371294497625,6,0.9899999999999993,0.41712080596223616,3.5841821763628743,0.9315007279357885,1.932698635414654,0.013558968490563025,0.009157509157509158,0.01282051282051282,0.16875964064678545,0.04082673901439254
31517,s31517.csv,93,17.462,18.382,0.9200000000000017,0.8172043010752689,0.0,0.0,76,0.8172043010752689,159.41124520872938,503.5366399999999,0.7201950543144076,1.0,0.0,0.989247311827957,1,0.010752688172043012,,,,9,0,0.08694519332987519,0.9464988632469659,4.629593061371853,4,0,0.6017191965191027,0.6333073828755793,3.845611600835355,0,,0.6872217642209403,1.1265732113825622,0.6716018050123773,11.528484909171699,0.02253347245341509,0.053763440860215055,0.053763440860215055,0.8521724342741716,0.11126013026519882
31540,s31540.csv,218,1.002,3.192,2.1900000000000004,0.8532110091743119,0.0,0.0,186,0.8532110091743119,163.4218715201021,475.59445,0.6590602422566939,0.7798165137614679,0.0,0.5642201834862385,47,0.21559633027522937,16.306660526739215,50.025960999999995,1.8130069769262966,9,0,0.9740481464110707,0.1577812257761147,5.382417543453474,4,0,0.9735503547986892,0.16003493999839308,2.494838763867286,6,0.2999999999999998,0.7880651669717265,10.799189241227005,0.6217554184956549,19.1380351188039,0.00868354633098855,0.3394495412844037,0.3440366972477064,0.9325825927273309,0.2815712272221708
31541,s31541.csv,218,1.002,3.192,2.1900000000000004,0.9770642201834863,0.0,0.0,213,0.9770642201834863,149.70211783280072,508.60816199999977,0.9846746523266909,0.0,0.0,0.0,0,0.0,,,,9,0,0.9616578147733477,0.1915875627133855,5.727082437884795,4,0,0.9690714571459046,0.17549045413725353,1.8849742425677243,6,0.2999999999999998,0.8868733663107911,11.179773892161723,0.5991044848805902,21.386087514301074,0.19938272969530857,0.25688073394495414,0.2798165137614679,0.9249523157137738,0.34558884147338764
31544,s31544.csv,317,1.002,4.192,3.1900000000000004,0.722397476340694,0.0,0.0,229,0.722397476340694,477.301881262628,1369.414574,0.7398259861304437,0.8233438485804416,0.0,0.4668769716088328,113,0.35646687697160884,8.108634151157432,24.084609999999998,1.1394435360273145,9,0,0.9634173741203386,0.18602216728862514,2.579185346366801,4,0,0.9911118570224211,0.09463497213385384,12.695732543711678,16,0.04999999999999982,0.46760814693632036,9.857622718465976,0.5567748348337364,58.858041429824794,0.19781570541570972,0.0914826498422713,0.10094637223974763,0.8058926274379744,-0.03356015594035853
31545,s31545.csv,317,1.002,4.192,3.1900000000000004,0.6813880126182965,0.015772870662460567,0.0,211,0.6656151419558359,485.91437371254165,1363.78996,1.120329233906021,0.9495268138801262,0.0,0.9305993690851735,6,0.01892744479495268,25.014764919949442,67.5318825,,9,0,0.9527039348570742,0.21797080903260255,2.1728333965261646,4,0,0.979827872617812,0.1399269535669943,5.340100060490184,8,0.31999999999999984,0.48186496125884776,8.86663199871614,0.7762084263760782,22.90707413299511,-0.02686568159533916,0.08201892744479496,0.08201892744479496,0.7793025567700063,0.060944393712695416
31546,s31546.csv,288,1.002,3.902,2.9000000000000004,0.6666666666666666,0.020833333333333332,0.0,186,0.6458333333333334,431.568342766782,1199.8724874999998,0.8078782456814366,1.0,0.0,0.006944444444444444,286,0.9930555555555556,6.805790956663337,17.8278825,0.3511750275008202,9,0,0.941220591142711,0.2313791238106326,2.764712031325505,4,0,0.905434659772568,0.3014819052245581,3.026156750069005,21,0.07000000000000006,0.4817019549167602,17.689766844568062,0.7908794756804779,10.677336181828494,0.06615675570023329,0.19791666666666666,0.2013888888888889,0.7910419080223903,0.3901333753067669
31547,s31547.csv,317,1.002,4.192,3.1900000000000004,0.7791798107255521,0.0031545741324921135,0.0,246,0.7760252365930599,539.0983770132102,1407.4311274999998,0.6980602625947027,0.9842271293375394,0.0,0.31230283911671924,213,0.6719242902208202,32.50113091026104,95.87610199999997,0.16703352576317693,9,0,0.9602584489415383,0.19751183394888785,2.3161100478218724,4,0,0.9647899645880194,0.1849021681624659,3.060286425310877,10,0.18999999999999995,0.480068489025408,10.639354849363341,0.5847443856758756,78.67087787602121,-0.06269501423325195,0.15141955835962145,0.1608832807570978,0.5537302287702337,0.020342859623476456
31548,s31548.csv,389,1.002,4.922,3.92,0.7840616966580977,0.007712082262210797,0.0,302,0.7763496143958869,548.0424929356534,1502.34336,0.9370710115819898,1.0,0.0,0.9974293059125964,1,0.002570694087403599,,,,9,0,0.9255779310055995,0.27390396398186945,2.4358840489797786,4,0,0.9414066875186883,0.23674831996057272,1.9798024381059198,16,0.1299999999999999,0.5239337220006137,16.89240624483166,0.5943729801297274,51.524094093748985,-0.09966165180694687,0.20822622107969152,0.2185089974293059,0.9534823458265113,0.10067135498488311
31549,s31549.csv,316,1.002,4.182,3.1800000000000006,0.6930379746835443,0.015822784810126583,0.0,214,0.6772151898734177,550.1036054084287,1438.8355335,0.8382689996881781,0.759493670886076,0.0,0.5443037974683544,68,0.21518987341772153,17.30428432310312,53.32180149999999,2.5705529352855896,9,0,0.6699755902679416,0.5613130444647432,2.5878313938618933,4,0,0.9094219629444691,0.309126886513962,2.8466462974810716,16,0.0900000000000003,0.47071608992006736,17.786965174667287,0.7482017127507052,13.872709782423042,-0.15682027532926404,0.11075949367088607,0.11075949367088607,0.8297980089971996,0.3293479417502922
31550,s31550.csv,416,1.002,5.192,4.19,0.6971153846153846,0.002403846153846154,0.0,289,0.6947115384615384,569.0718913928191,1427.8645779999995,1.1531155459794806,0.6418269230769231,0.0,0.5961538461538461,19,0.04567307692307692,16.200094071135695,55.67958899999999,2.220186019817544,9,0,0.9191752687525019,0.28013746951923296,2.790253570031815,4,0,0.9907978399415642,0.09564792882045905,18.354191182851338,10,0.2999999999999998,0.505733594120402,10.976469283923098,0.5368626835085919,138.66187902431352,0.025629892964771084,0.17548076923076922,0.17548076923076922,0.237298870466907,-0.00903642595486269
31552,s31552.csv,218,1.002,3.192,2.1900000000000004,0.7522935779816514,0.009174311926605505,0.0,162,0.7431192660550459,498.2284078683462,1601.0205259999993,0.5497092184652244,0.0,0.0,0.0,0,0.0,,,,9,0,0.939022490867043,0.24566786461990364,2.4252992685246726,4,0,0.9624995114999373,0.19267667157077573,3.424284866345805,10,0.06000000000000005,0.4996679004713821,19.692696504909605,0.680373149275656,17.9193461113687,0.066192067264152,0.3486238532110092,0.3623853211009174,0.9248675462875678,0.29965674634362843
31553,s31553.csv,224,1.002,3.262,2.26,0.8348214285714286,0.004464285714285714,0.0,186,0.8303571428571429,612.1277558167805,1580.1813674999999,0.7042535074263021,0.41964285714285715,0.0,0.41517857142857145,1,0.004464285714285714,,,,9,0,0.9631020755700277,0.19097764375744894,2.5869015594960247,4,0,0.9766008369425683,0.15259952113935993,3.1354994295306033,8,0.040000000000000036,0.573405770373234,8.254318114187026,0.7036701754068653,17.516199029268115,0.08353069741995905,0.25892857142857145,0.2767857142857143,0.7662795596647334,-0.017192854885579336
31554,s31554.csv,138,1.002,2.382,1.3800000000000001,0.8840579710144928,0.0,0.0,122,0.8840579710144928,342.3401016963876,1142.222881,1.1215559581012229,1.0,0.0,0.9855072463768116,2,0.014492753623188406,,,,9,0,0.9519941783819781,0.2171365294743308,3.7076699842459115,4,0,0.9785787534821008,0.13788194659821376,6.651448145460909,3,0.6900000000000001,0.5706519065190649,5.438597272820257,0.5917484608510343,13.276934046801236,-0.08806519728849814,0.14492753623188406,0.15217391304347827,0.8467107365485592,-0.18386566212551161
31555,s31555.csv,132,1.002,2.322,1.32,1.0,0.0,0.0,132,1.0,180.843337853749,523.863719499999,0.6085181247260855,0.24242424242424243,0.0,0.23484848484848486,1,0.007575757575757576,,,,9,0,0.8637610960182861,0.3590278639556857,3.313392449030619,4,0,0.899473275498222,0.31037773500648747,4.109722644168198,5,0.01000000000000012,0.8574813886753297,12.349437292067563,0.42092126477484765,27.354198025460065,-0.36049881050985905,0.23484848484848486,0.23484848484848486,0.9709900938086058,0.7119966893849108
31556,s31556.csv,220,1.002,3.222,2.2199999999999998,0.8090909090909091,0.004545454545454545,0.0,177,0.8045454545454546,517.2699182786429,1641.7871759999994,1.084848139361566,0.8,0.0,0.55,55,0.25,48.54295532631285,127.36084399999999,0.5249872784620989,9,0,0.7379230486133699,0.5028729417300405,2.0697163784355546,4,0,0.9637100702082771,0.18738027275282612,3.7428198770076526,6,0.21999999999999975,0.5436498880677342,21.530329846992913,0.8092178092836224,6.692875764907742,-0.05081112988321411,0.32727272727272727,0.32727272727272727,0.940677249868712,0.15798172856175513
31558,s31558.csv,447,3.502,7.982,4.48,0.9753914988814317,0.0,0.0,436,0.9753914988814317,242.48428791805526,905.9584225000001,2.400656941496748,0.9977628635346756,0.0,0.011185682326621925,441,0.9865771812080537,21.931399278825,71.10664,2.0238613133655536,9,0,0.6296664934531885,0.5957863878195238,4.684110007531856,4,0,0.5075690208524993,0.6938960875381028,6.4565671824970785,8,0.47000000000000064,0.9726733717577023,3.0417255912941155,0.8052552319476444,25.909519850653638,0.05585917352793966,0.026845637583892617,0.03355704697986577,0.35250499554333825,0.1251063902707533
31559,s31559.csv,447,3.502,7.982,4.48,1.0,0.0,0.0,447,1.0,210.4008482360991,845.6006479999999,2.9825986329858516,0.9910514541387024,0.0,0.5838926174496645,182,0.407158836689038,8.063104580371967,20.483903499999997,2.7259669159239297,9,0,0.6465915480600329,0.5426637312788266,3.8597803903010157,4,0,0.08795958522180092,0.9705029673043998,5.095715618143888,7,0.010000000000000453,1.1301467723080911,3.9665114853457917,0.5632694731214127,58.826999987172705,-0.003220571846491275,0.14093959731543623,0.15659955257270694,0.8429758111859966,0.0678716113937147
31560,s31560.csv,447,3.502,7.982,4.48,1.0,0.0,0.0,447,1.0,234.83566799687438,873.1640550000002,1.7455627241990412,1.0,0.0,0.6510067114093959,156,0.348993288590604,8.370548946229484,26.079,1.7985028477525746,9,0,0.49135483065279295,0.7119834631758777,3.561486092731872,4,0,0.12576674931843584,0.9343537586893396,3.6241008512110904,13,0.029999999999999805,0.7802963586935722,4.451496961202543,0.6199613140801437,98.79337792339885,-0.03211007465895326,0.035794183445190156,0.040268456375838924,0.5268074706868903,-0.10199917511389292
31561,s31561.csv,149,3.502,4.982,1.4800000000000004,0.8120805369127517,0.013422818791946308,0.0,119,0.7986577181208053,489.40213654472126,1298.218081,0.9137855219986359,0.15436241610738255,0.0,0.0,23,0.15436241610738255,533.5911218884327,16.905226999999996,2.1244392195199104,9,0,0.7513113398112421,0.47121144550354965,3.2169618089626,4,0,0.8719402754037222,0.35421595453477583,2.648924232820334,4,0.04999999999999982,0.8240258854258034,3.406948960744119,0.7640993183612546,8.803283577753923,0.07129390905867583,0.16778523489932887,0.174496644295302,0.6854048682427049,-0.043749030369682765
31562,s31562.csv,447,3.502,7.982,4.48,0.9888143176733781,0.0,0.0,442,0.9888143176733781,168.42744205725376,616.7561404999999,2.550818194823639,1.0,0.0,0.9955257270693513,2,0.0044742729306487695,,,,9,0,0.674474619870679,0.5498302879110646,5.327997693364135,4,0,0.6334788007377444,0.5918056422301687,4.899075715856314,8,0.5600000000000005,1.274540005146288,3.8038116947298803,0.7213202170052694,37.524850799923115,0.00830444109477574,0.0894854586129754,0.09395973154362416,0.8335878768421721,0.07726802890769412
31563,s31563.csv,223,0.502,2.822,2.3200000000000003,0.7757847533632287,0.0,0.0,173,0.7757847533632287,330.3502160704295,966.729102,1.8120249962216621,0.9865470852017937,0.0,0.0,220,0.9865470852017937,54.684328963799814,160.22774499999997,0.48433130344766917,9,0,0.9679501791665971,0.1751034845421746,19.878132188494643,4,0,0.9765870924036462,0.1502967446513125,,5,0.05499999999999999,0.9776838900648878,0.9235901109020952,0.854804394904542,3.3215545293854607,-0.008644475322383141,0.04035874439461883,0.04484304932735426,0.6957817431555547,0.026910396182033943
31564,s31564.csv,546,3.502,8.982,5.4799999999999995,1.0,0.0,0.0,546,1.0,132.17196924873818,457.3721325,1.9563700305966671,0.9816849816849816,0.0,0.5476190476190477,237,0.4340659340659341,31.936584024144636,96.994638,0.8884447344028329,9,0,0.5059305648983937,0.6730600816930522,4.799000557911703,4,0,0.21707307822065125,0.8842749560849974,4.665722589181061,6,1.4899999999999998,0.9440630674520569,3.446160936911002,0.6424264293506612,78.22197107742208,0.018309377825829518,0.054945054945054944,0.06043956043956044,0.6322143310152891,0.0660102162419358
31565,s31565.csv,546,3.502,8.982,5.4799999999999995,1.0,0.0,0.0,546,1.0,122.03872884020728,424.81589499999995,2.182296448941678,1.0,0.0,0.18864468864468864,443,0.8113553113553114,18.353610633894885,62.038728999999975,1.5697807891456088,9,0,0.6067976360362927,0.610518861799436,4.3393754970055065,4,0,0.09123813280325768,0.9565399984290579,4.115094604728185,10,0.20000000000000018,0.8860860137332838,3.03574483662255,0.8711269865110228,11.124086150494284,-0.04021233046118597,0.03663003663003663,0.03663003663003663,0.3489602257956299,0.02943719031644872
31567,s31567.csv,546,3.502,8.982,5.4799999999999995,0.9926739926739927,0.0,0.0,542,0.9926739926739927,127.54624209215511,386.5228415,1.7753705283178949,0.7106227106227107,0.0,0.23076923076923078,262,0.47985347985347987,16.460050335137172,23.367962499999948,4.917422894722036,9,0,0.637110969645168,0.5845857475082203,3.937777506523796,4,0,0.5852874739895397,0.6478826268968529,4.606525540623205,7,0.7450000000000001,1.0456718088082484,5.134447436590003,0.493558711413407,208.44821384055507,0.004151087502727264,0.027472527472527472,0.031135531135531136,0.7947015176051315,0.07059656127121264
31568,s31568.csv,546,3.502,8.982,5.4799999999999995,0.9945054945054945,0.0,0.0,543,0.9945054945054945,120.79578452432735,369.8342949999999,2.1928763187677,0.19047619047619047,0.0,0.0,104,0.19047619047619047,24.69900400984094,75.403246,2.125614004567859,9,0,0.8264726350225204,0.4084157740664664,3.052879252276127,4,0,0.42993813445711704,0.7497647818091092,4.171357204258149,10,0.2400000000000002,0.7221418759557312,2.637572552038856,0.8473868115112707,14.674506671058875,0.020659760100380717,0.027472527472527472,0.029304029304029304,0.3416837633149634,0.3125934496582389
31569,s31569.csv,546,3.502,8.982,5.4799999999999995,1.0,0.0,0.0,546,1.0,110.02622701776515,341.18019749999996,1.6945639042551914,0.9945054945054945,0.0,0.45787545787545786,293,0.5366300366300366,30.91644591245815,68.93650199999996,18.68411590893569,9,0,0.8389985901936174,0.39772423440243293,2.7300462129028995,4,0,0.5431752339670486,0.6765173879863262,3.4863634836761808,10,0.07000000000000028,0.6222763263976772,4.292405572873197,0.4888473342109614,176.23557132348952,0.024129297453755166,0.0641025641025641,0.0641025641025641,0.825630379783374,0.19272602283208293
31570,s31570.csv,546,3.502,8.982,5.4799999999999995,1.0,0.0,0.0,546,1.0,127.83451979141213,407.73574500000007,2.0735409878498494,0.978021978021978,0.0,0.336996336996337,350,0.6410256410256411,26.788650766207283,39.78111099999998,1.617002096668826,9,0,0.6925227327785011,0.5249804239946134,4.9400236844046175,4,0,0.32270979276625716,0.8014974825102017,4.034065573454398,9,0.19000000000000017,0.5744961557708934,2.539388763823726,0.8654920441484985,19.680356985283076,-0.014292605815675544,0.03296703296703297,0.0347985347985348,0.3287853189332916,0.342871730673826
31580,s31580.csv,596,4.012,9.992,5.980000000000001,1.0,0.0,0.0,596,1.0,56.88197617307358,191.25100250000003,1.929900151154653,0.9865771812080537,0.0,0.5939597315436241,234,0.3926174496644295,55.358525328769815,88.25335150000001,1.2907098029123443,9,0,0.8677227588242687,0.3573044793404495,2.8655731005243323,4,0,0.6906788670440462,0.45578346271100545,3.805735940887804,4,1.5,0.34101026527086115,0.5886083256893286,0.969241659666268,-0.04414631041990291,-0.04802058105400679,0.0,0.003355704697986577,0.7899513941552418,0.17644493725343544
31584,s31584.csv,596,4.012,9.992,5.980000000000001,0.9781879194630873,0.0,0.0,583,0.9781879194630873,54.66040882644127,180.757499,1.9398921199562966,1.0,0.0,0.5201342281879194,286,0.4798657718120805,29.376040444966975,92.14877500000001,2.5145197847920238,9,0,0.232203844609486,0.8524361382759619,3.415757678827993,4,0,0.6818339839789418,0.4652735260624893,3.3833326806003368,4,1.5,0.5628298153034338,0.955442227331148,0.9583050353128792,0.6918358265547335,-0.002830413594676228,0.008389261744966443,0.008389261744966443,0.8466407939060061,-0.01353302980234521
31586,s31586.csv,596,4.012,9.992,5.980000000000001,0.9966442953020134,0.0,0.0,594,0.9966442953020134,60.868055590448634,196.27089949999996,1.3787952359073112,0.2684563758389262,0.0,0.0016778523489932886,159,0.26677852348993286,93.49123313894395,159.89571,8.731509737614864,9,0,0.8367765068973613,0.3959885236827303,6.0699042334961995,4,0,0.7292483387697598,0.4628787401290918,3.790092003775532,4,1.5,0.21118215031315216,0.6955260865276696,0.9683702135827781,-0.050300998692125454,-0.011922042533672432,0.0,0.0,0.7104018655215291,0.0023892359377850523
31589,s31589.csv,595,3.502,9.482,5.9799999999999995,0.9243697478991597,0.0016806722689075631,0.0,549,0.9226890756302522,198.01961842344332,655.983076,0.8131090727329654,0.8352941176470589,0.0,0.24705882352941178,350,0.5882352941176471,33.62021912991443,53.110100500000016,4.084153555759688,9,0,0.46193337791570077,0.7202373140031184,4.161200073613841,4,0,0.8355065344738545,0.4048092053874514,7.13685458751572,13,0.1849999999999996,0.48047469549527516,3.072051210533183,0.795388705336853,21.3358808651963,-0.013903455328557364,0.0957983193277311,0.10588235294117647,0.3468959658014518,0.002860433299263471
31590,s31590.csv,634,3.502,9.872,6.37,0.8848580441640379,0.011041009463722398,0.0,554,0.8738170347003155,168.93684286229694,522.4979055000001,1.3625830761108413,0.17981072555205047,0.0,0.17823343848580442,1,0.0015772870662460567,,,,9,0,0.7718954398090886,0.45638128422077306,4.611661550728993,4,0,0.9001822434678102,0.31377892676385444,7.535870354790652,26,0.05000000000000071,0.5426683929686924,2.673446561110893,0.8752259814576285,11.366181390878708,0.01998277629921606,0.033123028391167195,0.03943217665615142,0.5165913099877992,-0.1336992412490571
31592,s31592.csv,131,0.532,1.842,1.31,1.0,0.0,0.0,131,1.0,67.81771637378874,209.265315,0.5347219025888932,0.0,0.0,0.0,0,0.0,,,,9,0,0.9550176290275293,0.20978539387057243,13.942659868154227,4,0,0.9463844755096648,0.21776105967934134,2.7783002545698383,3,0.235,0.9159766692499081,0.9747604114714692,0.7924093382690782,6.629076351966492,-0.10498028591692998,0.030534351145038167,0.030534351145038167,0.7636795962602007,0.6434348285389546
31593,s31593.csv,431,3.502,7.822,4.32,0.9953596287703016,0.0,0.0,429,0.9953596287703016,225.18285823860055,824.772164,0.975844485481657,0.9953596287703016,0.0,0.002320185614849188,428,0.9930394431554525,6.234683630026736,13.809555000000003,1.910779025197281,9,0,0.6690076204382738,0.4923117582561986,2.822836939039163,4,0,0.7186817699352737,0.48702771212586693,4.733338094444582,4,1.4699999999999998,0.43719023663126555,4.111382223616939,0.8594090233412465,7.68916982889722,-0.0660699222979701,0.04640371229698376,0.04640371229698376,0.6516793395811942,0.11887410942039509
31594,s31594.csv,470,3.502,8.222,4.72,0.9085106382978724,0.01276595744680851,0.0,421,0.8957446808510638,246.32544322690273,685.62393,0.6015796796308059,1.0,0.0,0.002127659574468085,469,0.997872340425532,18.58926954680355,74.96118,1.1760935246602546,9,0,0.8739666613769278,0.3217347060370408,6.381337552332872,4,0,0.8652624959627002,0.3624782485535553,7.18735226525594,15,0.18999999999999972,0.41835230225823844,4.966892350839972,0.44059712103299253,162.72430325155648,-0.029034189421491635,0.10638297872340426,0.10638297872340426,0.25558416606510875,0.11397408903641892
31595,s31595.csv,435,3.502,7.862,4.36,0.9862068965517241,0.011494252873563218,0.0,424,0.9747126436781609,199.11646390960118,558.560045,1.1468455011576304,0.9977011494252873,0.0,0.04827586206896552,413,0.9494252873563218,23.672538535666703,66.12695999999998,2.374233658116717,9,0,0.7784558093457061,0.4298727519356209,3.8675493412215887,4,0,0.5694801755626481,0.6559432819858447,6.858965642972905,14,0.040000000000000036,0.411037869975442,1.9526680007490276,0.91911796399303,2.3955739477333067,-0.018895148701617823,0.011494252873563218,0.01839080459770115,0.39756746910022056,0.14465638220920296
31596,s31596.csv,546,3.502,8.982,5.4799999999999995,1.0,0.0,0.0,546,1.0,100.74732776705876,304.8851925,2.37717252523175,1.0,0.0,0.2802197802197802,393,0.7197802197802198,29.75245435252089,90.839966,1.1802852093569647,9,0,0.45013670147464574,0.703461326451952,3.5778498390291205,4,0,0.14596188600237514,0.9252517004603814,3.9288325859619873,5,1.5,0.7410502079619727,4.622520475102679,0.4703927796115462,103.83745124375314,-0.025619327978036805,0.10073260073260074,0.1043956043956044,0.39077003132704347,0.17712374891384994
31597,s31597.csv,546,3.502,8.982,5.4799999999999995,1.0,0.0,0.0,546,1.0,125.76611957890462,393.6749125000001,2.2370907398923885,1.0,0.0,0.2087912087912088,432,0.7912087912087912,12.340351915010018,39.42456,1.302383819651108,9,0,0.3853778333078467,0.7814752637804977,3.1221238728540968,4,0,0.14171661895085114,0.9200459550037956,4.10203787329993,4,1.5,0.6371905002526533,7.253913699502338,0.5058880088797476,86.55597994009571,-0.00938174299165917,0.15934065934065933,0.15934065934065933,0.5119362032713336,0.23787932617273574
31601,s31601.csv,553,3.502,9.062,5.56,0.9294755877034359,0.05786618444846293,0.0,482,0.8716094032549728,276.3836190737444,641.5227444999999,1.5895047677843563,0.2911392405063291,0.0,0.003616636528028933,159,0.2875226039783002,231.523079799267,708.775101,11.123935466777494,9,0,0.8005611711547141,0.42401101064590846,3.8643928747816143,4,0,0.9014870446771146,0.3145739377943042,7.4246082139019585,17,0.09999999999999964,0.4562665012939374,4.284510685552082,0.7153409352886284,85.87915061018433,0.046776357364937675,0.06148282097649186,0.07233273056057866,0.6349555741383673,-0.061585942864042786
31602,s31602.csv,606,4.512,10.602,6.090000000000001,1.0,0.0,0.0,606,1.0,112.99987002890826,372.2645675,1.5488085817581274,0.0,0.0,0.0,0,0.0,,,,9,0,0.4198246259516345,0.7596343312619812,3.1331241199179813,4,0,0.46938277522834226,0.731747385006295,3.2822093375677777,5,1.5,0.9605681041024564,3.259766189150401,0.8289228788136713,20.749920560722444,-0.005682428994520835,0.066006600660066,0.07755775577557755,0.3746397483377242,0.007542583775517266
31604,s31604.csv,735,6.012,13.392,7.38,0.9782312925170068,0.004081632653061225,0.0,716,0.9741496598639455,171.1727894212241,568.3650700000001,1.3116869752996372,1.0,0.0,0.4217687074829932,425,0.5782312925170068,9.116734127952071,29.56696799999998,1.1133076014419845,9,0,0.8680361761687987,0.3476791716917502,4.7667460863520255,4,0,0.5897299086194134,0.5341551963681042,2.751765212024745,6,1.5,0.32956301716474107,21.30892939062865,0.9803754904471945,-0.9179451649384691,0.010482534686402773,0.0,0.0,0.5009165142141663,0.31434783542822053
31619,s31619.csv,298,5.012,7.992,2.9800000000000004,0.9798657718120806,0.0,0.0,292,0.9798657718120806,43.12533501396264,138.8479075,2.4874300961159443,0.09395973154362416,0.0,0.0,28,0.09395973154362416,38.786255438175466,103.5777875,1.2522758930957465,9,0,0.5200804422341085,0.677602448040034,2.676442947714461,4,0,0.2729698921468099,0.840921913070142,3.2628306804832907,2,,0.933270313238518,0.7312226163648993,0.9418351568206405,0.0016454787020019346,0.027586211163764356,0.0,0.0,0.38294968350171626,-0.13854372252158004
31623,s31623.csv,396,4.002,7.982,3.9800000000000004,0.8459595959595959,0.027777777777777776,0.0,324,0.8181818181818182,324.0269162254432,847.6482359999992,3.3376798278309576,0.98989898989899,0.0,0.0025252525252525255,391,0.9873737373737373,24.933538163541304,82.03318000000002,1.2867800071279942,9,0,0.3725138781339866,0.781687862998159,3.604703321760471,4,0,0.379811873734359,0.8030619104671601,7.01940964804131,0,,0.7224544785344247,8.608785279278063,0.8620876532642152,13.828128927176575,0.05399537876636269,0.012626262626262626,0.020202020202020204,0.263123439225363,-0.014983087308576344
31624,s31624.csv,396,4.002,7.982,3.9800000000000004,0.6717171717171717,0.022727272727272728,0.0,257,0.648989898989899,498.94242041817563,1486.793086,2.353702302640537,1.0,0.0,0.12626262626262627,346,0.8737373737373737,8.418104178642855,23.40314,3.191911308180151,9,0,0.4330052354590391,0.7341503995829914,3.6596657325709545,4,0,0.698270782220699,0.5502084588776046,6.494188335564894,1,,0.624546305180912,11.483866383346076,0.8415078721735947,25.885243785381594,-0.023391709614116414,0.012626262626262626,0.012626262626262626,0.4592431227119456,0.2695879375058405
31626,s31626.csv,156,4.002,5.562,1.5600000000000005,1.0,0.0,0.0,156,1.0,58.077675683451154,152.8064975,2.2001030028125275,1.0,0.0,0.9935897435897436,1,0.00641025641025641,,,,9,0,0.6550751847353019,0.5667140542826951,3.2797515483172113,4,0,0.5982513467964449,0.6330677458857459,4.41998693221255,3,0.5049999999999999,0.8584474885844754,3.323647943500311,0.8671000324866137,1.4773913301978543,0.06710642036459283,0.08974358974358974,0.08974358974358974,0.7041484071054448,-0.1677653458574431
31630,s31630.csv,447,3.512,7.992,4.48,0.9910514541387024,0.0,0.0,443,0.9910514541387024,240.25102229888466,859.4447389999996,1.3116583130613972,0.16554809843400448,0.0,0.0022371364653243847,73,0.16331096196868009,173.76248732437654,305.2960399999999,44.94772668913356,9,0,0.7055988908548971,0.5373424515155304,5.5590758188654945,4,0,0.5186871621845787,0.6742478311261939,3.799672759981334,8,0.2600000000000007,0.8988946390897459,2.4083403779271304,0.7581113101824172,40.339148845053074,0.027529889949254947,0.042505592841163314,0.04697986577181208,0.6040346599520053,0.03848477645771733
31633,s31633.csv,596,3.512,9.492,5.98,1.0,0.0,0.0,596,1.0,160.57615039504796,632.4316999999999,1.9023925225889022,0.025167785234899327,0.0,0.0,15,0.025167785234899327,12.662453883916005,35.481210999999995,2.9497252603924142,9,0,0.5648685442379673,0.6708569729627331,5.438484584947803,4,0,0.2426965865462728,0.8535716216119451,3.5719345857450913,16,0.10000000000000053,1.0261874120851167,2.32678422923845,0.7560578876737689,36.703970162051,0.004624676576333501,0.1040268456375839,0.11241610738255034,0.5627383945092888,0.16770507004004445
31634,s31634.csv,298,3.512,6.492,2.98,1.0,0.0,0.0,298,1.0,223.50489147064124,816.2317730000001,0.9571979697832523,0.9966442953020134,0.0,0.0,297,0.9966442953020134,6.330396942231417,13.301112000000003,2.6556604929225305,9,0,0.7665755249282132,0.49155488191728797,5.177770374080588,4,0,0.6895454459833316,0.5499774624081772,4.605449356324213,2,,0.9561921324646068,3.0820253488422846,0.9338099390995868,0.6861189158316097,-0.07315140059095399,0.030201342281879196,0.030201342281879196,0.5478046403308968,-0.06195796975686211
31635,s31635.csv,447,3.512,7.992,4.48,0.9932885906040269,0.0,0.0,444,0.9932885906040269,216.46993841302037,746.4879469999998,0.8231795701313895,0.9910514541387024,0.0,0.011185682326621925,438,0.9798657718120806,22.383275056609243,72.97940649999998,1.9593487552888071,9,0,0.7178042551580937,0.533171394961899,3.664303781339078,4,0,0.43894382761137085,0.7578096959781583,3.3766109052996276,6,0.4400000000000004,0.915064461435108,2.8630189720027994,0.8399148315932617,15.467532380708327,0.05275550293588484,0.058165548098434,0.06040268456375839,0.7446560384065921,0.07020765262944921
31636,s31636.csv,596,3.512,9.492,5.98,1.0,0.0,0.0,596,1.0,156.0325827957805,544.1102850000001,1.0531591109490805,0.87248322147651,0.0,0.8523489932885906,12,0.020134228187919462,207.3708469773087,414.757033,1.6472981161304043,9,0,0.6569641747719827,0.584508952050185,4.494259444755852,4,0,0.644236881428224,0.5985631390208271,3.8123771771022334,8,0.33999999999999986,0.993725484467105,2.855397638113728,0.9093639740954811,5.8233083888718165,0.012131046993940218,0.05201342281879195,0.06543624161073826,0.4970395470101038,0.0351171432330428
31637,s31637.csv,596,3.512,9.492,5.98,1.0,0.0,0.0,596,1.0,137.58993076638495,526.7395349999999,1.7227172163387998,1.0,0.0,0.08892617449664429,543,0.9110738255033557,15.83979708507573,48.402102,2.267427757555585,9,0,0.6192008130701295,0.6040510567472012,5.697541108305965,4,0,0.36647761441895993,0.8004514487016952,4.4559398733049065,5,1.4949999999999994,1.0949608373189137,4.391503081513843,0.5289178885506867,197.8920500169946,0.015454941749524831,0.030201342281879196,0.03691275167785235,0.5620231893929603,0.21644336855098495
31639,s31639.csv,596,3.512,9.492,5.98,1.0,0.0,0.0,596,1.0,122.38361959462436,491.15126,1.330047513798756,0.9983221476510067,0.0,0.5536912751677853,265,0.4446308724832215,13.768142491496262,35.414373999999995,2.9027884454611375,9,0,0.6677900484039261,0.5822178989917995,4.129121095303808,4,0,0.47971871595744237,0.7200194004444394,3.1244715880931833,7,0.7500000000000002,0.7607987499668959,2.3386692269477574,0.9435353836074142,2.4891361599674817,0.028005186801019558,0.008389261744966443,0.01174496644295302,0.3012467279112712,0.11779321319980393
31640,s31640.csv,298,3.512,6.492,2.98,1.0,0.0,0.0,298,1.0,156.78459755874462,581.947631,2.0039824767350893,1.0,0.0,0.6644295302013423,100,0.33557046979865773,30.176212340960728,23.03644699999998,14.447661225146833,9,0,0.76565915472824,0.4808764233117068,3.2004073821644203,4,0,0.4610416292392079,0.7383184761522652,3.452057179243917,2,,0.6062072899409363,2.2317960560266115,0.9084245565322484,1.2313088003991728,0.05257275590442764,0.010067114093959731,0.013422818791946308,0.3008841807570579,0.05160469458346477
31641,s31641.csv,596,3.512,9.492,5.98,1.0,0.0,0.0,596,1.0,121.39976572489061,487.7963224999999,1.2310961493907266,0.1644295302013423,0.0,0.0016778523489932886,97,0.16275167785234898,11.109665022342346,39.44149199999997,2.9104443175139263,9,0,0.6567589984499898,0.5761974646552385,4.8663827158626765,4,0,0.4847731054645979,0.7166055410891461,3.493765085058625,8,0.6699999999999999,0.8419209170381532,2.587063374394028,0.7954921452067439,23.168339049778723,0.025487003863462993,0.03355704697986577,0.03523489932885906,0.5536929449444737,0.27185038851759297
31642,s31642.csv,596,3.512,9.492,5.98,1.0,0.0,0.0,596,1.0,122.62563468236098,468.69705749999997,1.8404470441832461,1.0,0.0,0.9983221476510067,1,0.0016778523489932886,,,,9,0,0.6789494766143154,0.568226300929764,6.187370058097479,4,0,0.6522892490665404,0.5921015401165783,3.07589571646681,12,0.10000000000000009,0.7391469114489042,4.614072849617929,0.9629395277474934,0.08915424413774176,0.007361712234420321,0.0,0.0,0.46995537142072163,-0.2435570357781855
31643,s31643.csv,695,3.512,10.492,6.98,1.0,0.0,0.0,695,1.0,69.4498794193981,226.93684799999994,1.6271252901981932,1.0,0.0,0.943884892086331,39,0.05611510791366906,18.88779194559126,37.76701200000006,12.426839259027938,9,0,0.7319746294833727,0.49740080862654046,2.9894425991890867,4,0,0.8150148590320065,0.4128588565818841,35.073519492782246,5,1.4999999999999998,0.14879400729896727,3.0440801819091567,0.9456373368205351,2.149259394217857,0.011434858977261117,0.007194244604316547,0.007194244604316547,0.1802174071230989,0.05755466966905646
31644,s31644.csv,695,3.512,10.492,6.98,1.0,0.0,0.0,695,1.0,115.96562148864072,379.5507279999997,1.1277871183016126,1.0,0.0,0.9985611510791367,1,0.0014388489208633094,,,,9,0,0.7433157474383001,0.4741512582163332,3.405810204415008,4,0,0.4355738339839939,0.7481043968940557,3.2566416722186977,5,1.4999999999999998,0.4923939481386812,2.8799457135681807,0.9664308409770529,0.3027046048413833,0.0004115745307449008,0.0,0.0028776978417266188,0.2162580086931021,-0.034989708592074335
31666,s31666.csv,396,4.002,7.982,3.9800000000000004,0.5959595959595959,0.0,0.0,236,0.5959595959595959,305.54739887662544,718.855055,2.4826779711142084,0.5606060606060606,0.0,0.37373737373737376,74,0.18686868686868688,12.8506089237162,28.70774449999995,6.890506271481434,9,0,0.2277829141266593,0.8672271161357132,4.05976517051141,4,0,0.13128844927886174,0.9334234770193686,3.1249013377878434,0,,0.5173487292692597,1.5293381465277154,0.8282604046026484,15.341339879148721,-0.008107194153461731,0.025252525252525252,0.025252525252525252,0.5332961286718267,0.40677415405936496
31673,s31673.csv,450,4.612,9.132,4.52,1.0,0.0,0.0,450,1.0,99.72901806677233,292.9071204999999,1.1677914692304234,1.0,0.0,0.86,63,0.14,14.986678551045838,50.93661099999999,1.6623775475947495,9,0,0.7056417478186204,0.5091773946330411,3.5228551802163155,4,0,0.7866482968502178,0.45169432051805036,2.880454173548053,5,1.1949999999999998,0.5882009214518489,5.955080187825708,0.5462659018705566,119.32432821308868,0.016195515697344467,0.11777777777777777,0.12444444444444444,0.2222716211000706,0.10880927228484755
31674,s31674.csv,714,4.612,11.792,7.18,1.0,0.0,0.0,714,1.0,100.880056693524,326.35699550000004,1.3516550594757968,0.0,0.0,0.0,0,0.0,,,,9,0,0.6600021785034919,0.5560422765128904,3.971749906040878,4,0,0.19297949017751204,0.8972292204048145,3.4302887511465556,7,1.1999999999999997,0.6770818142044652,7.990185400547778,0.4652157893017709,304.97452185430257,0.0038523034346755916,0.12044817927170869,0.12885154061624648,0.19116491191285906,-0.000983332521307528
31676,s31676.csv,238,4.612,6.992,2.38,1.0,0.0,0.0,238,1.0,150.79768569764676,414.9675529999996,1.2447333038520936,0.9957983193277311,0.0,0.0,237,0.9957983193277311,20.922686050842476,70.47883799999998,1.5117873575800231,9,0,0.8567248463343557,0.3773314911441614,2.879657359601308,4,0,0.327087715140559,0.8233956280927809,3.911632924038901,5,0.395,0.6283874466139713,5.294630746762252,0.5805232839392127,50.71375333927817,-0.018907232033682473,0.08823529411764706,0.09243697478991597,0.37165410343365957,0.15513745671584458
31677,s31677.csv,476,4.612,9.392,4.779999999999999,0.9810924369747899,0.0,0.0,467,0.9810924369747899,197.23404454987394,748.8724709999998,2.8517822121246064,1.0,0.0,0.1134453781512605,422,0.8865546218487395,22.41928320035989,76.928071,1.9515553157233116,9,0,0.7040245428481442,0.531639678209988,6.3092807063306875,4,0,0.7293868930717323,0.5116123444218574,5.779327301318162,12,0.009999999999999787,0.6057986051069227,3.134397515506911,0.6239570198254701,70.36856168262916,0.002439296627896668,0.10084033613445378,0.1092436974789916,0.7132498271327237,0.20660960278976964
31678,s31678.csv,119,4.612,5.792,1.1799999999999997,0.8235294117647058,0.008403361344537815,0.0,97,0.8151260504201681,379.5271807295082,1137.8562919999995,0.6301680726680327,1.0,0.0,0.9915966386554622,1,0.008403361344537815,,,,9,0,0.8680932534181489,0.3502279738876312,4.281139294571502,4,0,0.8430184593181108,0.39321408355354664,3.0970640224882637,6,0.3199999999999994,0.4507479241367503,3.7335820490367597,0.482306323710762,35.14034528871845,-0.011113818369132777,0.08403361344537816,0.08403361344537816,0.7993816061331865,-0.08850956401118129
31679,s31679.csv,357,4.612,8.192,3.58,1.0,0.0,0.0,357,1.0,231.16220696127675,747.7178039999999,1.2015248805147045,1.0,0.0,0.9971988795518207,1,0.0028011204481792717,,,,9,0,0.6130977980404162,0.6044106428490513,3.4192781013346414,4,0,0.2704869021756082,0.8563045258228963,2.951648712959308,7,0.010000000000000231,0.7552893350990125,2.5060913966485083,0.9014164696037671,2.4313238587512718,-0.031104235941818627,0.036414565826330535,0.0392156862745098,0.5398202209846739,-0.11195748886465934
31681,s31681.csv,103,4.612,5.632,1.0199999999999996,0.7378640776699029,0.009708737864077669,0.0,75,0.7281553398058253,494.78923924607074,1263.595865,0.5708591534017469,0.0,0.0,0.0,0,0.0,,,,9,0,0.9257033699149323,0.2663077455678126,3.7005050521417964,4,0,0.824381174303785,0.4167925693717269,1.905068573360664,4,0.009999999999999787,0.750918474999763,4.880600090210467,0.5058797389594311,29.5599364839765,0.029615936016375077,0.21359223300970873,0.23300970873786409,0.8634196191567388,-0.07071342671397891
31682,s31682.csv,833,4.612,12.992,8.38,0.9915966386554622,0.0012004801920768306,0.0,825,0.9903961584633854,145.64765499883097,463.746592,1.431992778768418,0.15486194477791115,0.0,0.0,129,0.15486194477791115,53.49633521704653,142.663674,0.9587740530395615,9,0,0.7120092945487313,0.5451290117941583,3.920456207774442,4,0,0.5125607571584064,0.7417518852917109,2.40667260463526,19,0.2150000000000003,0.8780129225191813,3.313382230019127,0.6679093725251911,73.81464978312295,0.04024658902476957,0.1452581032412965,0.15486194477791115,0.4049907492243078,0.028907560943452856
31683,s31683.csv,833,4.612,12.992,8.38,0.9987995198079231,0.0,0.0,832,0.9987995198079231,142.5365612388319,486.16153299999996,2.1368114084922665,1.0,0.0,0.9987995198079231,1,0.0012004801920768306,,,,9,0,0.6910301495065855,0.5518462630504642,3.5676246096872224,4,0,0.6297123949353707,0.561119371449275,3.4037899119875537,16,0.019999999999999574,0.7112338858195218,4.4409681427308065,0.48034393508181294,180.56735167301053,-0.031622840369480196,0.1092436974789916,0.11404561824729892,0.3192264363969101,0.3117161890917642
31684,s31684.csv,833,4.612,12.992,8.38,0.9915966386554622,0.0012004801920768306,0.0,825,0.9903961584633854,159.10955383424343,526.928408,1.1888494759651926,0.9963985594237695,0.0,0.6362545018007203,300,0.36014405762304924,4.4999437823398445,10.8755825,2.5812100511686435,9,0,0.68495909249397,0.5348262078564828,3.1467974400270053,4,0,0.7561029926628775,0.4240850399523258,2.0115182394337405,7,1.125,0.7821307396516635,6.1224180845161245,0.47114521397020315,297.70057872265863,-0.01841974605044435,0.12845138055222088,0.13205282112845138,0.4087329291767538,0.019406742459173607
31685,s31685.csv,596,2.512,8.492,5.98,0.9949664429530202,0.0,0.0,593,0.9949664429530202,210.70101274530788,662.607274,1.084347999819319,1.0,0.0,0.9983221476510067,1,0.0016778523489932886,,,,9,0,0.7688377735849857,0.4531504048838946,3.2463924844205034,4,0,0.4992583410673708,0.7100845467089414,3.819565742057927,3,1.5,0.4072198562147282,5.094765767257677,0.6693730675923749,79.47164591192974,-0.0292790038286799,0.050335570469798654,0.05536912751677853,0.43243427390686223,-0.025026515644188955
31686,s31686.csv,733,2.512,9.872,7.359999999999999,0.9959072305593452,0.001364256480218281,0.0,729,0.9945429740791268,259.4932042293413,814.3571679999999,1.1931387380012086,0.7789904502046384,0.0,0.0,571,0.7789904502046384,4.294592301711308,13.689445000000003,1.4332318366365828,9,0,0.7845315689764208,0.4278449761203068,2.884698313302585,4,0,0.46039526729339453,0.7301395142976159,3.117805133855066,15,0.20499999999999963,0.44232438793818585,4.980485320072541,0.8139742100520045,19.49991872149665,-0.0225728050755113,0.09959072305593451,0.10368349249658936,0.4810343176747353,-0.010674662012474741
31687,s31687.csv,596,2.512,8.492,5.98,0.9916107382550335,0.0016778523489932886,0.0,590,0.9899328859060402,243.0099698636964,744.4352114999998,1.457338679307094,0.9932885906040269,0.0,0.5033557046979866,292,0.4899328859060403,16.39341899399676,40.10737949999999,1.6454626080308357,9,0,0.7863586328071408,0.42530010128482576,2.7397501654560057,4,0,0.2408804267545241,0.8732019982774384,3.022967541914134,13,0.3899999999999999,0.3453814473426164,8.724547324107252,0.3989522223495813,188.2534676102371,0.019223338484423223,0.12080536912751678,0.12751677852348994,0.4443102582797331,-0.03878922881750357
31688,s31688.csv,596,2.512,8.492,5.98,0.9966442953020134,0.0,0.0,594,0.9966442953020134,281.6287780813023,959.273021,1.337860564397873,0.9781879194630873,0.0,0.2533557046979866,432,0.7248322147651006,45.69838195158842,135.7637195,1.6820912864699267,9,0,0.7879359844100834,0.42766291968481057,2.946634604956117,4,0,0.2685960108540435,0.8495876110955107,3.2456899904794216,15,0.21000000000000085,0.4844479516012362,8.409064995981991,0.4881678231087612,88.45056075190068,-0.045248944819306414,0.06543624161073826,0.08221476510067115,0.2899939739481768,-0.020520246881761003
31689,s31689.csv,596,2.512,8.492,5.98,0.988255033557047,0.0,0.0,589,0.988255033557047,259.66872640369655,805.84788,1.8025871333173764,0.19966442953020133,0.0,0.003355704697986577,117,0.19630872483221476,119.45214518650774,145.58806599999997,1.6931777244721335,9,0,0.7813383235704328,0.4389814306043132,3.08224328845186,4,0,0.3340510529115279,0.8098831119871073,3.9573361640757025,11,0.06500000000000039,0.4322363869947615,8.834285428559046,0.4652148815647452,207.0559562824801,-0.042256835284161964,0.06040268456375839,0.07046979865771812,0.2989382814488962,-0.07122701780227543
31702,s31702.csv,1,0.0,0.0,0.0,0.0,0.0,0.0,0,0.0,,,,0.0,0.0,0.0,0,0.0,,,,9,0,,,,4,0,,,,0,,,,,,,0.0,0.0,,
31704,s31704.csv,44,1.002,1.432,0.42999999999999994,1.0,0.0,0.0,44,1.0,102.29291854610358,302.1091965,0.5366553601308973,1.0,0.0,0.9772727272727273,1,0.022727272727272728,,,,9,0,0.8357419382546057,0.3599855247079098,2.939649049164469,4,0,0.8064682468315216,0.43075657434043024,3.117230303302915,2,,0.9191072654499298,1.6547246752344185,0.32345648344961564,23.347387032203724,-0.030121308255595704,0.22727272727272727,0.22727272727272727,0.9815239379440405,-0.09177517414064426
31706,s31706.csv,79,1.002,1.782,0.78,1.0,0.0,0.0,79,1.0,326.9780338458187,1112.114089,0.3447969896228765,0.05063291139240506,0.0,0.0379746835443038,1,0.012658227848101266,,,,9,0,0.9126081758872506,0.30331797751511397,3.655746337027209,4,0,0.9434475866094939,0.23711174556438622,3.005348261775096,5,0.06000000000000005,0.7425137825724824,2.2868573965418757,0.44469825386635153,18.849108937290026,-0.13404131007741685,0.2911392405063291,0.2911392405063291,0.607951679459136,-0.08680264352604555
31711,s31711.csv,552,4.512,10.052,5.54,0.9891304347826086,0.0,0.0,546,0.9891304347826086,271.75674999512324,875.4455175,1.0545143721712278,0.0,0.0,0.0,0,0.0,,,,9,0,0.8414103877853805,0.3906517674720163,3.7379196673160435,4,0,0.7697363982091061,0.48376771240840505,7.3213249335584845,14,0.20000000000000018,0.6633001467866488,6.29650868639545,0.9304620549405892,2.1347872187817947,-0.0219496051320524,0.009057971014492754,0.010869565217391304,0.4883379231158154,-0.23770094985546164
31713,s31713.csv,322,4.512,7.742,3.2300000000000004,0.9968944099378882,0.0,0.0,321,0.9968944099378882,247.66789523920036,735.6144400000001,0.745650656996056,1.0,0.0,0.006211180124223602,320,0.9937888198757764,6.952620974042316,19.702689500000005,1.4476392627297143,9,0,0.9021129156506207,0.3019427632129335,2.828283467730319,4,0,0.6533676512262785,0.5777412411015357,3.9938607297199886,4,1.5,0.39191822325334313,5.68622687637297,0.7656247068355744,20.64906349061822,-0.019695147949509936,0.13043478260869565,0.13975155279503104,0.5658146491636249,0.2616330654240924
31714,s31714.csv,230,4.512,6.812,2.3000000000000007,0.9956521739130435,0.0,0.0,229,0.9956521739130435,175.8743020771176,523.0908519999998,1.6362757840747921,1.0,0.0,0.004347826086956522,229,0.9956521739130435,29.112187915568796,90.98712400000001,0.812987148848009,9,0,0.6730942752446603,0.5526493903085528,5.192353788314452,4,0,0.7285112383178822,0.4921321257123666,2.62812584215667,3,1.1500000000000004,0.5823441824195718,24.32760997001661,0.9481445769972482,-0.3987066359145819,-0.014546233405924293,0.0,0.0,0.8244231334697351,-0.010856091328653696
31715,s31715.csv,87,6.012,6.872,0.8600000000000003,0.8045977011494253,0.034482758620689655,0.0,67,0.7701149425287356,493.3457837288522,1680.5044819999998,0.8024729403033493,0.0,0.0,0.0,0,0.0,,,,9,0,0.389921830405774,0.750635332012093,2.3769600905971195,4,0,0.7737613158416723,0.46442169930458466,4.001924379173171,2,,0.4601256182505863,12.98178310740348,0.2877383441725888,61.017766945788225,-0.01776351775979224,0.4367816091954023,0.4367816091954023,0.9929414527986106,0.9286188631552346
31716,s31716.csv,313,6.012,9.152,3.1399999999999997,0.9936102236421726,0.003194888178913738,0.0,310,0.9904153354632588,168.86700220592377,415.9857455,2.752732547458121,0.0,0.0,0.0,0,0.0,,,,9,0,-0.09809937869265736,1.0460983775850574,5.0433979991223605,4,0,0.2993995657572742,0.8371277552582942,3.887607118899939,3,1.5699999999999998,0.4880775696114823,39.79096999837216,0.08212828365347995,282.77018928085624,-0.005096632498700746,0.20766773162939298,0.21725239616613418,0.9919555595058718,0.9746637363756251
31717,s31717.csv,596,5.712,11.692,5.98,0.9328859060402684,0.0,0.0,556,0.9328859060402684,178.74478153145103,473.45726250000007,0.7229703831575646,1.0,0.0,0.9983221476510067,1,0.0016778523489932886,,,,9,0,0.7482885927464599,0.48736737838909117,3.2470663541566616,4,0,0.8714392045090362,0.35727635908604793,4.727393260894328,9,0.7450000000000001,1.3507229940459322,5.252978978471015,0.8062757143523281,19.333637126836972,-0.09869381874347202,0.14429530201342283,0.14597315436241612,0.8855030785672263,-0.0513753703819898
31719,s31719.csv,596,5.712,11.692,5.98,0.9966442953020134,0.0,0.0,594,0.9966442953020134,139.1073850261995,409.96717499999994,0.8211821018274761,1.0,0.0,0.25,447,0.75,12.25778291204882,35.268370000000004,1.3988478617908218,9,0,0.7330899791302415,0.508794938546237,2.8838016175878827,4,0,0.8262379027307309,0.42181661538190485,2.415655631166679,15,0.03500000000000014,0.22975113700240174,8.449396976660793,0.6554818176040547,44.953719968892926,0.0723975601365523,0.09395973154362416,0.09899328859060402,0.8999441814261246,0.0846398146705665
31722,s31722.csv,149,5.712,7.192,1.4800000000000004,1.0,0.0,0.0,149,1.0,92.95124271888623,290.11173199999996,1.9495868364778237,0.9932885906040269,0.0,0.013422818791946308,146,0.9798657718120806,7.232930714866248,22.084799999999987,1.9798448305270497,9,0,0.1973604074014296,0.7361457515061508,3.662392398857805,4,0,-0.02377819574287686,1.0200573830633455,4.377855380735098,2,,0.5871069716300024,3.8831214408792007,0.6198335496993335,27.40608121843487,0.04868816666131937,0.06711409395973154,0.08053691275167785,0.3646169345061436,-0.028131309172359807
31723,s31723.csv,447,5.712,10.192,4.48,1.0,0.0,0.0,447,1.0,111.12799525126744,336.9061249999999,1.2367451003337002,1.0,0.0,0.9574944071588367,19,0.042505592841163314,8.502634907325646,25.345178000000004,2.274937088020081,9,0,0.5909469434393668,0.6232551567086211,2.7940852393511912,4,0,0.5568304257606804,0.6645994320557618,2.7489138804373754,16,0.019999999999999574,0.6446046116433755,4.106726158059309,0.849611041802458,7.8424410940839735,-0.0718906271797618,0.10961968680089486,0.11409395973154363,0.7877576539368152,-0.11762238644863093
31725,s31725.csv,596,3.512,9.492,5.98,1.0,0.0,0.0,596,1.0,160.251605394378,452.3822225,2.651235388248547,1.0,0.0,0.9983221476510067,1,0.0016778523489932886,,,,9,0,0.3505884523231925,0.7960139707105819,3.4316135482399677,4,0,0.04677646309315358,0.9702928011778023,3.4129106002006906,9,0.75,0.7275912533515592,7.336122623438678,0.7598821386415991,28.809690468068485,-0.18817946721437337,0.11912751677852348,0.12416107382550336,0.7441880237474648,0.16857033038388058
31727,s31727.csv,596,3.512,9.492,5.98,1.0,0.0,0.0,596,1.0,132.22452856253304,390.27400250000005,0.983466506777955,1.0,0.0,0.9983221476510067,1,0.0016778523489932886,,,,9,0,0.5639650745052521,0.6572002149744742,3.023558900330209,4,0,0.41761297987148815,0.7637542855444084,3.7057732810273105,8,0.20000000000000018,0.5028568897550609,8.98808701134201,0.4839474056422372,194.64970831270477,0.07256139966194046,0.13087248322147652,0.13758389261744966,0.1305262208121295,-0.04275951577150452
31730,s31730.csv,99,5.012,5.992,0.9800000000000004,1.0,0.0,0.0,99,1.0,57.84051700182283,166.38762100000002,2.1994022961792212,0.0,0.0,0.0,0,0.0,,,,9,0,0.49690566748934134,0.6636910154310868,3.3786697105938757,4,0,0.23420243480038383,0.8600895188818432,3.3683895938797312,1,,0.6876236722003612,4.540542057988019,0.4141737918735292,19.011412596531912,-0.035669496110970846,0.20202020202020202,0.20202020202020202,0.24528566374592753,-0.18896449440621552
31737,s31737.csv,288,6.312,9.192,2.88,1.0,0.0,0.0,288,1.0,210.5887361169627,692.0826165000001,3.1541089884563323,0.9895833333333334,0.0,0.006944444444444444,283,0.9826388888888888,24.89470315356149,75.97337,1.9687681546780447,9,0,0.2163284153987549,0.878345458741669,3.7649037261350453,4,0,0.3754959177229512,0.7903186434464672,2.970591109923642,2,,0.522196881577975,3.411904526348682,0.7273697470930981,27.2815094908827,0.04036068244012852,0.0763888888888889,0.0763888888888889,0.4531522290249627,0.15366251220862312
31744,s31744.csv,297,3.012,5.992,2.98,0.9865319865319865,0.0,0.0,293,0.9865319865319865,332.1099448857888,1130.639974,1.1396955581843553,0.0,0.0,0.0,0,0.0,,,,9,0,0.9524186884699487,0.21897848568729053,2.265208613696161,4,0,0.7981988190218294,0.4404498854243819,4.1099116034492775,12,0.1299999999999999,1.0386381254785064,15.592374077550335,0.6658745473157186,22.5139888939491,0.09435523637711155,0.3333333333333333,0.3434343434343434,0.9735478578450671,-0.045305747215625886
31745,s31745.csv,297,3.012,5.992,2.98,0.7878787878787878,0.0,0.0,234,0.7878787878787878,380.07819074322117,1214.8437909999998,0.7575858787473863,1.0,0.0,0.2727272727272727,216,0.7272727272727273,10.034379209283328,34.06527749999999,2.1805479926777362,9,0,0.9543757759500772,0.2131995387477955,2.2283260849487316,4,0,0.8441173766323644,0.39522073788645623,3.066399561840427,9,0.20500000000000052,0.9675722830939234,16.577585495837486,0.7904157658732486,10.859138449133969,-0.01008429055457978,0.31986531986531985,0.31986531986531985,0.9616060124701745,0.11587297848870493
31746,s31746.csv,545,3.012,8.492,5.48,0.9798165137614679,0.0,0.0,534,0.9798165137614679,313.1194164617461,964.282732,1.1894139706729585,0.6330275229357798,0.0,0.5743119266055046,32,0.05871559633027523,232.93801512038698,703.3852304999998,29.574831302458723,9,0,0.9409218689763882,0.22735495427978727,6.860245745705567,4,0,0.9082698069145378,0.3040953255558333,3.7478783238468107,17,0.13999999999999968,0.9195870323441329,35.79340052449732,0.9717520775252765,-0.32812583462433786,0.10629681305799929,0.005504587155963303,0.005504587155963303,0.8748035137406638,0.4712542734389123
31747,s31747.csv,545,3.012,8.492,5.48,0.8844036697247707,0.001834862385321101,0.0,481,0.8825688073394495,360.1341091400858,1082.86311,0.7985382620533791,0.9541284403669725,0.0,0.6568807339449542,162,0.29724770642201837,59.689644751557594,193.89237049999997,1.6043139844680967,9,0,0.9297320098242609,0.2562160042331423,3.7003404159847864,4,0,-0.013397825265322825,1.0054429261230604,3.2272399044603666,18,0.16999999999999993,0.9146887550200802,31.626686667691956,0.9276970028702454,4.246249863394057,-0.01282990575230009,0.48073394495412847,0.48256880733944957,0.943307720395554,0.3792078085390223
31766,s31766.csv,139,8.502,9.892,1.3899999999999988,1.0,0.0,0.0,139,1.0,67.54324413453622,203.65618099999995,2.0350471604886557,0.0,0.0,0.0,0,0.0,,,,9,0,0.5102139070789353,0.6563102702153689,3.4483175085393682,4,0,0.8486784676067869,0.39559569285843343,5.624574452205758,2,,0.6724596136044673,12.495412960083963,0.6289384195124994,13.126730552099986,-0.12232972550377573,0.3669064748201439,0.3669064748201439,0.8969645979916067,-0.10373604000544838
31767,s31767.csv,3,0.0,0.412,0.412,0.6666666666666666,0.0,0.0,2,0.6666666666666666,,,,0.0,0.0,0.0,0,0.0,,,,9,0,,,,4,0,,,,0,,,,,,,0.0,0.0,,
31769,s31769.csv,80,3.502,4.292,0.79,1.0,0.0,0.0,80,1.0,55.74185967399884,198.3329605,1.2937162931060857,1.0,0.0,0.9875,1,0.0125,,,,9,0,0.7003853800797807,0.512128020277623,2.842698104538136,4,0,0.8767862553832155,0.3386187521471987,5.254126158006513,1,,0.6584401149852954,2.4059261365605735,0.858147262067074,-0.034871525762680156,0.0877060853045041,0.0,0.0,0.3317594269095235,-0.3500283066768895
31770,s31770.csv,378,3.502,7.292,3.79,0.9920634920634921,0.0,0.0,375,0.9920634920634921,151.08716715152894,252.42037799999997,1.5481735703138904,0.8492063492063492,0.0,0.007936507936507936,318,0.8412698412698413,25.19199823022005,84.40751999999998,1.7973402252178148,9,0,0.43138304170376357,0.7083183293933695,3.7612222052399424,4,0,0.6712977624977674,0.5667396529213022,4.72395445594282,3,1.1550000000000002,0.7342755869310514,4.337616198198934,0.8414087843257013,7.504200554558551,-0.022532367795669864,0.13756613756613756,0.1455026455026455,0.7594854361874048,-0.11597584842371587
31771,s31771.csv,527,3.502,8.792,5.29,0.9582542694497154,0.003795066413662239,0.0,503,0.9544592030360531,181.61527287638714,475.74280399999986,0.7474033493126273,0.0,0.0,0.0,0,0.0,,,,9,0,0.8091366499671113,0.43953114866818016,4.3772968340972644,4,0,0.9005593194169125,0.31566739079076167,2.913477008094315,10,0.379999999999999,0.32011816251606595,18.33915222600074,0.7887291103458456,23.369716678769123,0.2802152868392988,0.2523719165085389,0.25806451612903225,0.9843305230348903,0.6997601075757821
31772,s31772.csv,139,4.312,5.692,1.38,1.0,0.0,0.0,139,1.0,27.37891167296976,84.13462500000003,2.286341934908148,0.9424460431654677,0.0,0.8633093525179856,11,0.07913669064748201,7.290587649538272,20.56993,10.071481940698025,9,0,0.26720970177130243,0.8231862541255696,3.802285524429026,4,0,0.11204271663526802,0.9274446332284261,3.5355327275851485,1,,0.44071991001124544,2.2238346550721824,0.8687100434854982,0.5389659344502609,-0.02398819905794955,0.0,0.007194244604316547,0.31943838014887577,0.004238787873345954
31780,s31780.csv,108,0.502,1.572,1.07,0.7129629629629629,0.0,0.0,77,0.7129629629629629,260.7699017545954,749.8382280000001,1.3451036284835696,0.0,0.0,0.0,0,0.0,,,,9,0,0.9826329826948454,0.12148110436951101,2.156695491352499,4,0,0.9697828798105514,0.16657095270852948,3.6498197006261353,5,0.04999999999999993,0.4587839379719708,0.825357557362363,0.7625533378421349,5.333213806934985,0.07566507237869934,0.037037037037037035,0.037037037037037035,0.6664737023445904,0.2967687253933629
31781,s31781.csv,233,0.532,2.932,2.4,0.9227467811158798,0.0,0.0,215,0.9227467811158798,274.84324716531904,836.109194,2.2781458164177786,0.8068669527896996,0.0,0.39914163090128757,95,0.40772532188841204,38.792406545155664,122.406216,3.3216108536791666,9,0,0.8757935638556972,0.33277219777635875,4.118275047746536,4,0,0.9767307769995244,0.15204383590763962,2.1177040328999466,14,0.019999999999999574,0.4589800416503053,3.250082152979338,0.5177931532267174,40.01994204354197,-0.07731043641790922,0.26609442060085836,0.2832618025751073,0.8860777038444643,0.29810652536659177
31792,s31792.csv,149,5.012,6.492,1.4800000000000004,0.7718120805369127,0.013422818791946308,0.0,113,0.7583892617449665,392.9518433038106,380.99812599999996,0.6704377342966775,0.9664429530201343,0.0,0.006711409395973154,143,0.959731543624161,26.238959970714507,91.815188,1.9096991719848915,9,0,0.5888363039237944,0.6327676946463371,3.7739395755213696,4,0,0.7030122404194359,0.548205165562472,3.120650328402908,0,,0.7521935367394847,21.664123669986935,0.8369520415778056,2.6195155220798125,0.1786778713628261,0.3959731543624161,0.40268456375838924,0.9694929233206018,-0.4160910029463774
31793,s31793.csv,298,3.512,6.492,2.98,0.9966442953020134,0.0,0.0,297,0.9966442953020134,68.79118145128119,155.33940599999994,2.377444995428272,1.0,0.0,0.5033557046979866,148,0.4966442953020134,6.71645019482415,22.22959800000001,2.043477253410793,9,0,0.3642787359193778,0.7799373647012395,3.0785788987378773,4,0,0.09851026088098234,0.9404042394371755,4.001386027058582,2,,0.34302951950010757,2.567254618252263,0.7808264628659058,10.294642857388208,-0.005871153112064528,0.17114093959731544,0.174496644295302,0.7581982492884509,-0.056763123948414256
31794,s31794.csv,298,3.512,6.492,2.98,1.0,0.0,0.0,298,1.0,82.90964055988245,304.29553350000003,2.1663020674429365,1.0,0.0,0.9362416107382551,19,0.06375838926174497,24.033789537604076,75.678033,2.3070117193571638,9,0,0.3337816832463707,0.7960124993600081,3.2304956009571164,4,0,0.6588667045920494,0.5865789252249383,2.728439126136287,3,0.7550000000000001,0.6011017323717415,2.6619064084525146,0.8138506206122966,9.77629907923227,0.06782819218530618,0.050335570469798654,0.05704697986577181,0.7957068460474285,-0.012137907826828626
31798,s31798.csv,298,3.512,6.492,2.98,1.0,0.0,0.0,298,1.0,71.82135211564197,142.27162799999996,2.565662654689691,1.0,0.0,0.9362416107382551,19,0.06375838926174497,42.08239619781406,123.78065400000001,0.7859083943554304,9,0,0.22068418164687376,0.8598465945663282,3.416168684717239,4,0,0.26785640693111823,0.867518396477085,3.541972117183837,3,0.7550000000000001,0.645431684828163,4.308926720880258,0.8501333225984767,5.7292220255184105,-0.10442195468952445,0.29194630872483224,0.29194630872483224,0.8736450763466935,-0.10989786389289002
31801,s31801.csv,327,1.002,4.292,3.29,0.7614678899082569,0.0030581039755351682,0.0,248,0.7584097859327217,511.76059795066107,1456.6092285,0.8178489520104941,0.4801223241590214,0.0,0.47706422018348627,1,0.0030581039755351682,,,,9,0,0.9050179053115269,0.3096781518945118,2.787594033505142,4,0,0.8365426826276239,0.40580061513007715,4.630240981933123,43,0.010000000000000231,0.4331347960645125,9.128814014770043,0.8973734193764352,2.712357618085609,-0.08754986350865682,0.039755351681957186,0.05504587155963303,0.7986615324909643,-0.11179912451636917
31802,s31802.csv,177,1.022,2.792,1.7699999999999998,0.8531073446327684,0.0,0.0,151,0.8531073446327684,547.8744946748817,1750.6950299999999,0.7081100459600368,0.6666666666666666,0.0,0.6610169491525424,1,0.005649717514124294,,,,9,0,0.9130183804053255,0.29260970034465983,2.4424987769338733,4,0,0.8913867827014296,0.3300408610429185,4.4064324322226485,9,0.04499999999999993,0.5171152747839866,24.792189444673,0.5238644782313062,20.361571548806978,-0.16620123014156168,0.3672316384180791,0.3785310734463277,0.980843286534144,0.21492077411550362
31803,s31803.csv,179,1.002,2.792,1.7899999999999998,0.6256983240223464,0.0335195530726257,0.0,106,0.5921787709497207,535.662633231345,1479.920985,1.2963716953862903,0.441340782122905,0.0,0.43575418994413406,1,0.00558659217877095,,,,9,0,0.921469289723142,0.28157843231483975,3.6197564330055076,4,0,0.8961892168361212,0.32840761101435045,3.7049102844722763,6,0.050000000000000266,0.5171066762002834,18.107685366724937,0.49365373163494825,26.447894541661697,-0.1388471668319446,0.3463687150837989,0.3463687150837989,0.9283684766002751,0.5102269840389554
31804,s31804.csv,324,1.002,4.292,3.29,0.8487654320987654,0.0030864197530864196,0.0,274,0.845679012345679,554.2962840744543,1888.484140499999,0.8738907794019246,0.9660493827160493,0.0,0.39814814814814814,184,0.5679012345679012,28.347952770558113,96.13645349999999,1.399615247425445,9,0,0.9383472536318701,0.2412812855565107,2.6667351461045254,4,0,0.8800245818797251,0.34881591307348614,4.2738274554823965,13,0.2549999999999999,0.5152993340627575,12.20237441238734,0.5245210465315637,114.79984117449843,-0.04207098003704928,0.2654320987654321,0.26851851851851855,0.9243989013561872,0.004625123763469128
31805,s31805.csv,324,1.002,4.292,3.29,0.8148148148148148,0.0030864197530864196,0.0,263,0.8117283950617284,545.4458785397352,1694.649616999998,0.5580098737807887,0.6975308641975309,0.0,0.6080246913580247,29,0.08950617283950617,24.05993921535352,75.41224999999999,0.6308642534470322,9,0,0.947228402906458,0.22610764041115358,2.6304341981250356,4,0,0.9888102474597829,0.10292663552611842,5.9801161882719915,10,0.16000000000000014,0.5398946653924475,8.58901052815038,0.7544367067202962,16.16851657498694,0.11153286449326269,0.22530864197530864,0.22530864197530864,0.678641284593371,0.022629671259916627
31806,s31806.csv,327,1.002,4.292,3.29,0.746177370030581,0.009174311926605505,0.0,241,0.7370030581039755,563.5566928947866,1629.54473,0.8252852218372362,0.05198776758409786,0.0,0.0,17,0.05198776758409786,58.89927534372443,152.628076,6.540141677359404,9,0,0.9153835641259782,0.29130100995829833,2.6012536133695674,4,0,0.9782497775434531,0.14876815487508538,7.1260567302199895,13,0.06500000000000017,0.6149319749862349,7.016853005690652,0.7571230231821293,17.22176426222027,0.0064924956001042936,0.23547400611620795,0.23547400611620795,0.7873664057163011,0.08679994947504359
31809,s31809.csv,107,6.902,7.992,1.0899999999999999,0.411214953271028,0.009345794392523364,0.0,43,0.40186915887850466,163.5305173565948,564.3188589999999,3.537807244239979,1.0,0.0,0.9906542056074766,1,0.009345794392523364,,,,9,0,0.17407833045006682,0.8016389527923043,3.8759709173624097,4,0,-0.2855094884736366,1.1442184674211249,2.9837024752883163,2,,0.607124329932563,1.8010860331867788,0.7370331049550172,4.679972509184146,-0.1051641682662521,0.09345794392523364,0.09345794392523364,0.6653522646687197,0.4266210331998629
31815,s31815.csv,397,3.512,7.492,3.98,0.9974811083123426,0.0,0.0,396,0.9974811083123426,219.3734262310272,710.518035,2.339728483248158,1.0,0.0,0.6221662468513854,150,0.3778337531486146,17.802127791401745,57.095279000000005,1.9404814654695997,9,0,0.39634488680643565,0.7580155125636509,3.3728144876286854,4,0,0.1452674265548994,0.9167604078073635,3.193154334354342,5,0.5,0.7184699892329889,3.673631599827439,0.6403403008234899,60.81653227942188,-0.03227869638134107,0.07556675062972293,0.08564231738035265,0.48086253109717725,0.07009652337313582
31862,s31862.csv,745,3.712,11.192,7.48,0.9369127516778524,0.006711409395973154,0.0,693,0.9302013422818792,198.58547295664363,435.7000499999999,1.9994307079497298,0.9986577181208054,0.0,0.42953020134228187,424,0.5691275167785235,9.107817615579625,13.894888999999992,3.475425985279838,9,0,0.07282966245060192,0.9696287509972442,3.3752125552706285,4,0,0.3013042323034242,0.8394983330492047,3.1008992265871926,4,2.9899999999999993,0.735031347962384,12.883033975739725,0.9759164729157749,-0.8359445117625756,0.022367984352017277,0.0,0.0,0.2924487443830095,-0.02189444102925833
31863,s31863.csv,745,3.712,11.192,7.48,0.9100671140939597,0.010738255033557046,0.0,670,0.8993288590604027,150.9630430461772,378.4519579999999,2.2258272204564444,1.0,0.0,0.6281879194630873,277,0.3718120805369127,22.412351751711856,85.16341599999998,1.2651967251899943,9,0,0.39507370971826056,0.7621196480172857,3.3462333449389767,4,0,0.6799464214482251,0.5534704155361077,3.1780325408427297,10,0.8900000000000006,1.0356050626670674,13.775973786455683,0.8409204072290524,60.72394790663357,-0.0008181770330312295,0.006711409395973154,0.006711409395973154,0.18573358037920923,-0.06276094103876814
31864,s31864.csv,546,3.502,8.982,5.4799999999999995,0.9963369963369964,0.0,0.0,544,0.9963369963369964,149.7641131809964,406.7005745000001,0.8401877881665251,1.0,0.0,0.9926739926739927,4,0.007326007326007326,,,,9,0,0.704341142633778,0.5120539345598059,2.695377391710258,4,0,0.8710961967271931,0.35607884603195356,2.952491018534739,9,0.3999999999999999,0.3813289224190096,2.7783762893925648,0.7486165799667661,31.31116837324908,0.009126282752881151,0.0641025641025641,0.0641025641025641,0.5423041594008584,0.06380871018448495
31866,s31866.csv,594,6.012,11.992,5.980000000000001,0.9949494949494949,0.0,0.0,591,0.9949494949494949,129.40766864134204,339.62403499999994,2.6647376873260122,1.0,0.0,0.9191919191919192,48,0.08080808080808081,3.1768716235477763,10.809753,3.000447772998124,9,0,0.6549453261597802,0.5975686526731562,3.832602313976109,4,0,0.5718540003097724,0.6521058511945856,4.081128322584527,20,0.010000000000000675,0.4284621270084153,2.656423882940641,0.8142587352238891,20.580755449803775,-0.021391667361348312,0.030303030303030304,0.030303030303030304,0.40679334429628244,-0.047767331442516256
31867,s31867.csv,594,6.012,11.992,5.980000000000001,0.9983164983164983,0.0016835016835016834,0.0,592,0.9966329966329966,131.04692483211554,446.35435099999984,1.994373588802453,0.67003367003367,0.0,0.005050505050505051,395,0.664983164983165,65.61763606976986,92.98530799999963,4.663228285142227,9,0,0.6955075897838937,0.5538099082714296,4.712580566800421,4,0,0.5338896329634285,0.680128973705722,3.2799360625910885,15,0.010000000000000675,0.5321417601544557,2.460582746936816,0.9289543965851351,3.235448581911061,-0.02341124394332779,0.021885521885521887,0.02356902356902357,0.24985287240204465,0.04007394201579041
31868,s31868.csv,654,5.412,11.992,6.580000000000001,1.0,0.0,0.0,654,1.0,86.50602248161528,223.04425350000002,2.3407477088003086,0.0764525993883792,0.0,0.0,50,0.0764525993883792,11.648708073966288,33.989451999999986,1.866533772214979,9,0,0.5888702799149552,0.6403339330538306,3.5375691934548703,4,0,0.10203473789827845,0.9505878283008766,4.025414487980566,10,1.0899999999999999,0.6428169745209128,11.303640684394562,0.9819419869116162,-0.870653152284625,-0.025171774701561286,0.0,0.0061162079510703364,0.7359709892666948,0.0876089653587475
31870,s31870.csv,654,5.412,11.992,6.580000000000001,1.0,0.0,0.0,654,1.0,107.27748930394014,273.10994750000003,1.958210757710437,1.0,0.0,0.9984709480122325,1,0.0015290519877675841,,,,9,0,0.7217264867954101,0.5167908499177974,4.279154591257481,4,0,0.5587649059331864,0.6689776945789119,3.058201468084259,14,0.010000000000000675,0.3956104846927929,2.5555358520431133,0.8335878912958927,29.127230099256465,0.016224645824146983,0.03058103975535168,0.04281345565749235,0.4958540497814906,0.22033145091247952
31872,s31872.csv,754,5.412,13.002,7.590000000000001,1.0,0.0,0.0,754,1.0,98.90316517125513,334.24123150000014,1.5765758626751154,0.8713527851458885,0.0,0.5013262599469496,279,0.37002652519893897,40.69964249654302,137.24174099999996,1.9384596251907424,9,0,0.7139345307104096,0.5095162832279079,4.230310344020074,4,0,0.8002661254733924,0.3953681939554501,3.586023021368855,17,0.04500000000000037,0.6579261102890986,2.5294856649499975,0.9571645188390527,1.945742597175375,-0.008125175832151218,0.006631299734748011,0.006631299734748011,0.3223445886557582,-0.08790949305797426
31873,s31873.csv,762,5.412,13.082,7.670000000000001,0.9816272965879265,0.0,0.0,748,0.9816272965879265,185.10470583337153,579.6010775,1.2094913546687198,1.0,0.0,0.9986876640419947,1,0.0013123359580052493,,,,9,0,0.8526571976146398,0.37346783495677915,4.72647339934482,4,0,0.8408367195426223,0.33711447454630006,3.5396619922819283,14,0.8899999999999988,0.487336087659422,2.6061625540744755,0.8450684852954357,39.81737110932467,-0.026274480180010523,0.011811023622047244,0.013123359580052493,0.5538231938665182,0.1465742568617837
31878,s31878.csv,695,4.012,10.992,6.980000000000001,1.0,0.0,0.0,695,1.0,138.6969562442097,379.177466,2.645206227011162,0.6158273381294964,0.0,0.011510791366906475,420,0.60431654676259,110.10187709262392,142.61805549999997,1.6598290100540853,9,0,0.0996700299437433,0.9458490622080795,3.572448150483583,4,0,0.25237908775598694,0.8636969904800957,3.1225864770605685,6,1.5,0.980332074396064,4.1968915847355674,0.7904083681039397,35.902322211967636,0.04356490219516468,0.10215827338129496,0.1093525179856115,0.28673277448366286,-0.021460619121163437
31879,s31879.csv,693,4.012,10.992,6.980000000000001,1.0,0.0,0.0,693,1.0,156.88764977632133,488.8431619999999,2.162938800299828,0.7388167388167388,0.0,0.031746031746031744,490,0.7070707070707071,154.07983224909162,149.98497749999984,3.858176613184059,9,0,0.43264872750297967,0.7378288778770248,3.3953885111943296,4,0,0.12283932945603862,0.9430070946626454,3.7691624790496316,6,1.5,0.7169086492288576,10.046352706996828,0.32704786930585555,279.597605493103,0.0033467144493144916,0.12698412698412698,0.14285714285714285,0.6617403818440769,0.03935047496311804
31880,s31880.csv,551,4.012,9.542,5.53,0.9981851179673321,0.0,0.0,550,0.9981851179673321,221.5048342269412,627.3562504999999,2.067796170337347,1.0,0.0,0.9981851179673321,1,0.0018148820326678765,,,,9,0,0.1087398456917915,0.958975659186913,3.8100987251840692,4,0,0.1869307258998923,0.8991459760820183,4.058312378648502,4,1.5,0.6538543918063766,4.9302375412541055,0.7165555600796977,73.27475545275719,0.0015655310523483602,0.08348457350272233,0.09618874773139746,0.5533100478844128,0.08708686022095274
31884,s31884.csv,357,3.412,6.992,3.58,1.0,0.0,0.0,357,1.0,289.3472422148949,1001.595964,2.3704786028769265,0.9971988795518207,0.0,0.011204481792717087,352,0.9859943977591037,66.14986099633116,190.37689899999998,1.3078105723373787,9,0,0.7298084827020159,0.47492992550862495,6.340022907242317,4,0,0.8350238235490335,0.39943798832156874,5.8100141641313545,7,0.2450000000000001,0.6770622648485253,28.898949136124045,0.07284519434625743,227.88123367538105,-0.05263652326617777,0.0700280112044818,0.08683473389355742,0.8869016139887879,0.15741082791303204
31885,s31885.csv,296,4.012,6.992,2.9800000000000004,0.9966216216216216,0.0,0.0,295,0.9966216216216216,248.28436329765506,827.19286,1.5860754257862204,1.0,0.0,0.20608108108108109,235,0.793918918918919,27.489708141551663,94.34704599999995,1.2685035253753845,9,0,0.3739563232308015,0.7804059189596239,4.127991627078665,4,0,0.8100599143247629,0.3877511921030797,6.515095873664126,5,0.6700000000000004,0.24159436670108875,2.740435352587133,0.9056721384593079,1.8331424181501639,0.05014761505125799,0.016891891891891893,0.02027027027027027,0.4755133783382645,0.10352138359844067
31886,s31886.csv,123,4.012,5.232,1.2200000000000006,1.0,0.0,0.0,123,1.0,115.54453085818612,342.453906,4.168850762510586,1.0,0.0,0.991869918699187,1,0.008130081300813009,,,,9,0,0.7188972845927579,0.49924360567064163,6.966696286568571,4,0,0.7565320619923234,0.4815596641340695,8.82632957666698,2,,0.8195676521420842,2.250420309815922,0.61803657412048,21.640131464109075,-0.025521136771461474,0.08130081300813008,0.08130081300813008,0.7220764911994827,0.5104988449831724
31887,s31887.csv,298,4.012,6.992,2.9800000000000004,0.9932885906040269,0.003355704697986577,0.0,295,0.9899328859060402,275.4887356125383,695.1356600000001,1.7218921346192344,0.9395973154362416,0.0,0.7684563758389261,51,0.17114093959731544,109.46516258033118,98.938005,5.110217718883458,9,0,0.6651960355772483,0.550075901592518,4.369998430261722,4,0,0.695447609765799,0.5348731885168017,6.075074699751654,3,1.435,0.3593625389297004,4.322095712122265,0.4907968504124036,102.65794888457859,-0.0006074726170682207,0.07718120805369127,0.07718120805369127,0.33199145877895525,-0.09864582725493044
31888,s31888.csv,298,4.012,6.992,2.9800000000000004,0.9865771812080537,0.003355704697986577,0.0,293,0.9832214765100671,318.05909557572994,927.0124419999996,1.313330657278102,1.0,0.0,0.9966442953020134,1,0.003355704697986577,,,,9,0,0.31212116089947084,0.8228840355506898,2.666229294187648,4,0,0.45119939634729406,0.7197935820238253,3.3710670608433957,3,0.7550000000000003,0.4759243736611712,5.801594521072063,0.3554656160022469,104.53988601806593,-0.02297716232477853,0.09060402684563758,0.10067114093959731,0.4551362062332603,0.04651487672744314
31889,s31889.csv,302,4.012,7.042,3.0300000000000002,0.9271523178807947,0.0,0.0,280,0.9271523178807947,205.10245775412207,579.3961709999999,1.208311886640012,1.0,0.0,0.9966887417218543,1,0.0033112582781456954,,,,9,0,0.7719936636464869,0.45037325010200674,5.493267414288856,4,0,0.8481680347434266,0.38692700238007727,6.582340668843902,9,0.13000000000000034,0.6475335654666287,1.6455677168702245,0.7609549335776526,13.155631379043985,-0.07526905256511687,0.09271523178807947,0.10264900662251655,0.6549416359394883,0.0319690240975105
31890,s31890.csv,642,4.012,10.492,6.480000000000001,1.0,0.0,0.0,642,1.0,142.43935635694208,403.04208299999976,2.204088240672303,0.9984423676012462,0.0,0.5389408099688473,295,0.45950155763239875,23.36308779310327,22.18596100000009,10.113582540254821,9,0,0.690589262513582,0.5419491898159339,5.520378614146306,4,0,0.3807410161506697,0.7861365998798758,4.817302830293586,7,1.2599999999999993,0.4660616743922872,3.2783001659013538,0.7150710604810835,53.1136546906124,-0.017561066525984433,0.13551401869158877,0.14018691588785046,0.6050858129681482,-0.000581025681327392
31891,s31891.csv,645,4.012,10.492,6.480000000000001,1.0,0.0,0.0,645,1.0,111.89192516771848,339.674712,1.4968113994713002,0.9953488372093023,0.0,0.20310077519379846,511,0.7922480620155039,32.77802555892723,101.14004000000001,1.8545451520473122,9,0,0.6226790492948037,0.602551663536357,5.281935434201724,4,0,0.5413948484670386,0.67510639685493,3.7834812365189414,8,1.0300000000000011,0.5409201600278313,2.9984810904967305,0.5961588163150819,132.10672552499955,-0.015251396336102516,0.13643410852713178,0.13953488372093023,0.31876087041242734,0.1453794248250023
31892,s31892.csv,642,4.012,10.492,6.480000000000001,0.9968847352024922,0.0,0.0,640,0.9968847352024922,114.40138207000876,325.5287084999999,1.571804618312767,1.0,0.0,0.9984423676012462,1,0.001557632398753894,,,,9,0,0.6081091510189803,0.614532370188571,4.739271332669695,4,0,0.5645691267732977,0.6612345982718988,3.9365079713720847,6,1.5,0.745233689569828,2.3897134974782475,0.6659955911587087,53.16313451650735,-0.005962835825196508,0.11526479750778816,0.11526479750778816,0.6591048593857745,0.06682676312155303
31893,s31893.csv,645,4.012,10.492,6.480000000000001,1.0,0.0,0.0,645,1.0,139.916230713254,326.94373800000005,1.3204150508417327,0.9643410852713178,0.0,0.7751937984496124,122,0.18914728682170542,16.40161361713853,52.50072149999999,2.705886775871034,9,0,0.6810619117004922,0.5474054623528722,4.712709745017087,4,0,0.40684801215767075,0.7625865902222162,3.1759913882468407,7,1.4900000000000002,0.5440105355241139,2.3251939742216,0.683136652582391,52.52858935238747,0.04623954328737434,0.11627906976744186,0.12558139534883722,0.7154158018574112,0.08689587185217304
31894,s31894.csv,642,4.012,10.492,6.480000000000001,1.0,0.0,0.0,642,1.0,116.76405380118146,345.01421250000004,1.9851904094318478,0.9065420560747663,0.0,0.29595015576323985,392,0.6105919003115264,87.25213796016234,140.07976399999995,7.5519051781436515,9,0,0.6022931445994087,0.628701379879484,4.940083204479146,4,0,0.6297675273456305,0.6032824285305408,3.712351136777392,7,1.0,0.5278375972664874,2.492570602389283,0.7546358012455813,32.58802738396966,0.0005027554342032104,0.1573208722741433,0.16043613707165108,0.6049920805038979,0.09110381430028874
31895,s31895.csv,645,4.012,10.492,6.480000000000001,0.9984496124031008,0.0,0.0,644,0.9984496124031008,108.20026645062482,353.23697400000026,1.4243244652350595,1.0,0.0,0.7705426356589147,148,0.22945736434108527,10.55286157936518,32.314833500000006,3.0330908490942976,9,0,0.11552976127475732,0.9278912024295298,4.537986273007589,4,0,0.6591353874286894,0.577285603580304,3.325110900493428,6,1.5,0.6063572565901991,1.886852686212773,0.805836357549787,19.03668291096523,-0.018710096247612044,0.11007751937984496,0.11627906976744186,0.3447317805559405,0.1426895184834081
31896,s31896.csv,502,3.352,8.492,5.140000000000001,0.9900398406374502,0.0,0.0,497,0.9900398406374502,138.14273892566735,474.25986000000006,2.0874152091148193,0.9920318725099602,0.0,0.12350597609561753,436,0.8685258964143426,25.72194361272338,79.49631749999999,1.9780906275896533,9,0,0.7075841009920616,0.5309444704375764,5.676022868317069,4,0,0.7726958956804877,0.4775058436362063,6.856626295927062,11,0.3250000000000002,0.38825863281104633,2.406944604318822,0.7336393285897767,29.454558631538546,0.045790439249686815,0.099601593625498,0.10358565737051793,0.38732335756969505,-0.0608125654975206
31898,s31898.csv,472,0.502,5.292,4.79,0.9978813559322034,0.006355932203389831,0.0,468,0.9915254237288136,229.51162705404752,687.9648874999998,0.9680023969035786,0.2055084745762712,0.0,0.0,97,0.2055084745762712,112.32057569822314,251.718192,8.877981108262052,9,0,0.5992475796959996,0.585631125034417,5.071607826665088,4,0,0.7712960920745727,0.3898946008933276,,7,0.34999999999999976,0.6499085095380878,2.965216681697489,0.6698685056734294,52.0599797908732,-0.020465836907486025,0.125,0.13559322033898305,0.7879438171955622,0.13719175415819237
31900,s31900.csv,641,0.522,6.992,6.47,1.0,0.0,0.0,641,1.0,243.01166028166602,805.37234,1.8423496615178063,0.6193447737909517,0.0,0.46489859594383776,99,0.1544461778471139,20.450784980718474,76.08623899999999,0.8145738077399984,9,0,0.7138808626981765,0.5167641848734945,4.358820668080062,4,0,0.6285609586662267,0.5296880890311958,2.6814410976190475,6,1.0899999999999994,0.5349558057876266,3.193311547417478,0.7218585951897196,38.46241924577501,-0.005573299798327545,0.09204368174726989,0.0998439937597504,0.5240680625565086,0.28613795616389986
31901,s31901.csv,592,0.502,6.632,6.13,1.0,0.0,0.0,592,1.0,286.8875855318821,940.0176955,1.6796532799378894,0.9881756756756757,0.0,0.43074324324324326,330,0.5574324324324325,38.340009267023596,120.96917800000001,0.5535204011141254,9,0,0.8218196113553387,0.4043279511407965,6.851897887852347,4,0,0.682425780687204,0.5602718903684568,4.475582377311397,11,0.425,0.6103936111489019,2.6621580609447206,0.8726111860389145,10.197400028451176,-0.02360069624009771,0.11317567567567567,0.11993243243243243,0.4786365652997752,0.1136997721590628
31902,s31902.csv,706,0.502,7.722,7.220000000000001,0.9957507082152974,0.0,0.0,703,0.9957507082152974,280.92860639923634,966.4460379999996,1.7752169057309504,0.8286118980169972,0.0,0.24504249291784702,412,0.5835694050991501,18.554751024317724,70.41658099999997,1.8393621608366302,9,0,0.7186738682692092,0.5084183318618856,6.156156722671525,4,0,0.6388951657610112,0.6000797335086945,4.246181084911939,10,0.6099999999999994,0.4914978047499686,2.855637795676921,0.853334211802126,12.63323258320727,0.03606285379499367,0.07223796033994334,0.08640226628895184,0.556341893292294,0.1772980860934649
31903,s31903.csv,638,0.502,6.992,6.49,0.9843260188087775,0.0,0.0,628,0.9843260188087775,326.12469593201365,1020.5289624999998,1.2826881468167657,1.0,0.0,0.774294670846395,144,0.22570532915360503,3.6906096516870908,11.351600999999999,0.845391716908219,9,0,0.806344686292753,0.4193997960603426,6.567053934209815,4,0,0.6433743899097606,0.5968700154411855,4.403540311456107,11,0.21499999999999986,0.4731492408150418,2.698385390979442,0.8397428707253495,16.23309021875311,0.028883647809467134,0.07993730407523511,0.08934169278996865,0.6343099572829839,0.00989337027276779
31904,s31904.csv,750,0.522,8.362,7.84,0.9946666666666667,0.0,0.0013333333333333333,745,0.9933333333333333,327.22969526253553,1111.4057879999998,1.7688195792902033,0.8373333333333334,0.0,0.22,463,0.6173333333333333,12.000927042642317,37.452647,1.0516906731241853,9,0,0.7043978157695185,0.5150201727595745,6.239211204579524,4,0,0.6514466832114333,0.5895158434761838,4.133789819642276,22,0.22000000000000064,0.40241495199219646,3.289944986428688,0.7892589683486455,50.09986240452837,-0.011765303653256353,0.1,0.104,0.32397895202780863,-0.04359728484674266
31905,s31905.csv,741,0.522,8.372,7.85,0.9878542510121457,0.0,0.0,732,0.9878542510121457,332.18147813660755,1151.4243169999997,2.169009877647118,0.835357624831309,0.0,0.27530364372469635,415,0.5600539811066126,5.3363095500063915,12.900791999999996,1.390895939514333,9,0,0.7798679653617708,0.4473923575171503,5.908555198814102,4,0,0.5642193170245939,0.642079329492055,3.821926788894069,14,0.3899999999999997,0.31699464005000116,6.611013531156547,0.4305108910915752,275.31891590790775,0.00264348574980002,0.10121457489878542,0.11201079622132254,0.1860195085978446,0.06230580402996878
31907,s31907.csv,863,0.502,9.452,8.95,0.9490150637311703,0.0,0.0,819,0.9490150637311703,371.7177029051603,1172.953824,1.731298197118215,1.0,0.0,0.8818076477404403,102,0.11819235225955968,17.211927759377513,43.6943215,0.21656026608781295,9,0,0.24862292445304346,0.8822413705653566,4.35110871046602,4,0,0.7046753000547146,0.5461115890737858,5.1499760877731,21,0.20000000000000018,0.2596814078889792,4.3946054761469115,0.45518258727913163,364.8014339165599,0.022989736856979213,0.2572421784472769,0.2688296639629201,0.8380478374333188,-0.07617126790128564
31908,s31908.csv,696,3.512,10.492,6.98,0.7212643678160919,0.022988505747126436,0.0,486,0.6982758620689655,306.04693086869804,760.7847625,3.2002543921277664,1.0,0.0,0.9985632183908046,1,0.0014367816091954023,,,,9,0,0.6167141667850522,0.6035294067340066,3.5525495443569635,4,0,0.8573535325268328,0.3495204201042336,6.235252230478757,15,0.11000000000000032,0.5177063167092127,9.2494763000999,0.8868118245938891,8.913578005111066,-0.11490665930890015,0.09770114942528736,0.10775862068965517,0.6569182123107575,0.07522289450619282
31909,s31909.csv,845,3.512,11.992,8.48,0.7266272189349112,0.010650887573964497,0.0,605,0.7159763313609467,266.83701274472014,656.5991559999998,2.2480402433474156,1.0,0.0,0.47455621301775147,444,0.5254437869822485,7.792196456721398,27.541510999999986,1.1753136428960267,9,0,0.3712242667316851,0.7935446232227595,4.322556437028765,4,0,0.8395029076306962,0.4142964344182092,3.0250878836713433,12,0.009999999999999787,0.9703679331101089,8.550920702951018,0.8431616090788702,23.261894429520982,-0.014993401813343457,0.0485207100591716,0.05325443786982249,0.42151244444711244,-0.007297295290318
31910,s31910.csv,845,3.512,11.992,8.48,0.7976331360946746,0.011834319526627219,0.0,664,0.7857988165680473,363.9708474217381,925.8086000000003,3.0066321043942925,0.5171597633136095,0.0,0.49940828402366866,15,0.01775147928994083,328.525602959858,1021.901453,61.62264248058181,9,0,0.32109909881102733,0.8326880394053696,3.930148422081339,4,0,0.853140252753727,0.38183075433007785,3.5147131428461855,3,0.5500000000000003,0.7348222523542176,8.803049082844373,0.8294361421579556,30.795701515550476,0.04394382095534315,0.05207100591715976,0.05798816568047337,0.6583266952239247,0.15380944402265534
31911,s31911.csv,845,3.512,11.992,8.48,0.7739644970414201,0.008284023668639054,0.0,647,0.7656804733727811,271.05137905529904,703.4894839999997,2.1589242161836832,1.0,0.0,0.6615384615384615,286,0.3384615384615385,27.333010145120653,90.2663775,2.376433496363836,9,0,0.5968515241562009,0.6354805584658152,3.8983435850663963,4,0,0.8280345368172132,0.41000962232503124,3.917347586518661,26,0.10999999999999943,0.5718221342172097,10.684597930980015,0.892898029199303,11.30373874207226,-0.025976870958388708,0.17514792899408285,0.18698224852071005,0.5798039356679763,0.38696507883692355
31912,s31912.csv,845,3.512,11.992,8.48,0.7763313609467456,0.002366863905325444,0.0,654,0.7739644970414201,258.0722925847086,656.6325745,2.9441017490671926,1.0,0.0,0.20473372781065088,672,0.7952662721893491,17.343399296488826,61.119861499999985,0.8764227433098748,9,0,0.5169181073953062,0.699288757879222,4.055795592188331,4,0,0.8130585587087316,0.43565438272674084,3.001358633800686,10,0.009999999999999787,0.7101303803479686,9.309845999177355,0.8495199712430024,20.062869380432062,-0.024319140432905076,0.05917159763313609,0.06627218934911243,0.3740054770860098,0.2206006671569461
31913,s31913.csv,845,3.512,11.992,8.48,0.8828402366863906,0.005917159763313609,0.0,741,0.8769230769230769,238.93777079904245,657.71859,2.134401602008455,1.0,0.0,0.8840236686390532,98,0.11597633136094675,6.31829627459134,15.827588999999996,1.6199132191953323,9,0,0.4609414745036807,0.7374454244667891,3.1766745109027497,4,0,0.8206387190773741,0.42607573974054114,3.7346439431240577,4,0.25,0.71385090885105,13.107980075034074,0.9027639144756552,10.605930798772434,-0.002806725069932051,0.18698224852071005,0.19053254437869824,0.5813427720053373,0.4014697321153373
31914,s31914.csv,845,3.512,11.992,8.48,0.9349112426035503,0.001183431952662722,0.0,789,0.9337278106508876,269.63107675116265,777.0481039999997,2.063078664781954,1.0,0.0,0.3585798816568047,542,0.6414201183431952,13.20384257285693,43.100868,1.944462927562907,9,0,0.5468809754418881,0.6691240971073327,3.388916928739394,4,0,0.7999843084406411,0.4303255454753059,3.549754450028133,7,0.5649999999999995,0.9430992494591718,8.820098000521734,0.9272178176138826,4.435103210247524,-0.024532419887175964,0.040236686390532544,0.04497041420118343,0.4330036366763573,0.2626124150611496
31915,s31915.csv,845,3.512,11.992,8.48,0.8248520710059172,0.008284023668639054,0.0,690,0.8165680473372781,267.05435420021433,663.843771,2.3079007505302336,1.0,0.0,0.23076923076923078,650,0.7692307692307693,12.193479890733325,36.704926500000006,1.428632355301713,9,0,0.6241694870329328,0.6200191433670739,5.060018986020841,4,0,0.8611618649986456,0.36375493848639695,4.083682518550629,22,0.08000000000000007,0.7286038044675737,11.336821461348764,0.9082838193454544,8.141756863769809,-0.05117611563165264,0.23431952662721894,0.24142011834319527,0.7249287615874603,0.5397883064121531
31920,s31920.csv,447,3.512,7.992,4.48,0.6532438478747203,0.020134228187919462,0.0,283,0.6331096196868009,559.3444915171206,1588.431515,2.121341406101533,1.0,0.0,0.9977628635346756,1,0.0022371364653243847,,,,9,0,0.35992208621938676,0.7812836035406308,3.219422526164128,4,0,0.6672474508226989,0.5793701896474508,3.0051668591926175,0,,0.7074368827490576,8.085418219864014,0.878054859252868,6.3138510460102415,-0.019986394605527192,0.0738255033557047,0.07606263982102908,0.6075668296892263,0.14765571034006894
31921,s31921.csv,508,3.512,8.612,5.1,0.8799212598425197,0.001968503937007874,0.0,446,0.8779527559055118,406.1201188985793,1265.763185,6.951454647732725,0.702755905511811,0.0,0.12007874015748031,296,0.5826771653543307,76.0465042608453,67.13289,6.287822567573673,9,0,0.6845464304169395,0.5695227670408416,8.52633741130427,4,0,0.8916297448482474,0.3229294308629096,12.092407180545436,22,0.04999999999999982,0.6201342752690848,5.0119397032581094,0.8210746396226771,15.334322684773898,-0.06717317666385961,0.2125984251968504,0.2125984251968504,0.8259985632622932,0.5751329591159284
31922,s31922.csv,447,3.512,7.992,4.48,0.9955257270693513,0.0,0.0,445,0.9955257270693513,146.6760329409727,225.2877919999999,2.289902149595317,1.0,0.0,0.5570469798657718,198,0.4429530201342282,18.56879900921654,61.82206699999996,2.2534401141602345,9,0,0.34889811389893893,0.7911388050861761,3.84064473666425,4,0,0.1531736695275719,0.9227802176114456,3.5713376580399303,3,1.4999999999999998,0.4525532088967847,1.5860896809485105,0.961079817427509,-0.1069293938357927,0.05037501523220682,0.0,0.0,-0.022045836216117526,-0.11199730951474171
31923,s31923.csv,447,3.512,7.992,4.48,0.8859060402684564,0.013422818791946308,0.0,390,0.87248322147651,453.041948204323,1376.903051499999,8.243147096426682,1.0,0.0,0.9977628635346756,1,0.0022371364653243847,,,,9,0,0.6674948077874123,0.5832464970222089,9.836065651830728,4,0,0.832686253846735,0.4045489331476261,6.867123973646155,45,0.025000000000000355,0.7640738331635597,5.752263721796883,0.8306946149079515,11.526574879102592,0.048262806269772,0.3378076062639821,0.3400447427293065,0.8093398183702633,0.42178546667119876
31924,s31924.csv,447,3.512,7.992,4.48,1.0,0.0,0.0,447,1.0,65.86409164903554,149.31949999999995,2.6640549719006144,0.3288590604026846,0.0,0.0,147,0.3288590604026846,7.984878118441195,8.305949999999992,2.471163978444666,9,0,0.2951589902876845,0.8511932094133945,3.321436414885664,4,0,0.41827409396327525,0.7623451407203505,3.2911842735205497,4,1.4799999999999995,0.6604612392331184,1.5596538054731512,0.9423757270210281,0.9593807475662235,-0.014825136868160959,0.008948545861297539,0.015659955257270694,0.29633033878415405,0.06447293862333843
31925,s31925.csv,447,3.512,7.992,4.48,1.0,0.0022371364653243847,0.0,446,0.9977628635346756,41.77755521358757,132.3879275,2.6893747260326197,0.9865771812080537,0.0,0.0,441,0.9865771812080537,7.744473353000222,10.063659999999999,2.199216630619561,9,0,0.2111541547958435,0.8680283134123401,3.675974639147412,4,0,-0.12169067969735294,1.054539165260564,3.0491070151126842,4,1.4899999999999993,0.7013082283897786,1.1303822582390874,0.9603706499051197,0.17096273287759067,-0.024662165336865424,0.020134228187919462,0.024608501118568233,0.5849903836566289,0.10791070970781164
31934,s31934.csv,149,6.512,7.992,1.4800000000000004,0.9865771812080537,0.0,0.0,147,0.9865771812080537,232.3103764278319,86.54455899999996,3.0591393492139307,1.0,0.0,0.9932885906040269,1,0.006711409395973154,,,,9,0,0.2716753219523547,0.8100232257560755,4.553030605936776,4,0,0.15468751743872552,0.944775162009706,2.7793816923452863,1,,0.7670567235224135,1.3286344676789263,0.86991124041257,0.922114558925927,-0.0113987389296004,0.03355704697986577,0.040268456375838924,0.47613745174426375,-0.019483076269028027
31935,s31935.csv,149,6.512,7.992,1.4800000000000004,0.9932885906040269,0.0,0.0,148,0.9932885906040269,38.04155572782833,112.73825050000002,2.9399041089527906,1.0,0.0,0.006711409395973154,148,0.9932885906040269,3.5386100089913115,8.774733499999996,2.272405654982191,9,0,0.24724867957026408,0.8322694142791274,2.908932396817096,4,0,0.12816340785508035,0.9350211858580446,2.8073015399688934,1,,0.7284650833037903,1.3041779183442768,0.8646298182650373,1.9642054149203343,-0.030756640794818366,0.0,0.026845637583892617,0.2302973696549516,0.19710078398591238
31937,s31937.csv,1482,0.0,15.242,15.242,0.9986504723346828,0.0006747638326585695,0.0,1479,0.9979757085020243,200.55722425915226,333.3443109999997,0.8082402736345227,0.6093117408906883,0.0,0.12213225371120108,722,0.48717948717948717,21.859625447535258,57.32841249999997,1.1039441332399058,9,0,0.8919079341853323,0.3193486346619295,9.283411831848694,4,0,0.9941051599325383,0.06309179626093614,20.253777904408643,11,1.0599999999999994,0.4064110975724065,1.7015990200871367,0.8324281821593971,56.46409838974671,-0.08462980549531328,0.048582995951417005,0.05060728744939271,0.7891763854423176,0.2606847908070429
31938,s31938.csv,137,4.002,5.362,1.3600000000000003,0.9343065693430657,0.058394160583941604,0.0,120,0.8759124087591241,644.0391877946763,1765.4016960000001,0.7480399106615776,1.0,0.0,0.9927007299270073,1,0.0072992700729927005,,,,9,0,0.8928783116593093,0.3011091955195274,5.3738972101549445,4,0,0.942806717531808,0.22893718294016446,2.036440733489768,9,0.0349999999999997,0.9624880864608246,8.877686875826114,0.7649376150977597,4.387377093104018,-0.014639243183526867,0.27007299270072993,0.27007299270072993,0.8616908624007592,0.250763300129621
31939,s31939.csv,514,4.002,9.192,5.19,0.9785992217898832,0.0019455252918287938,0.0,502,0.9766536964980544,307.82677959707337,1010.4241865,1.8442214440031002,1.0,0.0,0.10505836575875487,460,0.8949416342412452,23.04128219894837,71.69340349999999,1.1187708695320233,9,0,0.688035387984366,0.5505737959064597,6.86552583449872,4,0,0.7499520830769433,0.4894086782651751,4.221900066527936,17,0.0250000000000008,0.696321317172271,8.043718631915574,0.9529598635820501,0.46909878345163647,-0.036690147666524384,0.0,0.0,0.6406661135145596,-0.09263542654622602
31940,s31940.csv,641,4.002,10.442,6.44,0.9797191887675507,0.0031201248049922,0.0,626,0.9765990639625585,413.23724125884826,1406.9549299999999,2.7091647741582667,1.0,0.0,0.0031201248049922,639,0.9968798751950078,5.672071424115602,17.457743999999998,0.7500992805324727,9,0,0.565940078218248,0.6081429063617589,4.940313415972091,4,0,0.7382498352551338,0.5045684254956498,4.377530186463841,8,1.0,0.8814339175067991,10.134342339634749,0.9548998115007206,0.6551980303583045,-0.005491340923949636,0.0,0.0,0.43963725093091827,0.004868990843250501
31941,s31941.csv,517,4.002,9.192,5.19,0.9748549323017408,0.0,0.0,504,0.9748549323017408,407.53929750524946,1347.7954895,1.9785127279117705,0.01160541586073501,0.0,0.0,6,0.01160541586073501,38.17634713552868,95.412525,,9,0,0.6613929977254388,0.5713311690497218,4.558537663989481,4,0,0.7370323358798748,0.5114731741416244,3.6216816422522187,4,1.3100000000000005,1.3149161785269725,11.254845583614307,0.8434704065537119,34.86340298793016,-0.03933845206091546,0.009671179883945842,0.01160541586073501,0.5894850108342559,-0.0347337552123396
31942,s31942.csv,512,4.022,9.192,5.17,0.939453125,0.0078125,0.0,477,0.931640625,464.0859633200212,1507.5449760000001,2.251298088328306,0.88671875,0.0,0.005859375,451,0.880859375,49.1559501694682,56.09949499999999,2.9125749260392437,9,0,0.7012229735715931,0.5147881976238748,4.619782640957885,4,0,0.6896180336967539,0.5506740078794272,3.7655177094975447,20,0.010000000000000675,0.8543920236219348,7.927936730618834,0.9143160846004453,3.7036775367422154,0.06386414137334727,0.1171875,0.125,0.5671835683520047,-0.11716286458330474
31943,s31943.csv,450,4.002,8.522,4.5200000000000005,0.9466666666666667,0.0044444444444444444,0.0,424,0.9422222222222222,412.880257318543,1434.6591259999998,1.790818897673654,1.0,0.0,0.008888888888888889,446,0.9911111111111112,20.238576476770763,62.34787749999998,2.0103194375738305,9,0,0.8478134142478887,0.3646957955488786,5.370691562267559,4,0,0.8617335585893059,0.368835127646116,4.74030451400025,8,0.4500000000000002,0.811475182078365,10.884233778995227,0.7939166395220623,16.681306373185173,0.034595047380025036,0.10444444444444445,0.12666666666666668,0.4911125259612219,0.04709032888531669
31944,s31944.csv,517,4.002,9.192,5.19,0.9709864603481625,0.0,0.0,502,0.9709864603481625,426.8006756205611,1466.7266344999998,1.4862107163261813,0.5473887814313346,0.0,0.0,283,0.5473887814313346,26.180111958677116,88.8804,2.5756703767053843,9,0,0.6907543535539852,0.549234185565712,4.348698509390785,4,0,0.7455366454168633,0.4975435706779652,3.7200211555824283,4,1.3100000000000005,0.5403895128341367,10.420543694930572,0.9259861713170875,2.881248443569612,0.03510477393414269,0.06382978723404255,0.07156673114119923,0.7097468802402473,-0.12818376390561967
31946,s31946.csv,530,4.002,9.382,5.38,0.9735849056603774,0.0,0.0,516,0.9735849056603774,482.9079610425496,1625.3111575,1.8107929986279045,0.4358490566037736,0.0,0.07169811320754717,193,0.3641509433962264,7.239913859979643,17.954421999999997,4.044910509368036,9,0,0.18296315686300724,0.8942403456092985,4.044737402831577,4,0,0.6572416805346493,0.5774310901283773,3.7697615499579693,8,0.9400000000000004,0.641778545527525,9.633765002714785,0.9300416945147244,2.0889439880398135,-0.024072894049827088,0.026415094339622643,0.026415094339622643,0.5746593858194851,-0.05894006171886851
31947,s31947.csv,517,4.002,9.192,5.19,0.9516441005802708,0.0019342359767891683,0.0,491,0.9497098646034816,455.38645580566646,1438.121445,2.2255826696667027,0.851063829787234,0.0,0.013539651837524178,433,0.8375241779497099,96.42520851637967,144.406354,1.7977276340811779,9,0,0.17472043490639547,0.9173552229402145,5.240543452030074,4,0,0.649299959062734,0.5848276016503902,3.5571779895172746,5,1.08,0.8207998480549851,7.971804813655426,0.8789787353804476,7.903483006376408,0.02443763523868832,0.04642166344294004,0.05029013539651837,0.50896929192789,0.059196652835663464
31948,s31948.csv,148,0.502,1.982,1.48,0.918918918918919,0.0,0.0,136,0.918918918918919,159.83706697952573,533.483925,0.601916221567552,0.0,0.0,0.0,0,0.0,,,,9,0,0.945274138751221,0.22741300418853752,2.5543512146949605,4,0,0.9758260068200504,0.12547501703067562,,7,0.07500000000000001,0.8017976771232956,0.6639621048486223,0.7425244480294445,8.47423221044226,0.06624267029974232,0.10810810810810811,0.10810810810810811,0.7397213020675666,-0.12232859618280664
31964,s31964.csv,2,2.502,2.512,0.010000000000000231,1.0,0.0,0.0,2,1.0,,,,1.0,0.0,0.5,1,0.5,,,,9,0,,,,4,0,,,,0,,,,,,,0.0,0.0,,
31965,s31965.csv,87,4.002,4.862,0.8600000000000003,1.0,0.0,0.0,87,1.0,149.87309701147757,481.133912,1.8187139305608455,1.0,0.0,0.9885057471264368,1,0.011494252873563218,,,,9,0,0.8027945653995476,0.4092607749689129,4.067827779925146,4,0,0.8707212421920026,0.32996114181173447,3.9349388893504558,1,,0.6029782809904779,2.374524802797588,0.7494564067877055,3.1771762229489986,0.13642994518074045,0.0,0.022988505747126436,0.5443120518534545,-0.3857785153405491
31967,s31967.csv,517,4.002,9.192,5.19,0.9864603481624759,0.0,0.0,510,0.9864603481624759,229.77257880145513,743.1516555000001,2.172363392254097,0.9032882011605415,0.0,0.8955512572533849,4,0.007736943907156673,,,,9,0,0.7124022197334815,0.49352860597636405,5.2286707696356105,4,0,0.6531460473929478,0.5756733876536531,3.98922547825874,8,0.010000000000000675,0.6381669058178969,4.754673657880563,0.8169652366595291,16.582427020181477,-0.03207995588812621,0.1102514506769826,0.11411992263056092,0.5104368474863595,-0.09567685129630582
31968,s31968.csv,288,6.312,9.192,2.88,0.9791666666666666,0.0,0.0,282,0.9791666666666666,355.83471870309427,1223.2363234999998,3.3604314813893668,0.7708333333333334,0.0,0.7604166666666666,3,0.010416666666666666,,,,9,0,0.28991779349078806,0.8173473855584688,3.4777840964914093,4,0,0.45837284730467864,0.7365454756217849,3.8287771808978133,2,,0.8146935933147643,10.344316298608735,0.8499672833039595,4.764084496281017,0.007635641165008707,0.0763888888888889,0.0798611111111111,0.6577133571212479,0.18910500394963337
31971,s31971.csv,114,6.312,7.442,1.13,0.9824561403508771,0.008771929824561403,0.0,111,0.9736842105263158,289.2870287607286,993.81742,2.3122315160943705,1.0,0.0,0.9912280701754386,1,0.008771929824561403,,,,9,0,0.8061910715458208,0.4059733466136336,6.221678274868708,4,0,0.7543299843265527,0.5106641149387927,4.909354865647876,5,0.009999999999999787,0.8365964008754844,6.4349186700308145,0.8057654245577509,2.9975801103587343,-0.07590138906290461,0.043859649122807015,0.06140350877192982,0.5434988100120742,-0.3284711507950835
31972,s31972.csv,288,6.312,9.192,2.88,0.9895833333333334,0.0,0.0,285,0.9895833333333334,297.919077273522,988.8142900000003,2.9865772852664128,0.1909722222222222,0.0,0.0,55,0.1909722222222222,238.84751766022544,738.5799959999994,14.131489807875392,9,0,0.2844760499300316,0.8178379543715516,3.817812513324637,4,0,0.19649955643641273,0.890909992049846,3.1631601208816353,1,,0.6431121992735078,9.157052422373196,0.8629645516798609,4.373979278024469,-0.0053948113892811934,0.0798611111111111,0.0798611111111111,0.6287702280465168,0.05745382789369916
31974,s31974.csv,196,6.312,8.272,1.96,0.9387755102040817,0.00510204081632653,0.0,183,0.9336734693877551,446.18096126304584,1334.7996839999998,2.249353130369529,1.0,0.0,0.9948979591836735,1,0.00510204081632653,,,,9,0,0.29742148090606624,0.8374321876576015,3.5388591652672354,4,0,0.5524876488889198,0.6652998239438176,3.0325134729448457,1,,0.554384589211637,6.571294206240798,0.8096429253509743,5.396563416078251,-0.04724828922415921,0.10714285714285714,0.10714285714285714,0.4634272275359124,0.07904052008771045
31978,s31978.csv,288,6.312,9.192,2.88,0.7881944444444444,0.003472222222222222,0.0,226,0.7847222222222222,300.0725939892301,944.4482025,3.059737038989965,0.9965277777777778,0.0,0.7604166666666666,68,0.2361111111111111,10.000481631482382,25.412383,3.4991408671892454,9,0,0.24157345880050485,0.8454477621199555,4.371090170620044,4,0,0.48668779902116976,0.7205960806896441,3.6223306711427634,3,0.7549999999999999,0.5224963715529747,5.104704827374098,0.8284608567411597,11.125624432740663,-0.008738601164072435,0.013888888888888888,0.017361111111111112,0.45308427024807285,0.46098131745254445
31979,s31979.csv,131,4.022,5.322,1.2999999999999998,1.0,0.007633587786259542,0.0,130,0.9923664122137404,332.4646663344122,1177.6471225,1.2231026233891487,0.9847328244274809,0.0,0.6641221374045801,42,0.32061068702290074,23.22143434379568,77.114384,1.7337422355225396,9,0,0.796764240177745,0.42124165017896387,3.630173686623068,4,0,0.9308782736507705,0.26142895846552666,3.385455878985137,1,,0.6424950983951777,3.2821698810480955,0.8389936124130863,1.5877111661938805,-0.05049119148219634,0.022900763358778626,0.03816793893129771,0.801042117878747,0.191533679543232
31980,s31980.csv,164,6.312,7.952,1.6399999999999997,0.6707317073170732,0.006097560975609756,0.0,109,0.6646341463414634,192.94050345104853,371.64968799999997,1.2451143687302673,0.7134146341463414,0.0,0.0,117,0.7134146341463414,305.8036216309204,295.98695799999973,14.14783453471153,9,0,0.8329359693932052,0.39506038530490717,7.6329630771183075,4,0,0.633276060068487,0.596886504925777,6.003621282887415,2,,0.6329116584012769,4.129698296700744,0.7972281756603102,4.835085173686577,-0.0165728435311688,0.03048780487804878,0.042682926829268296,0.6601182884812874,-0.1502048464149219
31983,s31983.csv,288,6.312,9.192,2.88,0.9756944444444444,0.0,0.0,281,0.9756944444444444,283.5472748066643,896.0633500000001,2.853993569793276,1.0,0.0,0.5868055555555556,119,0.4131944444444444,8.170433719958968,16.045967999999995,3.8415612601169484,9,0,0.04174552699480087,0.9720262028276218,3.984514369321338,4,0,0.3146664518870554,0.8237622630867611,3.5709845539537066,2,,0.770202457172521,6.217684308095938,0.8056955024212178,8.217416568366843,0.0191400304144761,0.08680555555555555,0.08680555555555555,0.44205486094973195,-0.03475904833415868
31984,s31984.csv,288,6.312,9.192,2.88,0.96875,0.0,0.0,279,0.96875,307.44470734991165,888.1031029999999,2.4121124865556482,0.0,0.0,0.0,0,0.0,,,,9,0,-0.25810751022995687,1.112689719509925,2.9559315023804804,4,0,-0.22380316501813718,1.1058624202131586,2.7447197719703964,0,,0.417641051374987,7.275165828587925,0.8052439146247493,8.845626349489038,-0.03562754930698461,0.052083333333333336,0.059027777777777776,0.5068121390614619,0.0003571705886763798
31985,s31985.csv,447,3.512,7.992,4.48,0.9865771812080537,0.0,0.0,441,0.9865771812080537,131.85366186846096,117.41073999999998,2.589114931712307,0.8299776286353467,0.0,0.5950782997762863,105,0.2348993288590604,21.859297332805628,69.33317999999998,1.7894268581339052,9,0,0.2562814627313223,0.8466948551345269,3.312772613756527,4,0,0.14014238627436482,0.9231373500730671,3.1810048299030305,4,1.4999999999999996,0.8072131147540992,1.0412300283276352,0.9469652668528823,0.39483802224793596,0.007175259237978671,0.0,0.0,0.031229135661918758,-0.12581333574234868
31987,s31987.csv,550,0.502,6.192,5.69,0.9872727272727273,0.0,0.0,543,0.9872727272727273,311.3311331160707,1036.451389,2.239856936096499,0.8,0.0,0.3181818181818182,265,0.4818181818181818,10.329666680654512,35.80199599999998,1.0151400261517036,9,0,0.8967141695207883,0.30096212431584324,5.073905475578356,4,0,0.9561768428984395,0.1788351269990745,10.739677705063889,9,0.5950000000000001,0.360686911581133,3.728576785301107,0.7549112372212708,63.83304137089645,-0.005536660781127894,0.05090909090909091,0.05818181818181818,0.8645470586978048,-0.0480001853080192
31988,s31988.csv,553,0.502,6.192,5.69,0.8987341772151899,0.0054249547920434,0.0,494,0.8933092224231465,431.85951085906885,1448.5731824999998,2.986112841403112,0.9710669077757685,0.0,0.7377938517179023,129,0.2332730560578662,82.41899487961149,237.748056,0.42628806505347905,9,0,0.7714114374215544,0.4457111858247305,4.643618257741587,4,0,0.9630318735139439,0.16011949090469324,10.20307741942607,5,1.0,0.40381909547738676,3.0596640760542133,0.8874795593590044,8.744002159675702,0.0006275362810177904,0.027124773960216998,0.027124773960216998,0.6297182669097006,0.33918416875777774
31990,s31990.csv,77,2.212,2.972,0.7599999999999998,0.8961038961038961,0.06493506493506493,0.0,64,0.8311688311688312,649.2554669276229,1853.2526074999998,2.5138734021838514,1.0,0.0,0.987012987012987,1,0.012987012987012988,,,,9,0,0.9623170312636042,0.18302993618125532,2.7253518527858143,4,0,0.9110349557796387,0.29346016132013997,3.075468188775458,1,,0.9850816384879675,3.385233192215874,0.7296326787185777,2.286888605700781,0.018056476596935322,0.14285714285714285,0.14285714285714285,0.8444914298675064,0.21571059351053357
31991,s31991.csv,393,2.212,6.192,3.98,0.9643765903307888,0.0,0.0,379,0.9643765903307888,313.9934215464312,1122.7976669999994,3.212898353322758,0.9363867684478372,0.0,0.8753180661577609,24,0.061068702290076333,66.68413121535414,39.10318799999999,1.6682839498405768,9,0,0.552788262491392,0.6539427097399341,3.4072251951082393,4,0,0.5680584017413198,0.6507057046170361,3.125353628152932,3,0.6349999999999998,0.48902048472041293,3.7090408180348575,0.803368607025473,22.092704974359936,0.03990284382809998,0.05597964376590331,0.061068702290076333,0.7133562942251067,-0.13536956274516793
32002,s32002.csv,745,3.502,10.992,7.490000000000001,0.8241610738255034,0.005369127516778523,0.0,610,0.8187919463087249,403.52147835895255,1351.3373454999994,4.568807380944624,0.9946308724832215,0.0,0.9825503355704698,9,0.012080536912751677,21.843896676443077,56.252349999999986,0.8987975838019718,9,0,0.710305343828236,0.4990645878494848,6.022455877146174,4,0,-0.007133658676536023,1.0052410297066712,3.3050047214353167,37,0.06500000000000039,0.5841597609020516,12.893939529841859,0.9278732834847039,4.933937926803977,0.006422167850271917,0.042953020134228186,0.042953020134228186,0.49430937005635617,-0.05152187434728579
32004,s32004.csv,80,3.502,4.292,0.79,0.95,0.0,0.0,76,0.95,99.422098451634,159.65965500000004,1.5600432601521552,1.0,0.0,0.0,80,1.0,7.116687614792114,11.826530499999997,3.54768645834095,9,0,0.05377951280284348,0.9026866045757608,3.3935093290280114,4,0,0.8834181282791758,0.3259492301942289,4.306718766314486,3,0.395,0.467988129785386,15.181684463473747,0.38666802844870984,31.46188889439746,0.10602150908458077,0.1625,0.1875,0.9077900671994311,0.6211191041751635
32005,s32005.csv,295,8.002,10.992,2.99,0.9423728813559322,0.013559322033898305,0.0,274,0.9288135593220339,248.20302534890024,532.4871034999999,1.1243138222241733,1.0,0.0,0.9966101694915255,1,0.003389830508474576,,,,9,0,0.5235604895328215,0.6917839231657272,9.018497318073987,4,0,0.9781467573717899,0.10081157013702008,6.850503970131475,6,0.35999999999999943,0.6123106976567759,9.673496465671132,0.6441818793804938,23.474502421418375,-0.060937637286917395,0.2711864406779661,0.2711864406779661,0.9428222839589353,0.06371194742556346
32009,s32009.csv,387,3.502,7.392,3.8900000000000006,0.9767441860465116,0.002583979328165375,0.0,377,0.9741602067183462,68.3602804726489,200.99609400000003,2.184560239647425,0.9870801033591732,0.0,0.6201550387596899,142,0.3669250645994832,7.474670768521862,23.138791,1.5527550170940745,9,0,0.6475925371620205,0.5474112143721179,5.185515103694499,4,0,0.8132912818757049,0.4078943311776375,8.621480106363103,7,0.43500000000000005,0.9960207741742636,10.210183721577021,0.6402182207256193,33.0523856146482,0.04219139490305736,0.1937984496124031,0.19896640826873385,0.9163906827924264,-0.017203179909466744
32011,s32011.csv,161,4.002,5.602,1.6000000000000005,0.9751552795031055,0.055900621118012424,0.0,148,0.9192546583850931,532.2288695139858,1811.978274000002,2.148397656703862,1.0,0.0,0.9937888198757764,1,0.006211180124223602,,,,9,0,0.7017646133837613,0.5443907788081563,4.2565869879019775,4,0,0.9009140075203077,0.3058097575827025,3.383672953027855,1,,0.5671196925672511,4.177852991398021,0.7968212242786472,4.635199785343341,0.07715347273252143,0.2795031055900621,0.2795031055900621,0.7614927422666239,-0.2119436272550478
32013,s32013.csv,288,6.312,9.192,2.88,0.19444444444444445,0.020833333333333332,0.0,50,0.1736111111111111,868.8849614267617,2602.60881,8.372358996557525,0.9027777777777778,0.0,0.2534722222222222,187,0.6493055555555556,44.94694071069046,72.12409199999998,2.1010948412836945,9,0,0.20188658832343875,0.8922274269706861,4.117665298202904,4,0,0.08537484788751337,0.9513806426076109,3.5533837183198718,1,,0.4732837733583418,5.7559453217403425,0.7857065847528226,14.084385319997224,-0.025641766397603023,0.06597222222222222,0.07291666666666667,0.20469455712028872,0.33548051157306646
32014,s32014.csv,308,4.002,7.122,3.12,0.6915584415584416,0.05519480519480519,0.0,196,0.6363636363636364,556.54744403234,1666.6152950000003,10.466121897499475,1.0,0.0,0.9967532467532467,1,0.003246753246753247,,,,9,0,0.4129240460213577,0.7837780780993072,3.6306601048009384,4,0,0.803753505602365,0.43688180102552376,4.753375909856933,5,0.25500000000000034,0.9022270346199996,5.426529407678098,0.8881998617856789,2.85492996855003,0.02358667053591721,0.05844155844155844,0.06818181818181818,0.6019914320404264,0.05299486924616107
32015,s32015.csv,288,6.312,9.192,2.88,0.6666666666666666,0.0625,0.0,174,0.6041666666666666,476.28239055135043,1532.5584049999984,12.839497562282478,1.0,0.0,0.9340277777777778,19,0.06597222222222222,3.4270001423898666,8.561416999999985,9.815806873823044,9,0,0.14124347669021275,0.9122757487125759,3.9234327551619272,4,0,0.21935905262494393,0.8810798056400888,3.0154117772428557,0,,1.1259327287337855,8.0119035287576,0.8518055561746919,4.431726462789536,-0.037841694925772926,0.11805555555555555,0.125,0.6652771665735822,0.2540137361390472
32016,s32016.csv,187,4.002,5.862,1.8600000000000003,0.9144385026737968,0.016042780748663103,0.0,168,0.8983957219251337,513.4554857565732,1409.3111830000003,1.3194331383152982,0.9946524064171123,0.0,0.0053475935828877,185,0.9893048128342246,4.2246559691210015,8.698761999999995,2.5449393719083115,9,0,0.9387489107281469,0.23842925335105397,3.117015866138445,4,0,0.915789967885934,0.28808697034259345,2.4066142504338432,15,0.020000000000000462,0.9583604079173432,9.368016431406595,0.7861070792858835,7.3879010276702965,0.00035276812217192866,0.4117647058823529,0.4117647058823529,0.9260083783334964,0.05276005929068062
32017,s32017.csv,209,4.002,6.132,2.13,0.8851674641148325,0.023923444976076555,0.0,180,0.861244019138756,485.869332075162,1355.244382,0.7281806377907797,1.0,0.0,0.004784688995215311,208,0.9952153110047847,16.300571547380837,48.93190799999995,1.8736958031231914,9,0,0.9756733401998547,0.1511050570566369,2.445564323732505,4,0,0.9580956044581073,0.2001008332569279,2.495556059604301,16,0.11000000000000032,0.9879223586814123,9.001447173524273,0.812657959783952,5.637986010103596,0.07881342036860292,0.35406698564593303,0.3684210526315789,0.8359608156684107,-0.08380754960394005
32018,s32018.csv,288,6.312,9.192,2.88,0.7465277777777778,0.003472222222222222,0.0,214,0.7430555555555556,395.57237120305916,709.9904364999986,10.384976779799933,0.8680555555555556,0.0,0.7638888888888888,30,0.10416666666666667,115.74458546731327,312.64722399999994,7.503837774056137,9,0,0.38762010281917075,0.8123697352420389,4.176727188949872,4,0,0.5647766140814129,0.660312186707907,4.248464019401484,4,0.010000000000001563,0.5989049973846723,10.557635199841823,0.7935774949921494,11.548629744894361,-0.04542183302210423,0.10069444444444445,0.1111111111111111,0.6499214732917865,0.18592221492868216
32020,s32020.csv,546,3.502,8.982,5.4799999999999995,1.0,0.0,0.0,546,1.0,157.46143681113938,564.2288675000001,2.9792108981486347,1.0,0.0,0.7252747252747253,150,0.27472527472527475,10.02794817563769,27.73798799999998,0.4622044603331909,9,0,0.516019627418489,0.691011265240017,5.673660227108236,4,0,0.6856225024485836,0.5683221446972329,5.213097078738512,7,0.6399999999999999,0.578061092892147,2.8275510665059165,0.8711027297772286,11.574488023631211,0.036310994853166474,0.027472527472527472,0.027472527472527472,0.4773235541306924,-0.01308822477467541
32023,s32023.csv,596,3.502,9.482,5.9799999999999995,0.9748322147651006,0.02348993288590604,0.0,567,0.9513422818791947,295.83414416170285,509.5321329999987,4.889865533532269,1.0,0.0,0.09228187919463088,541,0.9077181208053692,20.286456906758897,72.64426,0.5174385672720107,9,0,0.6928416341733266,0.5454678553625605,4.279250624369451,4,0,-0.03027944706395007,1.0196206074866072,3.276798744220841,7,0.645,0.6394311054292682,2.6020255073905547,0.9406639982191772,1.7432639915492385,0.07708275924233439,0.015100671140939598,0.015100671140939598,0.328701006869664,-0.1888548196416126
32024,s32024.csv,596,3.502,9.482,5.9799999999999995,0.9983221476510067,0.0016778523489932886,0.0,594,0.9966442953020134,242.7279732269,570.6190120000001,3.4854088578764504,0.7432885906040269,0.0,0.4983221476510067,146,0.24496644295302014,5.086285644551759,11.537032499999995,1.6942919556762719,9,0,0.6796950436668986,0.5507729623385391,4.252895704923436,4,0,-0.1263550484142992,1.0639547747786295,3.217934096121065,5,1.5,0.7283538887490579,3.573741513384669,0.7710445283709985,59.16162224243001,0.03682438415848237,0.030201342281879196,0.030201342281879196,0.7595208416006061,0.1207905645588223
32025,s32025.csv,596,3.502,9.482,5.9799999999999995,0.9932885906040269,0.028523489932885907,0.0,575,0.964765100671141,289.0283831822872,522.7562619999973,2.443609328204547,0.9916107382550335,0.0,0.08557046979865772,540,0.9060402684563759,28.45001291265982,73.92117349999998,0.6271337980363173,9,0,0.17234224071697207,0.9299116568227794,4.8761736213662195,4,0,-0.1687135361461492,1.0982726463020533,3.1425137657432285,9,0.5149999999999997,0.4531288647044267,3.3503089740846743,0.8043835910549003,43.69156887546297,0.007472817721602231,0.026845637583892617,0.026845637583892617,0.3713192018192211,0.03392249241655661
32027,s32027.csv,396,2.212,6.192,3.98,1.0,0.0,0.0,396,1.0,163.11967125784858,478.46567000000005,1.7684811216217644,0.5833333333333334,0.0,0.5631313131313131,8,0.020202020202020204,157.73776154007317,313.233987,,9,0,0.5451000732204775,0.6646350412506314,3.7419034976737295,4,0,-0.09596506562054019,1.0476875324952684,3.3391588713578577,10,0.05999999999999961,0.9815781115295618,4.228940046282024,0.8597983450558044,7.8083829981692165,-0.07662600019669571,0.08333333333333333,0.08838383838383838,0.5806836338209522,-0.03401632715101643
32028,s32028.csv,396,2.212,6.192,3.98,1.0,0.0,0.0,396,1.0,162.76780008786525,513.0659474999999,2.4539495000165297,0.7070707070707071,0.0,0.6767676767676768,12,0.030303030303030304,385.5244599641325,947.987995,22.967205536155166,9,0,0.6813921711827055,0.5629065601792086,4.200583623510096,4,0,-0.06878688572283428,1.0312561368378979,3.4946257085334542,13,0.025000000000000133,0.8223758005572246,5.211635275904722,0.749362507415119,23.765696353426108,0.025455885481013595,0.09343434343434344,0.09343434343434344,0.405242161619712,-0.10714214659839015
32030,s32030.csv,290,2.212,5.122,2.9099999999999997,0.9724137931034482,0.006896551724137931,0.0,280,0.9655172413793104,235.97723661372078,739.3603314999998,2.2146115852880164,1.0,0.0,0.2793103448275862,209,0.7206896551724138,11.282494329028287,41.20155799999999,0.8130809940872329,9,0,0.7083970912500646,0.473867314390948,7.982444362050789,4,0,0.06504001381543063,0.9816160146891566,2.9604179456755046,5,0.4949999999999999,0.9742184597568551,6.271237551514425,0.5389791732034069,105.29901802432101,-0.026852529088459556,0.017241379310344827,0.03103448275862069,0.8802921212136107,0.17592335007534127
32031,s32031.csv,396,2.212,6.192,3.98,0.9974747474747475,0.0,0.0,395,0.9974747474747475,145.13795930639486,462.87969999999916,1.9002026537156764,0.76010101010101,0.0,0.7575757575757576,1,0.0025252525252525255,,,,9,0,0.2983587992613102,0.8135785850566782,3.5557093064782874,4,0,0.33340227152252305,0.8151520537531614,3.109800603622049,4,1.0,0.5362026103169685,7.610903541894372,0.6566547835578396,81.40736389801336,0.007612439403540103,0.05555555555555555,0.05555555555555555,0.26222869948020583,0.13809479201624975
32032,s32032.csv,396,2.212,6.192,3.98,1.0,0.0,0.0,396,1.0,154.6691733161234,478.8879975,1.9496398822500252,0.0,0.0,0.0,0,0.0,,,,9,0,0.47730686046260473,0.7115279205608475,3.479717974482132,4,0,0.4386672461727492,0.7466274332664704,3.743286822218441,4,1.0,0.9586082428474209,5.586570007576402,0.8717979259866312,7.7118049078542406,0.02782198065362347,0.03787878787878788,0.047979797979797977,0.32281547087648754,0.0238328250629168
32035,s32035.csv,396,2.212,6.192,3.98,0.9974747474747475,0.0,0.0,395,0.9974747474747475,207.12632414490497,634.8986119999997,2.073136570689104,0.9116161616161617,0.0,0.005050505050505051,359,0.9065656565656566,64.97673597638284,99.815293,1.4770412820611967,9,0,0.5872632263843466,0.6298251573234611,3.6621122607177146,4,0,0.19572561471884997,0.8966494978764383,3.841891144659119,5,0.9999999999999998,0.6940367824633104,6.935937695996367,0.6976472534072432,29.23807738690073,-0.03623164482603712,0.09595959595959595,0.10606060606060606,0.5252575384468745,-0.02040319887712655
32054,s32054.csv,397,4.012,7.992,3.9800000000000004,0.8488664987405542,0.0,0.0,337,0.8488664987405542,72.60007076507885,235.07437199999998,1.1085292709765722,1.0,0.0,0.9974811083123426,1,0.0025188916876574307,,,,9,0,0.953278082932541,0.21268316096699189,3.203351793443711,4,0,0.8284906759360813,0.41757702399271296,3.3751053581081947,5,0.7449999999999997,0.5522340528640461,1.3987186232186828,0.6917906861037658,25.712367765539575,0.020719885596144943,0.20906801007556675,0.2141057934508816,0.7197051452555598,0.006337120537796403
32061,s32061.csv,148,0.502,1.982,1.48,0.9594594594594594,0.0,0.0,142,0.9594594594594594,340.2796977538733,968.0190339999998,2.803655855910086,0.16216216216216217,0.0,0.1554054054054054,1,0.006756756756756757,,,,9,0,0.812373703809117,0.4480019869535863,3.9235252674254117,4,0,0.5283577332349357,0.6006940956009559,4.72343982702698,9,0.07000000000000006,0.46255309045822685,5.93986450999053,0.25253664945398685,60.050521462699095,-0.12446707607175689,0.17567567567567569,0.1891891891891892,0.8353304169445198,0.22732651878457386
32062,s32062.csv,148,0.502,1.982,1.48,0.9054054054054054,0.013513513513513514,0.0,132,0.8918918918918919,289.3294506601502,334.5650885,0.7400136351069954,0.0,0.0,0.0,0,0.0,,,,9,0,0.8543740860713894,0.3819708185832727,3.490863960344344,4,0,0.5806512096943406,0.5740253853172181,2.7654121138540413,5,0.010000000000000009,0.6430014162004036,2.835370383595098,0.4530709705238306,53.14983596683631,0.011755581417034325,0.20270270270270271,0.21621621621621623,0.8377638503120368,-0.06504143708660667
32065,s32065.csv,148,0.502,1.982,1.48,0.9932432432432432,0.006756756756756757,0.0,146,0.9864864864864865,182.98621953930174,535.5797275,1.4411706678893406,0.1554054054054054,0.0,0.14864864864864866,1,0.006756756756756757,,,,9,0,0.9026119085555755,0.2875301387376224,3.7441147425817127,4,0,0.3997146461980622,0.77561557301213,4.0843179792699145,4,0.3400000000000001,0.4843393536121671,1.629168490418516,0.6664100711001875,9.748442921822814,-0.07670557218793105,0.30405405405405406,0.30405405405405406,0.7677957547901372,-0.0378178050024695
32067,s32067.csv,145,0.532,1.982,1.45,0.9241379310344827,0.0,0.0,134,0.9241379310344827,159.34063512774384,385.1625704999997,1.2340347517694583,0.0,0.0,0.0,0,0.0,,,,9,0,0.8970664162720856,0.3092378169481562,4.331974858163747,4,0,0.6593364354946084,0.6010895403418854,7.716174288412239,6,0.010000000000000009,0.6647238732760108,2.3332404113484744,0.6915778750974031,11.48570065564694,0.09661036149777573,0.2827586206896552,0.296551724137931,0.5961111788253344,-0.10358176882332658
32073,s32073.csv,10,5.002,5.092,0.08999999999999986,1.0,0.0,0.0,10,1.0,82.38483537410086,215.65300399999998,0.9920151832475591,1.0,0.0,0.0,10,1.0,22.778523109285555,57.562878500000004,0.6490509531206572,9,0,,0.4127740959445526,,4,0,,0.24079878151960266,,3,0.010000000000000231,,,,,,0.0,0.0,,
32074,s32074.csv,240,0.502,2.912,2.41,0.9041666666666667,0.0,0.0,217,0.9041666666666667,113.99420326346252,392.114554,0.934236260224677,0.75,0.0,0.45416666666666666,71,0.29583333333333334,12.147921258661817,36.121629999999996,2.4798263543898806,9,0,0.8972578859653891,0.31415989063958044,2.424803759724574,4,0,0.9466095190306456,0.2339566463380769,2.1589175770879927,4,0.49,0.542019833545361,1.0544949110295923,0.8726456229269288,2.682087037203641,-0.025421749722412096,0.09166666666666666,0.09583333333333334,0.6675802972589916,-0.11319576075811386
32076,s32076.csv,10,5.002,5.092,0.08999999999999986,0.7,0.0,0.0,7,0.7,93.05681827390617,225.30552200000002,3.923207708086937,1.0,0.0,0.0,10,1.0,5.042249813398876,14.376045999999999,3.8690488258062183,9,0,,0.37220769268246423,,4,0,,0.20903535614358293,,1,,,,,,,0.0,0.0,,
32080,s32080.csv,148,0.502,1.982,1.48,0.8648648648648649,0.02027027027027027,0.0,125,0.8445945945945946,239.9102063553887,565.3425299999998,1.5365467330271891,0.0,0.0,0.0,0,0.0,,,,9,0,0.559215175280721,0.6525069822021745,2.6483984560028326,4,0,0.7863067550974062,0.46298207360691523,3.0853209417554015,6,0.08999999999999997,0.7645912411242385,0.7040082326513064,0.8707497166610136,0.8187692276206446,0.028745873143072205,0.033783783783783786,0.05405405405405406,0.5743055397859335,-0.18245547917358407
32082,s32082.csv,294,0.502,3.452,2.95,0.8435374149659864,0.0,0.0,248,0.8435374149659864,67.49730505990975,220.57330199999998,1.166714764709615,0.003401360544217687,0.0,0.0,1,0.003401360544217687,,,,9,0,0.8773178029950965,0.3427961325336624,2.8702170414994757,4,0,0.8116536153788972,0.41774116982631293,2.95091777954881,12,0.029999999999999805,0.5444223777641588,0.8739162960071956,0.9168441121076683,1.1311862263247374,-0.03848594430952233,0.03741496598639456,0.03741496598639456,0.6121676651785071,-0.25068398961941446
32087,s32087.csv,645,3.012,9.492,6.48,0.8496124031007752,0.0,0.0,548,0.8496124031007752,176.77601450775396,596.0586185,1.7761949063190778,0.16744186046511628,0.0,0.0031007751937984496,106,0.16434108527131783,201.25377512202414,130.19048750000002,2.3430151429712867,9,0,0.9242666928222396,0.265339825816296,5.210657280237653,4,0,0.9293506480493173,0.24797131704610298,5.39871933839768,5,1.5,0.8053703120075637,2.5337242020783295,0.8446855531183189,15.416027637069336,0.005904100630216427,0.06356589147286822,0.06666666666666667,0.685205953859669,0.11811742430535555
32088,s32088.csv,645,3.012,9.492,6.48,0.9286821705426357,0.0015503875968992248,0.0,598,0.9271317829457364,208.04999007611718,707.50523,2.2887214140392556,1.0,0.0,0.15813953488372093,543,0.8418604651162791,15.5405788770254,53.99840599999996,2.0368656813281785,9,0,0.9023344666392745,0.30145663697994557,7.230388270180799,4,0,0.9226464889345738,0.26305737026253484,8.444317404888757,11,0.4950000000000001,0.866897705283642,2.469278730110568,0.7367856657675572,77.99558025071487,-0.0009654496134140133,0.08217054263565891,0.09302325581395349,0.3777888991190572,0.11288927036823827
32089,s32089.csv,645,3.012,9.492,6.48,0.896124031007752,0.0015503875968992248,0.0,577,0.8945736434108527,256.27536204536733,754.36484,2.3731185070596497,1.0,0.0,0.9984496124031008,1,0.0015503875968992248,,,,9,0,0.8616647992960934,0.34696760851190844,6.315078461276687,4,0,0.8293266300491402,0.4056242585286764,7.156382645388445,6,1.4999999999999996,1.158864210519336,4.803855396114973,0.4941684590674436,222.97844652187558,0.007702452660442087,0.12403100775193798,0.13333333333333333,0.25770241995994353,0.051084872001989544
32090,s32090.csv,645,3.012,9.492,6.48,0.8775193798449612,0.0015503875968992248,0.0,565,0.875968992248062,258.30275303276346,919.9651039999997,3.0898903923587993,0.9906976744186047,0.0,0.23565891472868217,487,0.7550387596899225,23.376978044698912,68.46603799999998,1.1196810745122665,9,0,0.9131517743037028,0.2942048768206957,6.980586332845154,4,0,0.8060545677697513,0.42066750963612165,8.048586238738052,11,0.14500000000000002,0.8600712272589546,2.793238622988602,0.706723466505339,63.6408187525971,0.003753709770175155,0.06976744186046512,0.07286821705426356,0.5033818330512793,0.26419015750922453
32091,s32091.csv,645,3.012,9.492,6.48,0.8449612403100775,0.0,0.0,545,0.8449612403100775,295.3137434754543,1108.9694839999997,3.117637197923581,0.8217054263565892,0.0,0.08062015503875969,478,0.7410852713178294,43.680143641696375,64.03935649999998,2.7628154512995833,9,0,0.36955162357011434,0.8043192874329997,6.714588745537407,4,0,0.8962386703890137,0.3058662478777414,10.660070458684881,29,0.09999999999999964,0.8148987540714754,10.23938112162932,0.18160278253704676,343.41973261322,-0.011932719334836613,0.05426356589147287,0.06511627906976744,0.6197051125302372,0.00989725496150017
32092,s32092.csv,645,3.012,9.492,6.48,0.7705426356589147,0.0,0.0,497,0.7705426356589147,296.3327043546057,1117.987598,1.4549357015734625,1.0,0.0,0.8480620155038759,98,0.15193798449612403,4.792780479523763,16.4035455,2.7005454294738547,9,0,0.92430468600265,0.27255481086683614,3.1479595783181646,4,0,0.971896370661109,0.15472488365033682,4.572482771055485,13,0.3400000000000003,0.9766199411284153,20.50161470938599,0.9436981420998745,1.822444699672999,0.02991179393047752,0.06046511627906977,0.06201550387596899,0.9215756920332893,0.19773006586624967
32093,s32093.csv,510,3.012,8.132,5.119999999999999,0.8117647058823529,0.0,0.0,414,0.8117647058823529,382.7647276412818,1308.5324894999997,1.9053640247121177,0.6627450980392157,0.0,0.10196078431372549,286,0.5607843137254902,143.14731666121338,296.08043499999997,19.80878647905539,9,0,0.9272918534306831,0.25926469974429717,5.279809560146397,4,0,0.948960566189439,0.2211711330410529,10.264115042001281,11,0.1549999999999998,0.8033544907652085,2.38863263075182,0.8727869291417478,8.88301898062236,-0.04849565230309059,0.047058823529411764,0.050980392156862744,0.5012375799175001,0.3210438215077142
32094,s32094.csv,645,3.012,9.492,6.48,0.9085271317829458,0.0,0.0,586,0.9085271317829458,444.58016746676,1554.1505774999998,1.7468646245659625,1.0,0.0,0.7705426356589147,148,0.22945736434108527,5.238495520232429,11.863848500000003,1.9761731940150296,9,0,0.9228496301987281,0.26559211752220746,5.658692178267025,4,0,0.9273186009265915,0.2668970601122208,9.554446144198462,27,0.07500000000000018,0.44258809886829764,3.0802254677507603,0.7935308455072667,27.182100809904206,0.013808334095754955,0.10077519379844961,0.10232558139534884,0.7033826227899569,0.3102698901208116
32096,s32096.csv,417,3.012,7.222,4.210000000000001,0.7889688249400479,0.007194244604316547,0.0,326,0.7817745803357314,370.8433946991378,1003.7540899999999,1.3796400980541321,1.0,0.0,0.11750599520383694,368,0.882494004796163,16.98345243751281,54.114582,1.3658140631132498,9,0,0.23220868857395427,0.9073324713052264,3.3112759264141283,4,0,0.9699634190200583,0.16740816418274707,27.4950169631274,6,0.6800000000000006,1.1280308248235658,23.751123406407732,0.8679522613169138,11.452235143896795,-0.12670948862504486,0.26139088729016785,0.26618705035971224,0.9217474918133491,-0.04467982994929409
32097,s32097.csv,643,3.012,9.492,6.48,0.9813374805598756,0.0,0.0,631,0.9813374805598756,465.1231170224068,1567.7278549999999,1.4758312295165996,0.833592534992224,0.0,0.48989113530326595,221,0.343701399688958,49.04155212663929,125.73505000000002,1.7215266445283561,9,0,0.8219665639694883,0.40409330402633387,6.6724622909703175,4,0,0.9505903550650752,0.21445923102809888,17.225502991118763,8,0.9399999999999995,0.7692272863106617,17.260702755520988,0.8677786530518067,16.770533227962886,0.1067077521356033,0.2223950233281493,0.2223950233281493,0.9292478642208989,0.05453392145648973
32098,s32098.csv,645,3.012,9.492,6.48,0.9829457364341085,0.0,0.0,634,0.9829457364341085,376.1607438768678,1243.8244045000001,2.0133191148308764,1.0,0.0,0.15813953488372093,543,0.8418604651162791,11.333184215016194,44.39321699999998,2.690428613030954,9,0,0.8175895915077666,0.42161968901575003,5.02769374539673,4,0,0.9175354074992816,0.27113155344513573,8.012449508917708,12,0.2400000000000002,0.7041088665856936,3.681884318533295,0.4309173904927759,296.80405531446996,0.006024764952616628,0.15503875968992248,0.16589147286821707,0.9359083506566526,0.09396208008246082
32099,s32099.csv,306,3.012,6.082,3.07,0.9215686274509803,0.0032679738562091504,0.0,281,0.9183006535947712,382.53708138478623,1209.49753,0.8410084463509854,0.9183006535947712,0.0,0.06209150326797386,262,0.8562091503267973,71.7502157496099,198.21761899999996,1.1485253167883007,9,0,0.8629239413716209,0.3675352017427358,1.8101546735333587,4,0,0.9363553587158451,0.24864852999913195,10.038303869895735,7,0.10499999999999954,0.596992273730684,26.406564672856128,0.8074421153107751,11.169630305891344,-0.10407590889919353,0.28431372549019607,0.28431372549019607,0.9255021833248075,-0.08544530214071662
32100,s32100.csv,278,6.312,9.092,2.7800000000000002,0.38489208633093525,0.017985611510791366,0.0,102,0.3669064748201439,462.3857004146314,1313.5316149999983,13.155561381211196,0.7553956834532374,0.0,0.0,210,0.7553956834532374,304.9233772804163,202.44999749999988,2.8909913916277876,9,0,0.05803118255546943,0.9941426719182899,3.295885878315317,4,0,0.30904782885299437,0.8239875095528542,3.2059655719425497,0,,0.5196293415804414,9.03427831683329,0.9359605373987668,0.17348694956108246,-0.03349770002416683,0.0,0.0,0.0977521740826283,-0.040000837320813894
32101,s32101.csv,230,6.312,8.612,2.3,0.5782608695652174,0.04782608695652174,0.0,122,0.5304347826086957,470.65725480768117,1326.021643999998,11.626826584492616,1.0,0.0,0.9956521739130435,1,0.004347826086956522,,,,9,0,0.1344939893386162,0.9311636172048501,3.951823878763858,4,0,0.343192736069009,0.8099509949797378,2.963902646410445,0,,0.8254088837250859,11.659760699858275,0.9386155887960801,-0.4055968295180943,0.05999630270077786,0.0,0.0,0.1687608793487323,0.21814099666231052
32103,s32103.csv,96,4.002,4.952,0.9500000000000002,0.8541666666666666,0.11458333333333333,0.0,71,0.7395833333333334,463.91360604600203,1526.38058,9.415862878041013,1.0,0.0,0.9895833333333334,1,0.010416666666666666,,,,9,0,0.6140176651560884,0.591287661979059,2.8430386978204445,4,0,0.9245006405702123,0.27399725371805317,3.5602833816343447,1,,0.7906706476970813,3.4543205266291226,0.594385298632117,9.714170922488323,0.052165003712252814,0.22916666666666666,0.22916666666666666,0.849251486701378,0.19001189690301395
32104,s32104.csv,38,6.312,6.682,0.3700000000000001,0.8947368421052632,0.21052631578947367,0.0,26,0.6842105263157895,294.62135696189875,512.9762750000001,15.51761470959942,1.0,0.0,0.9736842105263158,1,0.02631578947368421,,,,9,0,0.5722740564143015,0.6229927033358351,2.7012267660658043,4,0,0.46301852691767204,0.704298895500977,3.8601843003490464,0,,,6.128867317514672,0.6912185484678415,0.7939222459212811,0.00899187765711705,0.0,0.0,0.3384727968195736,-0.0881863844956577
32106,s32106.csv,133,4.002,5.322,1.3200000000000003,0.7969924812030075,0.09774436090225563,0.0,93,0.6992481203007519,559.7909690208312,1668.432739999996,7.086124847660735,1.0,0.0,0.015037593984962405,131,0.9849624060150376,9.44023715263735,29.754689999999997,1.921705998274055,9,0,0.6717043302685487,0.5518748145537498,2.737089246063377,4,0,0.8729093244742023,0.34689267417800473,2.822160320883386,1,,0.7928971486761712,5.5058732821041,0.9001701116956593,0.1681351169878933,-0.014703921732699935,0.03007518796992481,0.03007518796992481,0.7000854172445428,0.10530432053391742
32107,s32107.csv,144,4.022,5.452,1.4299999999999997,0.8472222222222222,0.06944444444444445,0.0,112,0.7777777777777778,462.44499265341835,912.0238229999983,16.92546500690386,1.0,0.0,0.006944444444444444,143,0.9930555555555556,12.233893253100499,38.131848000000005,2.5271641183697433,9,0,0.584233773654219,0.6292715618748593,3.970516064052624,4,0,0.9000125100537283,0.31846389512150935,3.1640580619173115,6,0.010000000000000675,0.7469097648583393,4.5163408948146735,0.8080774440519695,3.5226653760031494,-0.09277629092616664,0.1527777777777778,0.16666666666666666,0.8233641216170189,-0.1038235645458202
32108,s32108.csv,139,4.002,5.412,1.4100000000000001,0.8705035971223022,0.11510791366906475,0.0,105,0.7553956834532374,614.6560231149265,1997.1111999999991,9.908004755894478,1.0,0.0,0.007194244604316547,138,0.9928057553956835,23.441848282306353,80.053413,2.037267329944517,9,0,0.5516942450594831,0.6395201846968946,3.263732602730582,4,0,0.8916678757912877,0.31138279653272116,3.0784625125635743,4,0.1900000000000004,0.7914431431809591,5.769405294330138,0.7538385503428708,6.095179169852437,0.0625439574133505,0.09352517985611511,0.09352517985611511,0.8654221625300501,-0.0031228629589771695
32111,s32111.csv,288,6.312,9.192,2.88,0.5520833333333334,0.017361111111111112,0.0,154,0.5347222222222222,561.4144716206447,1797.3478009999985,11.067762984989765,1.0,0.0,0.9965277777777778,1,0.003472222222222222,,,,9,0,0.12897820721134953,0.9419751273817681,3.9688876116448473,4,0,0.04719084333868312,0.9777714828515469,2.8921058567619964,0,,0.6827361378974971,9.977720450858651,0.5105871437920537,99.95990245113244,-0.025081436026744182,0.04513888888888889,0.05555555555555555,0.5038422557794255,0.10338226349181003
32112,s32112.csv,288,6.312,9.192,2.88,0.6319444444444444,0.010416666666666666,0.0,179,0.6215277777777778,326.4128185017538,763.0026229999997,6.217128120030993,0.9861111111111112,0.0,0.7604166666666666,65,0.22569444444444445,84.6575905315777,234.75457,6.21595126323384,9,0,0.162669824086092,0.8847846834121769,3.855155497525459,4,0,0.5656482458584603,0.6493943020644681,3.703843831630001,0,,0.6113538576658918,7.676291160585636,0.8547401736154039,4.479531107731602,0.05428891836078595,0.08333333333333333,0.09375,0.5143229284150906,0.2517908838664634
32113,s32113.csv,431,6.312,10.632,4.319999999999999,0.6960556844547564,0.08816705336426914,0.0,262,0.6078886310904872,604.7891035527673,1917.9454604999987,11.233394023762191,0.9721577726218097,0.0,0.9559164733178654,7,0.016241299303944315,58.689098722221885,149.999377,1.4400176572035566,9,0,0.20135911383264216,0.8503800584678353,3.58267409333059,4,0,0.9367733666766149,0.12221914065457726,9.982114537497619,1,,0.5545714419607302,7.911012442380204,0.8964827014816898,4.268326561392167,0.005098955279317342,0.05336426914153132,0.05336426914153132,0.4263670658235836,0.21336697313697606
32115,s32115.csv,288,6.312,9.192,2.88,0.4652777777777778,0.013888888888888888,0.0,130,0.4513888888888889,494.8768030618337,1457.8799955,8.857702240683283,0.0,0.0,0.0,0,0.0,,,,9,0,0.03655010663556341,0.9895890558593852,3.6946010605020696,4,0,0.31412603514213233,0.8030481647384791,3.2702019377079727,0,,0.9291154846629898,8.436426881318503,0.8206281763210298,6.802506307986594,-0.04432560707783781,0.09375,0.10069444444444445,0.6702573690875998,-0.02477923672889033
32118,s32118.csv,396,2.212,6.192,3.98,0.9949494949494949,0.0,0.0,394,0.9949494949494949,265.2730156555495,862.2285889999997,2.0506409538776915,0.9090909090909091,0.0,0.4494949494949495,182,0.4595959595959596,24.360965672953217,38.395894999999996,1.9571622161272242,9,0,0.6462575882551445,0.5905928557451201,3.0980290671872086,4,0,0.6622509486061353,0.5790336698841768,2.8631607984528493,5,0.9999999999999998,0.38103938669027443,6.652491945347098,0.6706968161714881,30.2004374715344,0.01959627917836712,0.07323232323232323,0.07323232323232323,0.5010569857372313,0.09234390849780226
32128,s32128.csv,179,1.002,2.792,1.7899999999999998,0.4581005586592179,0.0,0.0,82,0.4581005586592179,218.05836010538565,507.1437235000003,0.737120428036202,0.16201117318435754,0.0,0.1564245810055866,1,0.00558659217877095,,,,9,0,0.944110050625127,0.23437360557778358,2.337895849832889,4,0,0.9693339319336776,0.16175074477322837,,12,0.020000000000000018,0.46832723605782334,7.727405688474429,0.7006328259348323,10.626715032425164,-0.024449835370130832,0.3575418994413408,0.3575418994413408,0.899477034263488,0.09007673857614783
32132,s32132.csv,226,1.022,3.292,2.2699999999999996,0.8362831858407079,0.004424778761061947,0.0,188,0.831858407079646,359.04216823713045,1034.5279965,0.8972087661470051,0.061946902654867256,0.0,0.05752212389380531,1,0.004424778761061947,,,,9,0,0.9205801229323893,0.2778632920354119,5.47913367929907,4,0,0.8988481060244914,0.31670552296785937,4.07202982453947,5,0.23499999999999988,0.5304740545529668,17.342715882657416,0.6835071231418366,14.490717487005675,-0.30436428446088915,0.3805309734513274,0.3805309734513274,0.9458471059047024,0.1505384118439161
32133,s32133.csv,451,1.002,5.542,4.54,0.6873614190687362,0.0,0.0,310,0.6873614190687362,582.0033497980344,1808.1627595000002,1.0193828234445304,0.4501108647450111,0.0,0.44789356984478934,1,0.0022172949002217295,,,,9,0,0.9326541846232408,0.2539800988170489,4.15042184642057,4,0,0.8982904861643904,0.31594493816334557,10.108566745598024,9,0.27500000000000013,0.4842052672375473,9.881637320152237,0.8338404150919883,11.505455175476456,-0.03404974316732841,0.14634146341463414,0.15077605321507762,0.7953158178251516,0.06452784180671224
32135,s32135.csv,277,1.502,4.292,2.79,0.776173285198556,0.0,0.0,215,0.776173285198556,710.2423099729706,2033.3039269999995,0.5678093941924398,0.9927797833935018,0.0,0.010830324909747292,272,0.9819494584837545,36.36953961315765,116.64617899999999,1.956614311565945,9,0,0.8251816916028214,0.41694107580093703,3.811759624555467,4,0,0.9418267645033079,0.23615955155180365,3.7202353778548236,1,,0.41045154743784895,11.289365431037073,0.266470395819935,164.69049867917127,-0.012226317340026969,0.26353790613718414,0.27075812274368233,0.8879060643110801,-0.030340829633357172
32136,s32136.csv,327,1.002,4.292,3.29,0.7859327217125383,0.0030581039755351682,0.0,256,0.7828746177370031,617.7638856331891,1974.3593125,0.6951013724649235,0.9969418960244648,0.0,0.6972477064220184,98,0.2996941896024465,19.654247331430373,48.573443999999995,1.3455414712841005,9,0,0.9567239859075729,0.20940221793327943,2.8428935041395125,4,0,0.9554025580149703,0.21312410319542147,4.409769510904897,6,0.31000000000000005,0.4971888257142353,6.88730069745267,0.731341160147523,33.783420404026806,-0.03014741859214011,0.12232415902140673,0.1345565749235474,0.6400332944497877,0.041104118604635316
32137,s32137.csv,250,1.002,3.522,2.5199999999999996,0.888,0.0,0.0,222,0.888,691.5058669992849,2036.6715189999998,0.48036576777784723,0.4,0.0,0.396,1,0.004,,,,9,0,0.9631283053317173,0.19133418720397588,2.920721308179363,4,0,0.9269006603788736,0.2689795465125785,4.769812556382822,9,0.15500000000000025,0.4723961356271712,13.91828672623685,0.7504576742141337,29.025997090173867,-0.0823767496570944,0.2,0.208,0.821377510967039,0.4245837300179559
32138,s32138.csv,338,1.002,4.412,3.41,0.742603550295858,0.008875739644970414,0.0,248,0.7337278106508875,657.2121502155921,2211.434760499999,0.7335395079029129,0.7011834319526628,0.0,0.5828402366863905,40,0.11834319526627218,17.90714249369588,54.75296899999999,4.29698275990307,9,0,0.892215320644946,0.330009929577362,3.378161070148062,4,0,0.8935430633369914,0.3194734244328722,7.51307686999908,22,0.040000000000000036,0.526242373132183,19.31685589760906,0.7358895842775869,15.13195816113105,0.17811734563344167,0.27218934911242604,0.27218934911242604,0.8458934308706365,0.2478528124005624
32139,s32139.csv,596,6.492,12.472,5.9799999999999995,0.75,0.006711409395973154,0.0,443,0.7432885906040269,455.30026584607015,1387.5760029999994,6.002550428249499,1.0,0.0,0.31711409395973156,407,0.6828859060402684,25.18932732108206,72.26408699999998,0.5438405782593553,9,0,0.13248013781850287,0.9347375012592716,4.062960486439769,4,0,0.8808460577190876,0.2465732942841924,3.4662251671285484,3,2.055,0.7622620380739081,3.149824791043862,0.46303110806764064,112.92798413957735,-0.028153124677465363,0.12919463087248323,0.12919463087248323,0.8907816893267921,-0.025667723225658554
32140,s32140.csv,9,0.0,0.472,0.472,0.7777777777777778,0.0,0.0,7,0.7777777777777778,43.93485942348007,113.34496499999997,0.5865159764219467,0.0,0.0,0.0,0,0.0,,,,9,0,,,,4,0,,,,0,,,,,,,0.0,0.0,,
32141,s32141.csv,9,0.0,0.472,0.472,0.8888888888888888,0.0,0.0,8,0.8888888888888888,40.61920129566002,105.452816,0.8585420167736034,0.0,0.0,0.0,0,0.0,,,,9,0,,,,4,0,,,,0,,,,,,,0.0,0.0,,
32142,s32142.csv,9,0.0,0.472,0.472,0.8888888888888888,0.0,0.0,8,0.8888888888888888,51.98726571522125,128.49361549999998,0.9331053366817078,0.0,0.0,0.0,0,0.0,,,,9,0,,,,4,0,,,,0,,,,,,,0.0,0.0,,
32143,s32143.csv,9,0.0,0.472,0.472,0.7777777777777778,0.0,0.0,7,0.7777777777777778,53.18412632890193,134.825818,0.6502223419488083,0.0,0.0,0.0,0,0.0,,,,9,0,,,,4,0,,,,0,,,,,,,0.0,0.0,,
32144,s32144.csv,84,4.002,4.832,0.8300000000000001,0.7261904761904762,0.0,0.0,61,0.7261904761904762,552.858422054213,1048.81987,18.417086338182582,0.0,0.0,0.0,0,0.0,,,,9,0,0.41609448554288825,0.7628324653815113,2.776421440755865,4,0,0.8918259438046726,0.32051966644075724,4.350795335280376,1,,0.8604171409059863,10.459224989933178,0.15899619189896466,43.02141964566321,0.04222490185508703,0.32142857142857145,0.3333333333333333,0.28537039809435827,0.09312839555936415
32145,s32145.csv,288,6.312,9.192,2.88,0.1909722222222222,0.024305555555555556,0.0,48,0.16666666666666666,582.8152065307135,1844.8394764999998,2.215372190100095,1.0,0.0,0.7673611111111112,67,0.2326388888888889,18.812576822655885,71.26009299999998,2.2755016828655,9,0,0.08329554144626766,0.95795514211448,4.462514061795236,4,0,0.39734259076992856,0.7793547359553106,3.1789750880163705,0,,0.6067398674290343,8.968912623338893,0.9244294253989067,1.0144778743111882,0.07250191151230193,0.0,0.006944444444444444,0.5396938451543984,-0.1365451240674121
32146,s32146.csv,288,6.312,9.192,2.88,0.6597222222222222,0.03125,0.0,181,0.6284722222222222,484.45118947763285,1475.55269,9.902332149101676,0.0,0.0,0.0,0,0.0,,,,9,0,-0.09393689414342442,1.052149195799894,3.7424916252002074,4,0,0.14338393423224946,0.9221973333708063,2.7314499675807222,0,,0.40796692972566706,10.750319673929432,0.8750723831216769,3.061619348923635,-0.03844902081615281,0.0,0.0,0.24933523092661516,-0.02769860966515865
32147,s32147.csv,288,6.312,9.192,2.88,0.2569444444444444,0.017361111111111112,0.0,69,0.23958333333333334,636.5368461360746,1880.4154239999996,29.36396011097004,1.0,0.0,0.9965277777777778,1,0.003472222222222222,,,,9,0,0.07974953802116008,0.9495018944410389,4.21922659329706,4,0,0.2604097221324948,0.8572980478406693,3.004703148909651,0,,0.7222999372919785,8.557661872907545,0.7893419581035754,19.19789514479854,-0.022573969435414724,0.11458333333333333,0.11458333333333333,0.624720415999888,0.4104939003195037
32149,s32149.csv,288,6.312,9.192,2.88,0.625,0.020833333333333332,0.0,174,0.6041666666666666,476.36442133666657,1374.6325265,17.23157556166931,0.0,0.0,0.0,0,0.0,,,,9,0,0.03432325080967899,0.9954595066725939,3.183183683589042,4,1,0.3343078117004769,0.8217889743183294,2.920857062947855,1,,0.5377648667122342,8.631886849000725,0.8793920154818288,2.974656855626036,0.043114342504469765,0.034722222222222224,0.03819444444444445,0.4962274290938544,0.003509697050733182
32150,s32150.csv,288,6.312,9.192,2.88,0.7152777777777778,0.03125,0.0,197,0.6840277777777778,509.2610673908759,1443.8620299999998,11.7722019906953,1.0,0.0,0.9965277777777778,1,0.003472222222222222,,,,9,0,0.07575067521784282,0.9527398767107246,3.4337450081769108,4,1,0.361386199046704,0.799283853517102,3.271041002341107,0,,0.6752004634939188,7.7923767358581495,0.8889386893220563,2.9073760308917556,-0.044712080422811454,0.13194444444444445,0.1597222222222222,0.5636788189581038,0.2936292927188095
32151,s32151.csv,288,6.312,9.192,2.88,0.8680555555555556,0.017361111111111112,0.0,245,0.8506944444444444,353.6484325881344,864.3259379999998,5.966167753921876,1.0,0.0,0.006944444444444444,286,0.9930555555555556,4.574795415256382,15.296367500000002,2.29071854577017,9,0,0.1604198697976487,0.9174205728766565,3.854065481541951,4,1,0.4571415409403122,0.7564593415522811,3.2786011685732355,0,,0.7113009951544821,6.564436423670755,0.5790518127103761,63.67266406966377,-0.03630761740595393,0.12152777777777778,0.12152777777777778,0.20530886008836072,0.42572607760901854
32152,s32152.csv,32,6.312,6.622,0.3099999999999996,0.65625,0.09375,0.0,18,0.5625,927.733685633037,2699.2215889999998,4.785219051749268,1.0,0.0,0.96875,1,0.03125,,,,9,0,0.42801909319262943,0.7223678821430065,3.5393144803681356,4,1,0.8615410512893431,0.4190712652477642,3.092749476696104,0,,,4.173855650217618,0.5192191355934201,3.464423568173729,-0.03155775697012699,0.15625,0.15625,0.647692129636684,0.1059861967258088
32153,s32153.csv,288,6.312,9.192,2.88,0.8715277777777778,0.0625,0.0,233,0.8090277777777778,481.9800438418047,1350.6739419999897,13.11204423711258,1.0,0.0,0.9965277777777778,1,0.003472222222222222,,,,9,0,0.23522393736837444,0.8832102439812862,3.3949302265347803,4,1,0.29418561892548684,0.8496526630326285,3.3080759925198877,0,,0.6588239915157696,23.414013155313825,0.13342937297105092,249.61675741291512,-0.06659273181462856,0.10069444444444445,0.10069444444444445,0.1844982891270348,0.4463788749048268
32154,s32154.csv,336,6.312,9.682,3.37,0.8005952380952381,0.017857142857142856,0.0,263,0.7827380952380952,176.92202692724643,437.35351499999996,2.468887420547363,0.9970238095238095,0.0,0.5029761904761905,166,0.49404761904761907,12.974194051423712,25.678702499999986,9.212510208058625,9,0,0.2727391759936134,0.8538864990465747,3.9942333762962074,4,0,0.18759743939242454,0.9027969880567295,3.071181258150096,1,,0.4669984125045797,4.426623167012765,0.8767607699146917,3.734741126256833,-0.018134621695766902,0.05654761904761905,0.05654761904761905,0.39333124539732184,0.09503452728555603
32155,s32155.csv,288,6.312,9.192,2.88,0.8923611111111112,0.006944444444444444,0.0,255,0.8854166666666666,267.1309440187528,555.643562,4.278103289734847,0.9618055555555556,0.0,0.006944444444444444,275,0.9548611111111112,44.79079711341384,18.86611100000001,1.449798411667757,9,0,0.2599770246244082,0.8610668013487264,3.4618895455630816,4,0,0.002348863081038415,1.0050793322546836,3.327060312809835,0,,0.6884905261675004,25.062276632390063,0.9500809595365091,-0.42477979056384774,-0.03146275416261386,0.0,0.0,0.42649813357675226,0.07416425262067321
32156,s32156.csv,288,6.312,9.192,2.88,0.7395833333333334,0.041666666666666664,0.0,201,0.6979166666666666,524.9706094792638,1666.78154,10.46755787515195,1.0,0.0,0.9965277777777778,1,0.003472222222222222,,,,9,0,0.03859054680218781,0.9787485844761362,3.7627433546679114,4,0,0.10108423494906058,0.942806428930878,3.631440954387129,2,,0.39436316164040547,4.962943991500177,0.7308582954045867,29.982981093730963,0.024988231268098193,0.06944444444444445,0.06944444444444445,0.2863489794835165,0.013473790562850897
32158,s32158.csv,288,6.312,9.192,2.88,0.5798611111111112,0.041666666666666664,0.0,155,0.5381944444444444,424.3511999647856,1145.653663999999,3.554299094343445,0.6388888888888888,0.0,0.003472222222222222,183,0.6354166666666666,11.474945070222754,29.247870999999996,3.7682986566168646,9,0,0.2956781419504991,0.8171981536188977,3.2675968658690073,4,0,0.3285458458375247,0.7646338096302374,3.261735307310126,0,,0.4888939983421168,12.744001854519349,0.8666804897379327,3.980591711404639,0.015809902097672864,0.10069444444444445,0.1111111111111111,0.7579135306589513,-0.1552807922899972
32161,s32161.csv,50,3.002,7.812,4.8100000000000005,0.88,0.0,0.0,44,0.88,49.046003275478036,135.55871549999998,2.062729344531021,0.96,0.0,0.72,12,0.24,6.664528981302597,19.737253499999998,3.079803027020146,9,0,-0.7942670335363773,1.3528760039620777,2.0527648116486934,4,0,0.05904924517246693,0.9169347811739977,3.462896876494605,2,,0.7909585579620716,0.37092312549436024,0.8172956150600394,-0.4481303119735436,-0.13576623879808508,0.0,0.0,0.6262071986589156,0.551674511002199
32164,s32164.csv,698,3.002,10.032,7.03,0.9799426934097422,0.0014326647564469914,0.0,683,0.9785100286532952,116.54208770810472,176.84437599999998,2.5648832174525262,0.7893982808022922,0.0,0.08166189111747851,494,0.7077363896848138,66.5371243511607,217.4118079999999,0.8320433362986674,9,0,0.3591194624042541,0.7962391167026015,7.844674038151684,4,0,0.28520610617319286,0.85473454335029,3.5186837881884383,0,,0.30924234282643676,0.5043391128422744,0.9538485552062533,0.7460903201797531,-0.022271568781657446,0.0071633237822349575,0.011461318051575931,0.29093190014287706,0.06366418238063147
32165,s32165.csv,650,3.002,9.552,6.55,0.9876923076923076,0.0015384615384615385,0.0,641,0.9861538461538462,63.82561158586044,160.36835,2.088344323273012,0.39384615384615385,0.0,0.055384615384615386,220,0.3384615384615385,111.65566128437361,124.25743999999999,2.556939042609624,9,0,0.420398142645904,0.7600106463968707,6.8421349471282085,4,0,0.5501578150154196,0.6318834524679711,4.696742095311261,0,,0.31349007837251874,0.41795510786218937,0.9651498724990162,0.22674294457105626,-0.009692095001744281,0.0,0.004615384615384616,0.3329197884141849,0.03281042850868295
32167,s32167.csv,418,3.002,7.212,4.21,0.9880382775119617,0.0,0.0,413,0.9880382775119617,62.80804297164875,204.94605,2.1391447124967513,0.9688995215311005,0.0,0.24880382775119617,301,0.7200956937799043,20.341075501157658,62.173280000000005,3.019859169336289,9,0,0.44582854339110217,0.7424005263910783,7.74354666846358,4,0,0.12863957758704153,0.9302404897123245,3.019241417688249,0,,1.0643018209150656,0.37769572905187754,0.9471888690715541,0.40507922730312296,-0.06510311527266463,0.0,0.004784688995215311,0.39837105554875984,0.060761512142180146
32171,s32171.csv,396,2.212,6.192,3.98,1.0,0.0,0.0,396,1.0,123.31764414343834,356.24472249999985,2.1597699771745114,0.8459595959595959,0.0,0.005050505050505051,333,0.8409090909090909,120.70882495769875,126.95902199999999,0.9148356410277899,9,0,0.35615709653564503,0.8038646761732531,3.5962799911089904,4,0,0.6854984322404379,0.5659508011139502,4.000966550098114,6,0.8699999999999997,0.8722339822233743,2.574391180019293,0.8448150996343528,7.948647170828939,-0.0030042147395238153,0.10101010101010101,0.10858585858585859,0.5333512234825576,-0.054727708980829515
32172,s32172.csv,187,2.212,4.082,1.8699999999999997,1.0,0.0,0.0,187,1.0,298.2584010381022,1087.290442,2.1885150597782985,1.0,0.0,0.9946524064171123,1,0.0053475935828877,,,,9,0,0.8780075644711431,0.34449687265907764,7.900267585695922,4,0,0.8871973824174731,0.341025287244652,6.840230410538378,2,,0.9217455194710643,4.797862565648183,0.8114082930608818,7.331738476162517,-0.03974017672021577,0.0481283422459893,0.06417112299465241,0.43970474122587505,0.13703604609659373
32173,s32173.csv,253,2.212,4.752,2.5399999999999996,1.0,0.0,0.0,253,1.0,187.4623351210484,579.916516,2.216131873206253,0.9881422924901185,0.0,0.5098814229249012,121,0.4782608695652174,39.81939191303088,111.54204000000001,0.5662691950400931,9,0,0.527336792650407,0.6717375960911156,3.2920299801315522,4,0,0.4144512119639543,0.7521490086228005,3.079798068097614,4,0.9899999999999998,0.5648166902977517,5.968460852119565,0.6648114555422506,29.131010909513428,0.08615464171098362,0.10276679841897234,0.1067193675889328,0.5400648510922721,0.16010471143967855
32174,s32174.csv,396,2.212,6.192,3.98,0.9949494949494949,0.0,0.0,394,0.9949494949494949,252.66266587979425,758.8491814999994,2.2125866968242467,0.8737373737373737,0.0,0.6742424242424242,79,0.1994949494949495,8.386974161226473,22.19101400000001,2.5625442030581214,9,0,0.33425691619085346,0.8103003987341084,3.742959178091736,4,0,0.7295768471071129,0.5229266670389687,3.653829602786997,4,1.0,0.762912385073012,8.364633116410394,0.5555100644552039,123.59615294828734,-0.004981367600730249,0.07323232323232323,0.07828282828282829,0.2469224317179035,0.04484788111084212
32175,s32175.csv,99,7.012,7.992,0.9800000000000004,1.0,0.0,0.0,99,1.0,193.91891730225126,534.818061,2.1545571098218654,1.0,0.0,0.010101010101010102,98,0.98989898989899,25.463237810884234,75.29415699999998,2.8512056850949925,9,0,0.5560235606053799,0.6672955281765648,3.2039649350454695,4,0,0.2314963904982112,0.8767405363646235,2.654456033778127,1,,0.7534047130739727,16.633408950377586,0.21489216741765957,32.25796718165964,-0.013935548782951158,0.16161616161616163,0.16161616161616163,0.6471164712087407,-0.022693273896350685
32176,s32176.csv,99,7.012,7.992,0.9800000000000004,1.0,0.010101010101010102,0.0,98,0.98989898989899,199.29439280841058,685.9665769999997,3.146180310042793,0.7272727272727273,0.0,0.0,72,0.7272727272727273,78.03848818314368,128.08942749999994,3.83654560750518,9,0,0.5040536099851649,0.6807303521281788,4.053720537739455,4,0,0.25528472824442616,0.8475281180576564,2.8685444425452453,1,,0.7670452099494622,7.452600139323993,0.5864042358013163,18.167942703077667,-0.02550740995243468,0.1414141414141414,0.1414141414141414,-0.0070277030963446065,0.08120983415309888
32178,s32178.csv,409,2.212,6.332,4.119999999999999,0.9926650366748166,0.0,0.0,406,0.9926650366748166,217.8801690230095,567.9137725,2.030764885211455,1.0,0.0,0.9951100244498777,2,0.004889975550122249,,,,9,0,0.7277856737081679,0.487955639829713,4.743252468079968,4,0,0.7270121771550442,0.507866315920641,3.451682646498205,4,1.0,0.6112986650974067,5.83193949354983,0.6740125420141352,73.69672932639398,-0.02645390851077399,0.07823960880195599,0.08068459657701711,0.3480963300939438,0.043294008466089225
32179,s32179.csv,396,2.212,6.192,3.98,1.0,0.0,0.0,396,1.0,196.8672103965132,633.8466174999999,2.2624692393180985,0.6691919191919192,0.0,0.0025252525252525255,264,0.6666666666666666,20.158329163318456,73.537698,4.584382606782355,9,0,0.5447177908376423,0.6639156268301316,3.474818767265495,4,0,0.5544760600594696,0.6387685220237392,3.3089641952631514,5,0.9949999999999999,0.702684755853226,5.222572808746247,0.8762382407384269,4.9507176714645365,-0.030484823255073148,0.04292929292929293,0.045454545454545456,0.5654670980879907,0.010599481264060828
32180,s32180.csv,37,6.312,6.672,0.35999999999999943,0.4594594594594595,0.02702702702702703,0.0,16,0.43243243243243246,195.83448971383257,597.6880550000001,4.7945378781771195,0.9459459459459459,0.0,0.0,35,0.9459459459459459,13.914114273220614,42.803342000000015,2.441182109048327,9,0,0.14673032600007654,0.8958980316275346,3.983143213940988,4,0,0.8871083068772853,0.31293243778740104,2.1478979373647467,0,,,7.328893396100794,0.6380818361052146,1.0315488393245271,0.001192009312356572,0.10810810810810811,0.16216216216216217,0.6620588393192423,0.504189803435258
32181,s32181.csv,92,4.002,4.912,0.9100000000000001,0.7934782608695652,0.18478260869565216,0.0,56,0.6086956521739131,466.39202097528846,1138.4584300000001,7.086253172759543,1.0,0.0,0.9782608695652174,2,0.021739130434782608,,,,9,0,0.6829000719921371,0.5173292407287268,3.8308684991323356,4,0,0.7724975207089935,0.45810695089538334,3.491363828591621,1,,0.7005881034371447,4.3989071980246175,0.557003008863126,13.326436679453609,0.03018034129304734,0.10869565217391304,0.10869565217391304,0.7153981203105142,0.21259847153620956
32184,s32184.csv,288,6.312,9.192,2.88,0.6597222222222222,0.06597222222222222,0.0,171,0.59375,545.968795725905,1637.7605300000002,8.68413997736786,0.5798611111111112,0.0,0.0,167,0.5798611111111112,143.59981635472207,123.97909099999998,8.962490663759906,9,0,-0.15411168435802478,1.0809134103176465,5.576609940348393,4,0,0.435891526689978,0.7601578125040396,3.6799426815887064,0,,0.7120019675356585,13.652198361632097,0.8510170636314764,4.815726660827018,0.014470312956981951,0.0798611111111111,0.0798611111111111,0.5643213956357495,0.09191195325234867
32185,s32185.csv,288,6.312,9.192,2.88,0.5625,0.027777777777777776,0.0,154,0.5347222222222222,266.74338965521326,561.0803449999992,8.102919789752553,0.9826388888888888,0.0,0.8368055555555556,42,0.14583333333333334,43.23870516670437,118.1263325,0.45968331389215394,9,0,0.10980373389318701,0.9592352258673266,3.342458176853095,4,0,0.6449010893125247,0.5732291555902593,3.2720957507108763,0,,0.27397841103828485,14.555404487386856,0.8680639583713871,4.186214665040101,-0.016837780709446214,0.11458333333333333,0.14930555555555555,0.6517444728281654,-0.0021493543314293805
32188,s32188.csv,288,6.312,9.192,2.88,0.5590277777777778,0.03819444444444445,0.0,150,0.5208333333333334,292.2608120814844,731.5702654999998,4.6018085262036905,1.0,0.0,0.9965277777777778,1,0.003472222222222222,,,,9,0,0.10752836662353209,0.9490635101314054,3.158517197326119,4,0,0.41485781269892147,0.7721024677391503,2.894550856987221,0,,0.6898923378289394,18.263220272066796,0.8884682158632622,2.4776721907859747,0.06476335796842483,0.059027777777777776,0.06597222222222222,0.6372165917961248,0.15198040647975763
32190,s32190.csv,288,6.312,9.192,2.88,0.53125,0.027777777777777776,0.0,145,0.5034722222222222,484.06823957312633,1354.7256119999934,17.71489165375501,1.0,0.0,0.0,288,1.0,26.82407506800609,81.01049499999999,1.3842234795431076,9,0,0.20994635826479688,0.904822079005573,3.6855606321265424,4,0,0.4606766646044029,0.7258123619642842,3.3624310283889556,1,,0.7160284818005304,18.69553435048629,0.9299009847811559,1.2272691280353485,0.05051426342786299,0.0,0.0,0.6028509822675848,-0.03138227279086329
32192,s32192.csv,288,6.312,9.192,2.88,0.6319444444444444,0.034722222222222224,0.0,172,0.5972222222222222,516.5950728187589,1129.4112299999974,14.657652567262058,0.9444444444444444,0.0,0.0,272,0.9444444444444444,80.82596074325262,134.91456399999998,2.5481202283060993,9,0,0.0705114680716328,0.9619432590422059,4.17995133347763,4,0,0.21273652194400006,0.8605850739635721,2.7936927123886295,0,,0.6798830029249262,13.366932975800044,0.8197143874168438,7.116442303951364,0.0265721716978806,0.11805555555555555,0.1284722222222222,0.6585660831533346,0.033380880130906634
32193,s32193.csv,288,6.312,9.192,2.88,0.3819444444444444,0.0763888888888889,0.0,88,0.3055555555555556,509.9935325305654,1282.447332999998,4.797697658083579,1.0,0.0,0.9965277777777778,1,0.003472222222222222,,,,9,0,-0.02107442664954008,1.0116828717745219,3.500745741806084,4,0,0.1001125746572687,0.936368673632833,3.0800431421939996,0,,0.5099554356269674,21.971277265704973,0.9281238070575996,0.909845956431161,-0.001593814211424906,0.0,0.0,0.44342431022690015,0.25518203451606813
32194,s32194.csv,288,6.312,9.192,2.88,0.5729166666666666,0.05555555555555555,0.0,149,0.5173611111111112,747.5720077581655,2335.3945259999996,12.88451714430485,1.0,0.0,0.006944444444444444,286,0.9930555555555556,11.800853728967743,37.45217500000001,0.9136474702357869,9,0,0.08526167915602888,0.9606804458650287,3.5995408116984557,4,0,0.42376469543967044,0.7638667899069715,3.0114016634832064,0,,0.8540239052671904,13.422167943876303,0.8084299262107469,8.261811358191794,-0.024010654374559876,0.09375,0.10069444444444445,0.7538004292869639,-0.025582071231062323
32212,s32212.csv,298,3.512,6.492,2.98,0.9530201342281879,0.016778523489932886,0.0,279,0.9362416107382551,326.95707512715444,605.4089539999986,4.356408023498786,0.7684563758389261,0.0,0.006711409395973154,227,0.761744966442953,40.37872034303219,147.5419209999999,1.9842130330978793,9,0,0.17575290595284612,0.9153038379033376,7.10034747010559,4,0,0.6269634786144357,0.5961448409796063,3.077734047514679,7,0.26000000000000023,1.0995967103409552,12.21612280901221,0.8903693177444558,4.705913520826702,-0.14012934911496058,0.3087248322147651,0.3087248322147651,0.9708402892769621,0.12013213574281305
32214,s32214.csv,447,3.512,7.992,4.48,0.6420581655480985,0.017897091722595078,0.0,279,0.6241610738255033,519.8996750491951,1533.4045049999995,8.729161062175718,1.0,0.0,0.9977628635346756,1,0.0022371364653243847,,,,9,0,0.5642788714795774,0.6391897602057585,3.893423667612753,4,0,0.8250734471129599,0.41400574978136073,2.43196383399421,3,0.96,0.8204115948386154,6.845454323989251,0.81293866658835,16.117666029572426,-0.06400114010321714,0.07829977628635347,0.0894854586129754,0.7476072233404989,0.25604999333212486
32218,s32218.csv,288,6.312,9.192,2.88,0.7465277777777778,0.013888888888888888,0.0,211,0.7326388888888888,445.864534078384,1523.786635,2.727174259910502,1.0,0.0,0.9965277777777778,1,0.003472222222222222,,,,9,0,0.521955923225673,0.6758639559038903,3.304436422442726,4,0,0.2148765489752725,0.8870715575684285,3.2799599121254266,3,0.98,0.5570411660577754,6.843526224440756,0.8347286866157536,6.302636660268833,-0.012617163133651538,0.11805555555555555,0.1284722222222222,0.5121137582917379,0.17873975390018151
32219,s32219.csv,288,6.312,9.192,2.88,0.7604166666666666,0.0,0.0,219,0.7604166666666666,512.6899573513219,1745.0555419999998,2.6473096663152877,1.0,0.0,0.6597222222222222,98,0.3402777777777778,17.799485106412636,52.05849249999997,2.1537147247522115,9,0,0.11780207157025001,0.9528676926403736,3.139519658740309,4,0,0.4795679029307285,0.7522436075487828,5.419690517079291,0,,0.804174445581445,9.217460926587147,0.8130504128346682,11.393802164446923,-0.028017476659373344,0.08333333333333333,0.08680555555555555,0.6091772827277254,0.002146565718186018
32220,s32220.csv,288,6.312,9.192,2.88,0.71875,0.03819444444444445,0.0,196,0.6805555555555556,423.0373602407246,1297.72742,3.1545242815151453,1.0,0.0,0.006944444444444444,286,0.9930555555555556,4.563480912430781,15.360109999999992,2.43440628029842,9,0,0.3819936574221974,0.7829148954195266,3.25239233239205,4,0,0.2395418925918965,0.8865648722499345,3.0738940859981265,1,,0.5502476223868153,6.8357573600275074,0.8346594232533483,7.316523596463508,0.05658946128301805,0.052083333333333336,0.05555555555555555,0.30717109055434233,0.04178120370225841
32221,s32221.csv,288,6.312,9.192,2.88,0.7013888888888888,0.003472222222222222,0.0,201,0.6979166666666666,500.44805100515896,1717.03278,2.383454362879636,0.9791666666666666,0.0,0.4340277777777778,157,0.5451388888888888,5.666029742640614,17.08557399999998,1.7474757435586519,9,0,0.3507562209950177,0.7718187113467693,3.5304736457942454,4,0,0.09402250517477777,0.9546901255343827,2.9324257136181835,3,0.7549999999999999,0.6260494006890844,7.892623634821101,0.7931915970209928,12.294712352937836,0.0299759466330718,0.0798611111111111,0.10416666666666667,0.5244433928792274,0.1522132695536895
32222,s32222.csv,288,6.312,9.192,2.88,0.5520833333333334,0.013888888888888888,0.0,155,0.5381944444444444,364.9159362198563,840.7804649999999,3.6792538093883485,1.0,0.0,0.9965277777777778,1,0.003472222222222222,,,,9,0,0.26074767031897444,0.8301772878587712,3.054342628336634,4,0,0.525574270128869,0.76740182389787,2.3253102423062826,0,,0.7484055227077634,14.4135715969118,0.8499636006614528,5.136028692629106,-0.02427410368286885,0.03125,0.03125,0.529864539862878,-0.13575308851524512
32223,s32223.csv,288,6.312,9.192,2.88,0.6527777777777778,0.020833333333333332,0.0,182,0.6319444444444444,590.2952959958446,1617.1214145,4.697096373059914,0.2638888888888889,0.0,0.0,76,0.2638888888888889,40.67644873589545,115.56615750000002,1.926124919328093,9,0,0.5532621572354679,0.6482495261820209,4.219704390103781,4,0,0.7960308013859286,0.4466696763685442,4.765217393905311,0,,1.0510448684997324,12.677003909815028,0.8762161209409127,3.540867985951481,-0.016735709045119916,0.03125,0.04513888888888889,0.4437224646245968,-0.009375834059009198
32224,s32224.csv,288,6.312,9.192,2.88,0.4965277777777778,0.020833333333333332,0.0,137,0.4756944444444444,426.81161439081654,1100.2390859999996,2.7081509966891466,0.8715277777777778,0.0,0.0,251,0.8715277777777778,41.977415548461686,69.5299,8.9927794390093,9,0,0.3187363915745536,0.7959832508275515,3.0183823079193486,4,0,0.7416085042987417,0.5040157042956623,7.921775548010878,0,,0.6619699104586164,14.461462244092948,0.8758119620341651,3.8823790743839774,0.07639018557150233,0.04861111111111111,0.04861111111111111,0.3601103069420684,0.010511206890278936
32286,s32286.csv,298,3.512,6.492,2.98,1.0,0.0,0.0,298,1.0,216.48567826516748,234.58051699999993,11.420208457349691,1.0,0.0,0.013422818791946308,294,0.9865771812080537,21.671301983681158,62.94242349999999,0.9932146332271317,9,0,0.29925730800061756,0.8321755623282872,5.50681883610162,4,0,0.04888956080176523,0.9453434407528282,3.357502031778813,3,0.7550000000000001,0.8674701482964593,1.1013199826085573,0.9014814162223487,2.614006499427469,-0.03335858335338693,0.016778523489932886,0.03355704697986577,0.3676018546416001,-0.16898500224307497
32291,s32291.csv,447,3.512,7.992,4.48,1.0,0.0044742729306487695,0.0,445,0.9955257270693513,244.87293409244774,254.76426599999962,6.382581396477774,0.9217002237136466,0.0,0.7785234899328859,64,0.14317673378076062,167.88147420943426,571.9938829999999,69.21796560317783,9,0,0.27580262414685053,0.8442116063342684,3.7715712773464927,4,0,0.08039694667590093,0.9543758960179021,3.2571300276682553,9,0.3150000000000004,0.9141351572996479,0.9113279211743661,0.9583794028165827,0.01958044573025952,0.027800263293952108,0.0,0.0022371364653243847,0.37749272679910467,0.07961642570208839
32292,s32292.csv,447,3.512,7.992,4.48,0.7829977628635347,0.008948545861297539,0.0,346,0.7740492170022372,334.96732955242265,857.812095,2.9647384447463323,1.0,0.0,0.9977628635346756,1,0.0022371364653243847,,,,9,0,0.07650554317859021,0.9612814606065534,3.6918495124469723,4,0,0.06934786933101758,0.9543646447282617,3.127879011638539,2,,0.8477366255144027,2.4343295065841883,0.8880415871562016,4.867617692680874,0.011436781049465638,0.053691275167785234,0.058165548098434,0.573557618123146,0.3797898781600843
32293,s32293.csv,447,3.512,7.992,4.48,0.9686800894854586,0.0044742729306487695,0.0,431,0.9642058165548099,358.77173066816715,754.04932,10.031814446093874,1.0,0.0,0.40492170022371365,266,0.5950782997762863,18.569838565612066,59.685585,1.8489641439593185,9,0,0.04451386109888699,0.9820537538755382,4.242135717082223,4,0,0.1021211614635919,0.9312035493447564,3.533822530027571,4,1.4999999999999996,1.3889303148706034,0.8293233442308525,0.955352820891458,0.1562005871831762,0.13967048119220907,0.0,0.0022371364653243847,0.5863694418114942,-0.034840027819870105
32294,s32294.csv,447,3.512,7.992,4.48,1.0,0.0044742729306487695,0.0,445,0.9955257270693513,335.7072949596019,382.8309779999978,8.493274215199579,0.8612975391498882,0.0,0.0044742729306487695,383,0.8568232662192393,43.08234008336078,63.566051,1.9888359077859554,9,0,0.10506226761959764,0.9463229159638125,3.7162177908708567,4,0,0.05591109872073939,0.9543839601981348,3.4822546186931174,3,1.4999999999999998,0.5909258823924505,0.795525819320674,0.9662926540544224,-0.3985650788630988,-0.06254145890422623,0.0,0.0,0.5432103365401452,-0.12132022652610151
32295,s32295.csv,447,3.512,7.992,4.48,1.0,0.0022371364653243847,0.0,446,0.9977628635346756,300.99228565751315,301.4708075,10.25316870267072,1.0,0.0,0.9977628635346756,1,0.0022371364653243847,,,,9,0,0.010426594943747465,0.997871524686579,3.6905204752230385,4,0,0.1217493121440096,0.9446176535022159,3.326270512896505,6,0.41000000000000014,1.0252659385607379,0.9482380528014114,0.9667518081708351,-0.3011566559125718,0.11706772932308562,0.0,0.0,0.19348671535371614,0.06664754740359888
32296,s32296.csv,447,3.512,7.992,4.48,1.0,0.006711409395973154,0.0,444,0.9932885906040269,249.21783601094384,343.093485499999,5.6652016167773045,0.8008948545861297,0.0,0.6241610738255033,79,0.1767337807606264,192.24069074679653,609.887869,9.441894258338573,9,0,0.17683401623928716,0.8980849672106486,3.6846338747782985,4,0,0.14321655706441505,0.9206356786674461,3.567775079814746,5,1.2300000000000002,0.7306828420237796,0.6768728489040601,0.9422461444883684,0.8350635850178048,-0.004894491580611945,0.011185682326621925,0.015659955257270694,0.6219158352984616,0.0033982052309154778
32297,s32297.csv,447,3.512,7.992,4.48,0.8635346756152126,0.0022371364653243847,0.0,385,0.8612975391498882,166.1655223766158,270.53248199999985,1.9964523926079456,0.0,0.0,0.0,0,0.0,,,,9,0,0.1490955162634981,0.9270642416686238,17.00322162279288,4,0,0.5946801932535699,0.6187249600754618,4.405942993559342,4,1.4899999999999993,0.9543220496505102,0.8698658838854103,0.9633612561092268,-0.1357219975104158,0.057920374844244574,0.0,0.0022371364653243847,0.7572710015316647,-0.09484388574435293
32298,s32298.csv,447,3.512,7.992,4.48,0.9149888143176734,0.006711409395973154,0.0,406,0.9082774049217002,261.94230502173735,233.7643,6.09144794978059,1.0,0.0,0.668903803131991,148,0.33109619686800895,18.94948466140962,61.68879800000009,1.588013246116403,9,0,0.7386391076940598,0.5332935776624591,17.074653279631104,4,0,0.15159789574461532,0.9272417477065867,3.406377888835935,6,0.010000000000000675,0.9384882967978907,0.6373357954947905,0.9267549985841664,4.280957090407815,0.008126962251745423,0.011185682326621925,0.011185682326621925,0.42812827026145517,-0.09760061220842302
32299,s32299.csv,447,3.512,7.992,4.48,0.9395973154362416,0.0044742729306487695,0.0,418,0.9351230425055929,276.6925995485207,380.48451349999993,4.764633495611442,1.0,0.0,0.006711409395973154,444,0.9932885906040269,11.627150525958411,38.11585199999999,1.8597286112317426,9,0,0.603276813989172,0.6356287895425411,14.897570849330265,4,0,0.8326030887254477,0.40492295696402303,5.748490650308743,8,0.010000000000000675,0.9284332688588006,2.2848618923996007,0.7953800048068577,16.91830141361602,-0.04419808454449014,0.1297539149888143,0.13646532438478748,0.7671948062549137,-0.0750850482864955
32301,s32301.csv,447,3.512,7.992,4.48,0.8478747203579419,0.0,0.0,379,0.8478747203579419,220.5816991948907,378.0217019999999,1.017746793450044,1.0,0.0,0.0,447,1.0,12.149554460467687,17.780086000000004,3.404978456402017,9,0,0.8859928978640623,0.31726829224665803,15.719279777622258,4,0,0.813019605654807,0.429943475180827,5.475771614348968,5,0.7450000000000001,0.926736162680079,4.817011936113227,0.7441269930088289,34.43211496010372,0.02681150612617964,0.25727069351230425,0.27293064876957496,0.7091588261269723,-0.01214934326374876
32302,s32302.csv,115,5.012,6.152,1.1400000000000006,0.9565217391304348,0.02608695652173913,0.0,107,0.9304347826086956,202.33946171985022,287.44087399999995,2.031998832099947,1.0,0.0,0.991304347826087,1,0.008695652173913044,,,,9,0,0.5905402555022826,0.5996444789188771,7.002171131066276,4,0,0.699713222519692,0.5185068693152498,5.375085645953733,4,0.010000000000000675,0.7386630274719628,11.088543053538043,0.4922511514668202,14.719588774805832,-0.04416725075822543,0.21739130434782608,0.22608695652173913,0.9370515681191962,0.095108683483287
32303,s32303.csv,560,2.102,7.992,5.890000000000001,0.9982142857142857,0.0,0.0,559,0.9982142857142857,89.42528726855474,193.07861299999996,2.7563890732713965,1.0,0.0,0.25,420,0.75,23.523412952971952,93.78634149999993,2.931386240697667,9,0,0.6404020987709639,0.5717092033353905,5.284788512851643,4,0,0.36951056589705533,0.7964534609777227,3.2475302829673174,9,0.08499999999999996,0.265338488092887,1.6987362129867702,0.7270320324959314,30.682163839588963,-0.009677795450932638,0.14285714285714285,0.15714285714285714,0.7308845659884455,-0.023317845743382175
32304,s32304.csv,591,2.012,7.992,5.98,0.9983079526226735,0.00338409475465313,0.0,588,0.9949238578680203,178.6631990283498,214.34961400000003,1.625016850818654,0.4263959390862944,0.0,0.3536379018612521,43,0.0727580372250423,13.362096915885227,41.655243,1.8005668929340461,9,0,0.016214169452823102,0.9896117024108855,6.109363630499131,4,0,0.6679982277824026,0.5881224003087052,5.913934979090777,5,1.4999999999999998,0.27503810528784167,1.128327502697654,0.8490735861860164,11.637848679411672,-0.016237048758718134,0.19289340101522842,0.19289340101522842,0.5815559256284841,0.12131569843133702
32305,s32305.csv,596,2.012,7.992,5.98,0.9848993288590604,0.0016778523489932886,0.0,586,0.9832214765100671,189.91422464666076,569.9009825,0.8016463476541841,1.0,0.0,0.9983221476510067,1,0.0016778523489932886,,,,9,0,0.7931200448139915,0.4381981832744181,2.8035958832011745,4,0,0.8374920417960655,0.40337028852164925,2.6355347654478587,4,1.5,0.8070232062744087,2.360143403213493,0.8937783039773581,6.118152960624753,0.033502084682787384,0.03859060402684564,0.04865771812080537,0.6150436275408386,0.4029457020931486
32308,s32308.csv,596,2.012,7.992,5.98,0.947986577181208,0.0050335570469798654,0.0,562,0.9429530201342282,191.82389756265462,593.5197769999996,2.4254998801689527,1.0,0.0,0.25,447,0.75,23.763883395983605,90.97820699999997,1.911977281944277,9,0,0.40337676937424627,0.7687787371050765,3.6000596038597212,4,0,0.9180543507288866,0.28517743584348754,3.6425969945246823,6,0.7999999999999998,1.250914533685557,1.828951929673781,0.9142935568421644,4.817077116070584,-0.009826355884418523,0.15268456375838926,0.1644295302013423,0.6676003980974727,0.13060524119305175
32309,s32309.csv,596,2.012,7.992,5.98,0.9899328859060402,0.0,0.0,590,0.9899328859060402,143.46857863851747,470.881255,0.9287593344625389,1.0,0.0,0.6677852348993288,198,0.33221476510067116,18.589762698130105,60.46739800000002,2.0507757947700544,9,0,0.9046035467948026,0.2989062299771668,3.714527333154293,4,0,0.9268805191021426,0.26794199206868585,3.24290946541101,10,0.33999999999999986,0.5872434099104279,1.4996042843838695,0.8908955830634505,6.645639205830413,-0.03450140991276718,0.174496644295302,0.19463087248322147,0.7069448619884199,0.424186664844284
32310,s32310.csv,596,2.012,7.992,5.98,0.947986577181208,0.0016778523489932886,0.0,564,0.9463087248322147,65.5053000947552,228.53990200000004,1.4313921236108227,0.8993288590604027,0.0,0.825503355704698,44,0.0738255033557047,5.99837909911776,18.5852275,,9,0,0.8355196914425648,0.4001983580125682,4.583888167706209,4,0,0.7284687551250457,0.5215618986247762,3.6869999688696558,7,0.885,0.32478593695406527,1.0145796162087937,0.7963624721537031,34.67141302168742,0.020519184786806033,0.07214765100671142,0.07550335570469799,0.7188343530863528,-0.055045031925156016
32312,s32312.csv,596,2.012,7.992,5.98,0.7466442953020134,0.01174496644295302,0.0,438,0.7348993288590604,196.19078007938728,263.64967849999994,2.148162025397038,1.0,0.0,0.2550335570469799,444,0.7449664429530202,5.084178562995757,12.519952999999987,1.6444926127993065,9,0,0.6916100222378604,0.5410953645404548,4.134447106231288,4,0,0.578929000820387,0.6521017956785318,2.8230936132456828,9,0.05500000000000016,0.56065617587117,0.8929729066832068,0.8448786622346547,12.743886440516278,-0.032963877991245984,0.07046979865771812,0.07885906040268456,0.7756646587967664,-0.01905129134562049
32323,s32323.csv,149,3.512,4.992,1.48,0.8859060402684564,0.0,0.0,132,0.8859060402684564,268.51713119924665,858.0138944999991,0.6849425915247701,1.0,0.0,0.006711409395973154,148,0.9932885906040269,12.959264128552313,41.778816500000005,0.749750535388051,9,0,0.8302537520731327,0.38502156604784604,5.209838656619908,4,0,0.6666467189874822,0.5798733405861509,3.6609168196093123,3,0.24999999999999978,0.571585511648195,1.1761187039630787,0.5793302203076575,30.755058063172342,0.01024277275871762,0.10067114093959731,0.11409395973154363,0.8946235212729119,-0.023505072021146312
32324,s32324.csv,240,3.512,5.912,2.4,0.8833333333333333,0.004166666666666667,0.0,211,0.8791666666666667,260.1849922201748,734.567375,1.4459579948659464,1.0,0.0,0.20416666666666666,191,0.7958333333333333,11.449629776077506,37.85558499999999,2.5199496886638717,9,0,0.6308165523874646,0.5949027209812456,2.817778514020205,4,0,0.80830022949123,0.4343044442393331,4.388061185990007,4,0.33000000000000007,0.42872894947874923,10.653281174814305,0.7510642983728635,13.384984505536538,-0.1421128939321727,0.4041666666666667,0.4041666666666667,0.9314472920974318,0.23515678439033574
32325,s32325.csv,149,3.512,4.992,1.48,1.0,0.0,0.0,149,1.0,175.50279896744192,618.1395600000001,2.0310050222381646,0.0,0.0,0.0,0,0.0,,,,9,0,0.11853645062708112,0.8475856241522103,2.872393928239743,4,0,-0.08824421549626246,1.0385497475124055,2.958489089552555,1,,0.5884131591678747,2.9156632356739745,0.47813894195199713,32.21365208347004,-0.03223377273168118,0.06711409395973154,0.06711409395973154,0.5163814414904446,-0.0004619818917523201
32326,s32326.csv,298,7.512,10.492,2.9800000000000013,0.9832214765100671,0.006711409395973154,0.0,291,0.9765100671140939,218.06043948255925,654.7831699999998,2.1401721229084685,1.0,0.0,0.9966442953020134,1,0.003355704697986577,,,,9,0,0.4677902683419169,0.7178347695654589,4.1180857476077914,4,0,0.7113575437990787,0.5181829317288309,3.360545082726881,4,1.2300000000000004,1.121096388740673,2.635180038897878,0.5221007301573908,56.21984814704814,-0.03169056003872078,0.07718120805369127,0.07718120805369127,0.6073075416364648,-0.03145589314229675
32327,s32327.csv,298,7.512,10.492,2.9800000000000013,0.9966442953020134,0.0,0.0,297,0.9966442953020134,178.2327451429127,507.9972799999998,2.8077092773292867,0.0,0.0,0.0,0,0.0,,,,9,0,0.2848644136338614,0.8190503879617506,3.716246873492719,4,0,0.09307918123629805,0.9521575599009179,3.485518283658329,4,0.96,0.4216154286805393,1.5646497065597276,0.8325786679502456,6.847967618622976,0.059951667697271005,0.050335570469798654,0.050335570469798654,0.3682589480438202,0.09670858346614468
32328,s32328.csv,298,7.512,10.492,2.9800000000000013,1.0,0.0,0.0,298,1.0,207.14698354471363,551.2086429999999,2.2930522797386454,0.45302013422818793,0.0,0.33557046979865773,35,0.1174496644295302,256.8372208718845,731.316699,24.233168210270584,9,0,0.44707278725014415,0.7380511426469841,3.4025474916979914,4,0,0.29358442957671854,0.8428805630622808,3.3055184464761345,3,0.20000000000000018,0.9876732757657202,4.2357879644051035,0.5498888992997651,38.913271413532,0.03434417956705648,0.174496644295302,0.174496644295302,0.6405498820250587,0.03327726115672804
32331,s32331.csv,298,7.512,10.492,2.9800000000000013,0.9966442953020134,0.0,0.0,297,0.9966442953020134,149.5114510706274,464.71925599999986,2.4687293781175135,1.0,0.0,0.0,298,1.0,4.716561475866845,14.768902999999987,3.0658102336699424,9,0,0.15497537561226465,0.9119550755304127,3.3470303565617296,4,0,0.29302165446863415,0.8388897034918193,3.0329254134493198,2,,0.7802154026148364,3.413803801764204,0.5019445859075957,79.40221397808156,-0.018360804048244268,0.12080536912751678,0.13087248322147652,0.13948483716721097,0.2544987238508594
32332,s32332.csv,298,7.512,10.492,2.9800000000000013,1.0,0.0,0.0,298,1.0,159.64421283007013,507.5148894999993,2.6041048316862416,1.0,0.0,0.5067114093959731,147,0.49328859060402686,6.425235217126485,19.201680999999994,2.4722941645995324,9,0,0.22289744809383544,0.8658303247801037,3.1674498339175297,4,0,0.06703152891726456,0.9636955718833747,4.290239173564085,2,,0.5870397396028314,3.063628184731751,0.4807605240967408,72.3128754255392,-0.006727740361584775,0.08389261744966443,0.09060402684563758,0.38996464816471316,0.10480967396508403
32333,s32333.csv,298,7.512,10.492,2.9800000000000013,1.0,0.0,0.0,298,1.0,164.11668232138078,552.0015584999998,2.52013884111695,1.0,0.0,0.9966442953020134,1,0.003355704697986577,,,,9,0,0.26057091504204677,0.8346959754511017,3.177153987378146,4,0,-0.0025396451155735617,1.0021945435642823,3.5293429312647135,2,,0.661208720448901,6.524007125839116,0.3983341924609615,83.8596338996937,0.02118468845968533,0.15100671140939598,0.1644295302013423,0.816226227891532,0.4488746600867324
32334,s32334.csv,298,7.512,10.492,2.9800000000000013,1.0,0.0,0.0,298,1.0,182.87999231514584,619.8100524999996,2.5844941321736243,1.0,0.0,0.8389261744966443,48,0.1610738255033557,30.854676955686273,101.72020849999998,3.8395681697295676,9,0,0.05464564382799293,0.9704009764778331,3.370598980916104,4,0,0.10579900653820111,0.9461675533212113,2.8026976278872175,2,,0.7319569964280841,1.985041073394234,0.8347620700827513,8.989707492995437,0.040715688121073484,0.03355704697986577,0.03355704697986577,0.6498141035472679,0.11245756035600837
32335,s32335.csv,298,7.512,10.492,2.9800000000000013,0.8557046979865772,0.003355704697986577,0.0,254,0.8523489932885906,323.6954828493326,1064.5606014999996,3.053267844374843,1.0,0.0,0.9966442953020134,1,0.003355704697986577,,,,9,0,0.2299892470697702,0.8856354212534868,4.669492628675514,4,0,0.7646186801277866,0.4862378341096969,2.505660329520555,2,,0.6232229181053989,2.258856836622665,0.7092011721386837,18.790880917019393,-0.018830582968675045,0.18791946308724833,0.20469798657718122,0.7246345862990022,0.08747202265793451
32336,s32336.csv,156,3.512,5.072,1.56,1.0,0.0,0.0,156,1.0,133.0768534667903,381.93371000000013,2.4887144737738116,0.21794871794871795,0.0,0.0,34,0.21794871794871795,137.04422128458285,421.44233499999996,2.1440459306245008,9,0,0.45317576457312403,0.7134603846969745,3.7870339461614146,4,0,0.20050266992343574,0.9078538120161026,2.92341918558587,2,,0.7154655361909239,4.069495688435025,0.4981418268882269,27.70166873331445,-0.00250096690590267,0.26282051282051283,0.2692307692307692,0.4068809588244183,0.06644704365627006
32337,s32337.csv,149,3.512,4.992,1.48,1.0,0.0,0.0,149,1.0,113.24702367916622,364.89369999999985,2.665506954038531,1.0,0.0,0.9932885906040269,1,0.006711409395973154,,,,9,0,0.43051432540718176,0.7170007461834174,3.644339987632298,4,0,0.005752317335067468,0.9935683869468154,3.831093336406999,2,,0.7019410098777376,2.0402870448555235,0.7871988057536354,4.398274851950317,-0.016744526493502984,0.03355704697986577,0.053691275167785234,0.4864456219359115,0.18254691268825252
32338,s32338.csv,298,7.512,10.492,2.9800000000000013,0.9630872483221476,0.003355704697986577,0.0,286,0.959731543624161,216.7248068599415,678.7750725,2.2426331658001315,0.0,0.0,0.0,0,0.0,,,,9,0,0.49666175681129754,0.7054594926807718,7.15653154575022,4,0,0.8589366349489683,0.3779018106649161,2.082623074124491,12,0.11000000000000121,0.853201942408486,1.75586698881499,0.6859292272285821,26.77297142267406,-0.053342155514183066,0.11073825503355705,0.12080536912751678,0.5037649394500923,0.09024502119657722
32339,s32339.csv,298,7.512,10.492,2.9800000000000013,0.9966442953020134,0.0,0.0,297,0.9966442953020134,127.5185780394035,413.19117000000017,2.47266570881294,1.0,0.0,0.9966442953020134,1,0.003355704697986577,,,,9,0,0.36553263032512084,0.7553872872406838,3.799368035051018,4,0,-0.08294813452688758,1.0367690174028739,3.968975900259518,3,0.7550000000000003,0.6168097605060964,4.97212462468086,0.5081182614200176,61.90433525122442,0.0459336496250638,0.12080536912751678,0.13087248322147652,0.4308228187245118,0.01659674126422697
32340,s32340.csv,298,7.512,10.492,2.9800000000000013,1.0,0.0,0.0,298,1.0,149.17697419805828,488.5539144999997,2.4444661121690943,1.0,0.0,0.9966442953020134,1,0.003355704697986577,,,,9,0,0.166264685691057,0.9034712878887686,3.538784739260988,4,0,-0.009885686585842487,1.0157798644471852,3.860283160632332,1,,0.9049126554275737,4.482646909149715,0.5233250478592159,50.404209720544756,-0.04522737503231472,0.18120805369127516,0.18120805369127516,0.533328087904539,-0.008994431870851454
32374,s32374.csv,227,6.312,8.582,2.2700000000000005,0.7797356828193832,0.00881057268722467,0.0,175,0.7709251101321586,248.36204905233996,764.030903,2.3870016052235017,0.8502202643171806,0.0,0.0,193,0.8502202643171806,32.04836464348061,77.39160399999996,2.947141371850431,9,0,0.7318871810509006,0.4651320354612659,4.92029009106925,4,0,0.72328542741849,0.5223641347908037,5.014796107419923,2,,0.6060836673954674,21.68145432673493,0.8727252983948056,3.273450291461528,0.0019105942705686645,0.013215859030837005,0.02643171806167401,0.6611132805857401,0.020882174336559606
32377,s32377.csv,288,6.312,9.192,2.88,0.5868055555555556,0.0,0.0,169,0.5868055555555556,241.1335307867386,635.5128139999998,2.3467647628172936,0.9826388888888888,0.0,0.2465277777777778,212,0.7361111111111112,87.01443257885212,94.11154199999999,2.0296194315128147,9,0,0.23067692939015544,0.8633549107168503,3.9054951343085342,4,0,0.3859283393828304,0.7641796820580267,3.2441309429362235,2,,0.855241780639826,3.8547240323530465,0.8013181179448305,10.01997684416542,0.05028917323886384,0.052083333333333336,0.0625,0.5606205787013236,0.09276722000895592
32378,s32378.csv,288,6.312,9.192,2.88,0.7708333333333334,0.0,0.0,222,0.7708333333333334,355.50192474271086,975.2796909999996,2.7404760054430266,1.0,0.0,0.07291666666666667,267,0.9270833333333334,20.20349021122999,72.59286499999999,1.549193541303665,9,0,0.4131733500129717,0.7300468764693648,3.8250133643092763,4,0,0.5549661134102172,0.6653898379972247,2.8852041704062636,2,,0.6518027949111695,16.365180334605064,0.8685712145959928,5.178786023390574,-0.021772194439355585,0.052083333333333336,0.052083333333333336,0.5563642180590235,-0.08759382739459982
32384,s32384.csv,148,0.502,1.982,1.48,0.831081081081081,0.02027027027027027,0.0,120,0.8108108108108109,179.88102250707973,529.5007349999998,2.037614487457817,1.0,0.0,0.7027027027027027,44,0.2972972972972973,9.258987471099564,29.838576,0.3726158293263382,9,0,0.8381168743835892,0.38080285549320375,3.484843884955237,4,0,0.9526405915615775,0.18537722519761585,11.026303427403695,3,0.25,0.7009545987527889,2.8595793535557004,0.5072936673148002,37.264586647156364,-0.05932406107251653,0.25675675675675674,0.25675675675675674,0.4880530303253109,0.45329106943705577
32385,s32385.csv,99,1.002,1.982,0.98,0.7777777777777778,0.12121212121212122,0.0,65,0.6565656565656566,378.75232048213036,485.6411119999997,3.908548047736542,0.0,0.0,0.0,0,0.0,,,,9,0,0.9747107439769879,0.15375562264344336,2.2642026850519863,4,0,-0.10926510175280249,1.0531750522536134,2.808994593697143,4,0.010000000000000009,0.6187081135034933,0.43483463107582954,0.8531179096325336,0.29818479842343226,-0.13310426777578713,0.0,0.0,0.08111557020305517,-0.39065160049575615
32386,s32386.csv,148,0.502,1.982,1.48,0.9797297297297297,0.006756756756756757,0.0,144,0.972972972972973,233.64539747668158,474.7642779999998,2.695581298085148,0.1554054054054054,0.0,0.14864864864864866,1,0.006756756756756757,,,,9,0,0.8320974087225758,0.42027854251148616,4.226864966949954,4,0,0.8951478012084464,0.1866350730531457,15.819284288463473,3,0.25,0.8286625592577944,2.814695647926839,0.5185956083476178,30.00899160941846,0.0043079056864632785,0.17567567567567569,0.17567567567567569,0.7233305155110837,0.06337187225433528
32388,s32388.csv,148,0.502,1.982,1.48,0.9256756756756757,0.013513513513513514,0.0,135,0.9121621621621622,246.01762512757156,544.835684,1.5374279707051046,0.0,0.0,0.0,0,0.0,,,,9,0,0.8158678905581517,0.4008737968744987,3.4235700624033116,4,0,0.9007186217066915,0.19998766084152833,21.496410516182742,4,0.49,0.8725229222123629,2.1701375388155673,0.6635310828187277,14.506496637846332,-0.0788584657495129,0.16891891891891891,0.19594594594594594,0.6010468816556757,-0.13437575349030537
32389,s32389.csv,148,0.502,1.982,1.48,0.8918918918918919,0.02027027027027027,0.0,129,0.8716216216216216,315.9021774883453,616.0276079999999,1.7768222556915743,0.32432432432432434,0.0,0.31756756756756754,1,0.006756756756756757,,,,9,0,0.8109417828407837,0.4265363852059261,2.93882503038564,4,0,0.816710119236291,0.2519555718014369,23.977388644607025,3,0.25,0.6862687559911587,2.624097642418557,0.5785523010550963,17.80543238906624,-0.10625147123241888,0.2905405405405405,0.2905405405405405,0.7542015109648835,-0.18420214768214513
32391,s32391.csv,148,0.502,1.982,1.48,0.7094594594594594,0.0,0.0,105,0.7094594594594594,70.76923723516028,250.881072,2.831758071670499,0.16216216216216217,0.0,0.1554054054054054,1,0.006756756756756757,,,,9,0,0.7933134310368728,0.4265325874346619,3.753485573071765,4,0,0.5994507277606348,0.47466719547932146,31.721173753252916,3,0.25,0.6717154159110766,3.9944617086328473,0.39697368173520214,49.006160965641534,0.03374814024712649,0.16891891891891891,0.18243243243243243,0.5328754105286864,-0.0027315542308736177
32404,s32404.csv,447,3.512,7.992,4.48,0.9552572706935123,0.0022371364653243847,0.0,426,0.9530201342281879,144.6825217990362,351.2623575,3.125510692041942,1.0,0.0,0.8232662192393736,79,0.1767337807606264,18.82440258375395,63.31123199999999,1.584136215614728,9,0,0.6248128820626034,0.6094264115611641,8.21749529733424,4,0,-0.1393206012900122,1.0676623772706633,3.249532584207334,7,0.5950000000000002,1.149776495218696,7.229475022571017,0.5512652802040039,87.53065134706205,-0.011572257275122323,0.203579418344519,0.2080536912751678,0.8707369091334016,0.24100287796937694
32405,s32405.csv,447,3.512,7.992,4.48,0.6845637583892618,0.020134228187919462,0.0,297,0.6644295302013423,331.28116735401534,915.2378659999999,5.357023762043025,1.0,0.0,0.9977628635346756,1,0.0022371364653243847,,,,9,0,0.4353838541522634,0.7461624670497092,3.1180308141477884,4,0,-0.1862864839265542,1.092027599203942,3.4925131525698103,8,0.1299999999999999,1.0577521221886081,22.758493631583605,0.9620965771914877,0.8270178937821222,0.08937764673681933,0.2751677852348993,0.28187919463087246,0.9172683966290852,0.07265852433910244
32406,s32406.csv,447,3.512,7.992,4.48,0.883668903803132,0.008948545861297539,0.0,391,0.8747203579418344,396.52105661917534,933.221305,6.830865445205176,1.0,0.0,0.7807606263982103,98,0.21923937360178972,19.47199742277457,32.48819999999998,5.646595873326172,9,0,0.04693324069657897,0.9880275701575211,4.975067903134719,4,0,-0.059467452902218464,1.0311361839548367,3.275536678545563,10,0.47999999999999954,1.2897013438312555,5.092373183415095,0.7649497037632558,28.108754606821236,-0.05252935712487241,0.3042505592841163,0.31096196868008946,0.8337928740528874,-0.02409681045069046
32407,s32407.csv,447,3.512,7.992,4.48,0.9955257270693513,0.0022371364653243847,0.0,444,0.9932885906040269,301.69217048124017,346.5782299999994,10.906420147038498,0.9865771812080537,0.0,0.4720357941834452,230,0.5145413870246085,29.372145839086496,93.54099899999997,1.7297386992856554,9,0,0.3023596128336005,0.8127615827249566,4.502778973303718,4,0,-0.14184170978427027,1.0708516971711306,3.4140133290274943,6,0.0699999999999994,1.032042520880787,6.13564482530408,0.721048875588609,27.310126109057,-0.0295947188306043,0.37360178970917224,0.378076062639821,0.7138091262384593,0.07604863295772034
32408,s32408.csv,447,3.512,7.992,4.48,0.9373601789709173,0.0022371364653243847,0.0,418,0.9351230425055929,344.44467722668685,746.6362039999997,10.22834174676151,0.70917225950783,0.0,0.2796420581655481,192,0.42953020134228187,23.826821779676095,66.37135749999999,2.4776948256087326,9,0,0.7030377455227979,0.5091634782593312,11.20898691306981,4,0,-0.08655985700066078,1.0454906072196346,3.664949309425228,13,0.06499999999999995,1.021872962828645,6.1515665691972785,0.7500434642436739,22.474086674452415,0.015325781613893913,0.13646532438478748,0.14317673378076062,0.7753068631805792,0.15499117737547008
32409,s32409.csv,447,3.512,7.992,4.48,1.0,0.0022371364653243847,0.0,446,0.9977628635346756,214.97876520124686,194.47537249999993,3.63163958386202,1.0,0.0,0.9955257270693513,2,0.0044742729306487695,,,,9,0,0.03146073232856984,0.9846161460302593,3.823158747419541,4,0,0.43609124232904617,0.7341643347828543,3.58707937643001,5,0.75,0.7409179056237907,4.239568317310238,0.8550326613385124,8.768210507931135,0.01736916177805932,0.18791946308724833,0.19463087248322147,0.7460560550958446,-0.06124858052638752
32410,s32410.csv,447,3.512,7.992,4.48,0.6375838926174496,0.017897091722595078,0.0,277,0.6196868008948546,459.31777171275473,1505.11207,5.774872711043896,0.7114093959731543,0.0,0.5570469798657718,69,0.15436241610738255,13.74832398618864,36.42331599999999,1.0576298722892636,9,0,0.3088631541489032,0.8073307325156923,5.951587507341506,4,0,0.8861259560110167,0.33514057790895757,14.733102239704255,6,0.7899999999999996,1.6023116857674624,6.124568538389691,0.7112369821598981,26.862989983381347,0.04659694887857409,0.22595078299776286,0.2348993288590604,0.8410988142088356,0.13323639185759995
32412,s32412.csv,149,3.512,4.992,1.48,0.959731543624161,0.0,0.0,143,0.959731543624161,258.0806852790151,273.7926980000001,7.23148470862211,0.9664429530201343,0.0,0.006711409395973154,143,0.959731543624161,19.16184347153585,59.247724,2.0198566324167246,9,0,0.3234077874721116,0.7850562479790573,5.649843027258057,4,0,0.7144655735638494,0.5282029936993389,9.391828088711963,5,0.02499999999999991,0.6539957567185275,11.120142443555494,0.592557448140534,15.03823562718024,-0.3520350727852442,0.2348993288590604,0.2348993288590604,0.9666879544786557,0.4514093098839549
32419,s32419.csv,447,3.512,7.992,4.48,0.9977628635346756,0.0,0.0,446,0.9977628635346756,246.15748450313703,245.0315675,6.3513589934004475,1.0,0.0,0.9977628635346756,1,0.0022371364653243847,,,,9,0,0.12079071532147204,0.9349659018119495,3.6540378315312316,4,0,0.2548261100632645,0.86021780235924,3.780867871227796,3,1.4999999999999998,0.6421081677704195,1.874907535467552,0.8825185020183615,4.812613939528724,0.0029750359101299133,0.053691275167785234,0.06040268456375839,0.5518743220980462,-0.19148123966840838
32423,s32423.csv,149,5.012,6.492,1.4800000000000004,1.0,0.0,0.0,149,1.0,120.23558297133931,178.86755599999992,2.232501665298885,0.6308724832214765,0.0,0.0,94,0.6308724832214765,13.870054456223437,27.940202499999998,8.288261824093965,9,0,0.135710569138294,0.8971202696701831,4.183432417615603,4,0,0.23457994339551902,0.85202412193193,3.321712290706757,2,,1.0237680893936651,2.1418085181931295,0.7263327484693205,6.809732844192723,0.0076875514746922394,0.1610738255033557,0.1610738255033557,0.7312704400052957,0.07745318094257307
32424,s32424.csv,149,5.012,6.492,1.4800000000000004,1.0,0.006711409395973154,0.0,148,0.9932885906040269,145.02672411221414,158.74814199999997,4.067391128451154,1.0,0.0,0.9932885906040269,1,0.006711409395973154,,,,9,0,0.1985851871205283,0.8756571490238921,3.6684851076077045,4,0,0.3562165188027042,0.8202359837762802,4.0669294682514625,3,0.4800000000000004,0.8270526124158013,1.9753813103246793,0.7936319150311056,6.795358666873096,-0.17873721800733608,0.06040268456375839,0.0738255033557047,0.40622297968432713,-0.18410997970336074
32434,s32434.csv,149,5.012,6.492,1.4800000000000004,0.959731543624161,0.0,0.0,143,0.959731543624161,230.19616219232526,309.1460010000003,2.5151601746507635,0.9932885906040269,0.0,0.40268456375838924,88,0.5906040268456376,19.88413887051032,62.74435699999999,2.441028307686226,9,0,0.39483752420391843,0.7671199632610695,3.286567084757579,4,0,0.22294051913667934,0.8749176760598844,3.8353577295717063,1,,0.51062091503268,0.6295108045278115,0.7848714944673608,5.186451276029087,0.007645618143900719,0.09395973154362416,0.09395973154362416,0.49732044914949053,0.248242199340721
32436,s32436.csv,6,3.202,4.212,1.0099999999999998,0.8333333333333334,0.0,0.0,5,0.8333333333333334,33.52658752072415,78.193862,,0.8333333333333334,0.0,0.0,5,0.8333333333333334,12.857843908486991,29.207806000000005,,9,0,,,,4,0,,,,0,,,,,,,0.0,0.0,,
32437,s32437.csv,6,3.202,4.212,1.0099999999999998,1.0,0.0,0.0,6,1.0,46.93191611679436,123.03984499999999,2.148119415486257,1.0,0.0,0.16666666666666666,5,0.8333333333333334,15.671249933114588,37.13425999999999,,9,0,,,,4,0,,,,0,,,,,,,0.0,0.0,,
32438,s32438.csv,6,3.202,4.212,1.0099999999999998,1.0,0.0,0.0,6,1.0,54.57674536501085,144.696955,6.602126265254784,0.0,0.0,0.0,0,0.0,,,,9,0,,,,4,0,,,,0,,,,,,,0.0,0.0,,
32441,s32441.csv,15,5.902,6.542,0.6399999999999997,1.0,0.0,0.0,15,1.0,55.47554287129975,167.21223599999993,3.288930809964595,1.0,0.0,0.9333333333333333,1,0.06666666666666667,,,,9,0,-0.0333548387761093,0.968523295275323,,4,0,0.28939287154491783,0.8234673964540569,,3,0.2999999999999998,,,,,,0.0,0.0,,
32442,s32442.csv,6,3.202,4.212,1.0099999999999998,1.0,0.0,0.0,6,1.0,45.604512104393706,117.63174750000002,2.614094512828389,1.0,0.0,0.0,6,1.0,4.02641887867598,9.647184999999993,2.132731261378674,9,0,,,,4,0,,,,0,,,,,,,0.0,0.0,,
32443,s32443.csv,10,2.202,4.212,2.01,1.0,0.0,0.0,10,1.0,29.45872304514308,80.34819350000001,3.9306742609721117,0.6,0.0,0.5,1,0.1,,,,9,0,,1.4295252279236024,,4,0,,0.4914176029784161,,0,,,,,,,0.0,0.0,,
32444,s32444.csv,10,2.202,4.212,2.01,1.0,0.0,0.0,10,1.0,44.5327079033761,119.16036400000002,6.833767550494582,1.0,0.0,0.6,4,0.4,,,,9,0,,1.422119132144365,,4,0,,0.6038443844371446,,0,,,,,,,0.0,0.0,,
32445,s32445.csv,10,2.202,4.212,2.01,1.0,0.0,0.0,10,1.0,47.29887795026082,132.62970449999997,3.7738496705835405,1.0,0.0,0.0,10,1.0,13.845814629551562,40.059717500000005,2.875403845305767,9,0,,1.42441813497326,,4,0,,0.5242620286663112,,0,,,,,,,0.0,0.0,,
32446,s32446.csv,10,2.202,4.212,2.01,1.0,0.0,0.0,10,1.0,29.25913033699321,83.6074165,4.562337689845305,0.9,0.0,0.3,6,0.6,7.891592598138153,20.9461675,1.3151578372037915,9,0,,1.4163037928922406,,4,0,,0.4596410130874268,,0,,,,,,,0.0,0.0,,
32447,s32447.csv,10,2.202,4.212,2.01,1.0,0.0,0.0,10,1.0,35.676209250103916,94.91757200000004,8.320060467052802,1.0,0.0,0.7,3,0.3,,,,9,0,,1.4218669337176693,,4,0,,0.5211509815448958,,0,,,,,,,0.0,0.0,,
32449,s32449.csv,10,2.202,4.212,2.01,1.0,0.0,0.0,10,1.0,27.697062370128513,72.32287849999997,34.67025184492247,0.6,0.0,0.5,1,0.1,,,,9,0,,1.41852172175365,,4,0,,0.4548001908690146,,0,,,,,,,0.0,0.0,,
32450,s32450.csv,10,2.202,4.212,2.01,1.0,0.0,0.0,10,1.0,22.81685516190084,57.85335699999999,5.628662940202458,1.0,0.0,0.3,7,0.7,21.709928382983428,55.03009,2.504540067249644,9,0,,1.4152188978029276,,4,0,,0.4860626179171292,,0,,,,,,,0.0,0.0,,
32451,s32451.csv,14,3.052,3.782,0.73,1.0,0.0,0.0,14,1.0,27.42429324117571,73.983575,4.771742124674909,0.14285714285714285,0.0,0.0,2,0.14285714285714285,,,,9,0,-0.9669316362482727,1.4013166895468427,,4,0,0.5452741273913824,0.7110880962413064,,0,,,,,,,0.0,0.0,,
32452,s32452.csv,149,5.012,6.492,1.4800000000000004,1.0,0.0,0.0,149,1.0,216.50879196639625,342.02075399999995,5.346836287803236,0.0,0.0,0.0,0,0.0,,,,9,0,0.045836266870188415,0.979245051317571,3.8647245961651877,4,0,0.280712437249393,0.8357899578450229,4.207440852036243,1,,0.5389444636081413,2.0309864464298646,0.7585553741609201,5.2932740333657495,-0.04985417803544771,0.09395973154362416,0.09395973154362416,0.7467389712962892,0.00938941694118437
32453,s32453.csv,149,5.012,6.492,1.4800000000000004,1.0,0.0,0.0,149,1.0,348.29139969096485,1124.6986339999971,15.122099624936391,1.0,0.0,0.9932885906040269,1,0.006711409395973154,,,,9,0,0.1390741593050594,0.9388264810990868,4.603492156038032,4,0,0.2613808403370332,0.8282685786457896,4.001811346188272,1,,0.5993226832689129,4.73447396669189,0.6544168425768815,11.126576826862255,-0.007332546607958202,0.1342281879194631,0.1342281879194631,0.800675261814965,-0.16167676319054436
32454,s32454.csv,149,5.012,6.492,1.4800000000000004,0.9530201342281879,0.006711409395973154,0.0,141,0.9463087248322147,412.8015770302149,1347.75346,1.9222165848156467,1.0,0.0,0.0,149,1.0,5.254455654857023,14.783677999999995,1.0764569573188756,9,0,0.023869565325901503,0.9977064942106165,6.716259273509593,4,0,0.6676995431898162,0.5594170718048725,4.1691349118372125,2,,0.8073993099443179,12.206023388838819,0.48159036803932087,23.34316525303123,0.25887126954116435,0.2214765100671141,0.2214765100671141,0.9480076701062139,-0.010954651403616926
32455,s32455.csv,149,5.012,6.492,1.4800000000000004,0.9463087248322147,0.013422818791946308,0.0,139,0.9328859060402684,381.5635128096417,1051.9338729999997,3.7113149721685477,0.10738255033557047,0.0,0.0,16,0.10738255033557047,15.837722717106447,44.6592975,1.5987180036116266,9,0,0.5075010026408416,0.6786158031827837,4.908528546578313,4,0,0.5250430528514364,0.6680160086796085,4.732120318466489,7,0.025000000000000355,0.6287986851897811,10.830970329604941,0.5703865375114684,14.599904506534804,-0.12862470625466157,0.28187919463087246,0.28187919463087246,0.9309988765792301,0.5012925908054906
32456,s32456.csv,149,5.012,6.492,1.4800000000000004,1.0,0.0,0.0,149,1.0,40.67172676060072,125.30267400000002,3.1965646944646355,1.0,0.0,0.9932885906040269,1,0.006711409395973154,,,,9,0,0.1387978825330102,0.8999732753863561,3.25033769433605,4,0,0.12291150783299142,0.9374679206449591,3.7011711330359365,1,,0.42952815829528024,4.837116638907405,0.36459446604144147,80.41374979076717,-0.1434868975134892,0.12751677852348994,0.12751677852348994,0.9500177917712446,0.015263904140787984
32459,s32459.csv,149,5.012,6.492,1.4800000000000004,1.0,0.0,0.0,149,1.0,157.92364460104352,223.5609319999999,3.311132485978356,0.7651006711409396,0.0,0.006711409395973154,113,0.7583892617449665,23.098525516013275,66.88445199999998,2.0074854158638304,9,0,0.12676582229232036,0.9279777452451579,3.59505916782828,4,0,0.12319566149138608,0.9140720576803856,3.1076014049183462,1,,0.5462418806062476,3.415308239120127,0.668050621263174,22.716886409440605,0.016143849024600698,0.06711409395973154,0.06711409395973154,0.827761912921236,-0.05868115917481297
32463,s32463.csv,148,0.502,1.982,1.48,0.5472972972972973,0.0,0.0,81,0.5472972972972973,178.93014450264187,642.7420500000001,3.6859840077578014,0.49324324324324326,0.0,0.4864864864864865,1,0.006756756756756757,,,,9,0,0.9523193433049578,0.2112986992429716,5.5955904938439875,4,0,0.982970378864156,0.13000731431529933,3.353523857586404,3,0.25,0.7366043061211718,0.9379028827688333,0.7411106357349747,5.671776646330829,-0.019440137362974754,0.17567567567567569,0.17567567567567569,0.8543892365128241,-0.030301909802335082
32484,s32484.csv,149,5.012,6.492,1.4800000000000004,0.9664429530201343,0.0,0.0,144,0.9664429530201343,361.9464693225466,417.8893224999998,17.60405780072323,1.0,0.0,0.9731543624161074,4,0.026845637583892617,,,,9,0,0.18025265729723494,0.9007547635713512,3.70478327447985,4,0,0.23225203120248597,0.8979458652610588,3.060846955285604,1,,0.6955505279034683,9.619335853791295,0.08750800536703532,110.02402304877393,-0.0018625629089676675,0.1342281879194631,0.1342281879194631,0.9641358848807386,-0.013239162985971146
32485,s32485.csv,149,5.012,6.492,1.4800000000000004,0.9932885906040269,0.0,0.0,148,0.9932885906040269,149.39122484533559,346.7027825000002,4.33489348450727,0.5100671140939598,0.0,0.0,76,0.5100671140939598,41.84370510601307,141.0229075,0.8719304813976628,9,0,0.3085266283999907,0.8041176468295532,3.5321291608509235,4,0,0.4819295766998358,0.7211343233329821,3.2507933145988765,1,,0.732456140350879,2.168757137290497,0.4730722773168939,31.032296510706786,0.01062902008171694,0.14093959731543623,0.14093959731543623,0.652834895544613,0.03320168858888425
32487,s32487.csv,149,5.012,6.492,1.4800000000000004,1.0,0.0,0.0,149,1.0,232.13130184763105,346.96131799999955,10.273261488658006,1.0,0.0,0.0,149,1.0,3.9001836395487284,10.762718,1.7773800415811398,9,0,0.17943580942344564,0.8916099226536098,2.6380663994033364,4,0,0.23642859654260587,0.8814942139812116,3.6336316081358544,1,,0.8248916824311939,5.2560536270113225,0.4774743585043601,29.36123587451726,-0.1369696231770478,0.2684563758389262,0.28859060402684567,0.7944063805822166,-0.02419251865777368
32488,s32488.csv,149,5.012,6.492,1.4800000000000004,1.0,0.0,0.0,149,1.0,98.9590687283537,218.23687199999995,4.437415815237518,0.9932885906040269,0.0,0.40268456375838924,88,0.5906040268456376,11.736773447687261,35.55768649999999,2.564549373391395,9,0,0.3016598711717462,0.815825430938815,3.3486701011810736,4,0,0.35952140977335156,0.7941144608690931,3.8737550024731293,1,,0.9077957868186298,6.727588964204923,0.4461820730149168,22.62826679531407,-0.026593352158223945,0.26174496644295303,0.26174496644295303,0.8823510108063685,0.03300000192690075
32489,s32489.csv,107,5.012,6.072,1.0600000000000005,0.9345794392523364,0.028037383177570093,0.0,97,0.9065420560747663,198.19094490300733,457.4043819999999,2.9290308661237017,1.0,0.0,0.0,107,1.0,5.4788054727139075,11.676200999999992,2.871313823234018,9,0,0.5388301800359895,0.682959924980957,11.646853332320887,4,0,0.7497572598546585,0.4991645310753729,9.749381485020043,6,0.15000000000000036,0.654194691299144,12.685596114108499,0.5222726387535602,11.878471964896193,-0.05740857357362797,0.22429906542056074,0.22429906542056074,0.9488651152580689,0.22073386182724655
32490,s32490.csv,149,7.012,8.492,1.4800000000000013,1.0,0.0,0.0,149,1.0,219.81705223468038,345.2655019999999,6.880831101783226,1.0,0.0,0.9932885906040269,1,0.006711409395973154,,,,9,0,0.39325294236042774,0.7231808525126906,4.357260330255366,4,0,0.40862828209960095,0.7645978794307902,4.361393559012776,1,,0.9058210682983296,4.735772057085921,0.5111484650262758,25.966539889557296,0.021008898748175957,0.18791946308724833,0.18791946308724833,0.5086320325308531,0.10787567769396081
32491,s32491.csv,149,7.012,8.492,1.4800000000000013,0.9865771812080537,0.0,0.0,147,0.9865771812080537,171.54779470349473,202.03616399999987,7.141990426236212,1.0,0.0,0.006711409395973154,148,0.9932885906040269,20.224392519110573,65.0980625,3.1321247889918427,9,0,0.1295476066077632,0.9325176797403264,3.9559338097038,4,0,0.11838909742149008,0.9382689348271587,4.569259568631622,1,,0.7694660491129945,3.475924517815227,0.5507911942872384,33.005478716795594,0.07305320767623566,0.1610738255033557,0.16778523489932887,0.9253899547472939,0.03215759058910294
32492,s32492.csv,149,7.012,8.492,1.4800000000000013,1.0,0.006711409395973154,0.0,148,0.9932885906040269,183.32075569225785,370.96996150000024,4.346192513342283,0.0,0.0,0.0,0,0.0,,,,9,0,0.42995219743101937,0.7388930940273428,3.8543349241967366,4,0,0.4535197538111413,0.7356291653402303,3.165552130328107,1,,0.8928498800178976,2.722902098575074,0.6919343087483084,8.950634245116518,0.14046681389400711,0.2214765100671141,0.22818791946308725,0.8704599003097316,-0.1447382169556939
32493,s32493.csv,149,7.012,8.492,1.4800000000000013,0.42953020134228187,0.013422818791946308,0.0,62,0.4161073825503356,691.5727929630035,2106.6755885,19.67829167198504,0.6375838926174496,0.0,0.006711409395973154,94,0.6308724832214765,152.99197756156823,121.4758335,42.234416475037186,9,0,0.09312597114346288,0.9625863028372806,3.4794017402107174,4,0,0.35362662570144165,0.7957974954739366,2.7227251644186685,1,,0.7896968745091907,3.2774218694051758,0.2913542966493072,50.48574754292383,0.030888346653696913,0.12080536912751678,0.12080536912751678,0.9797640665594881,-0.05489606170025609
32497,s32497.csv,149,7.012,8.492,1.4800000000000013,1.0,0.0,0.0,149,1.0,93.65797408009307,141.587762,3.4553811706998285,1.0,0.0,0.9932885906040269,1,0.006711409395973154,,,,9,0,0.38868314937625625,0.7488576863251659,2.4847350891968327,4,0,0.16873097608092363,0.9116899618943617,2.8684946638872493,1,,0.6471426309957258,0.9804646233963754,0.8271181295108431,3.83689720707122,-0.023738963781191433,0.03355704697986577,0.03355704697986577,0.28390409904275066,-0.12777173480806914
32498,s32498.csv,149,7.012,8.492,1.4800000000000013,1.0,0.0,0.0,149,1.0,444.0315428867335,1098.8698879999988,40.70909507788671,1.0,0.0,0.9932885906040269,1,0.006711409395973154,,,,9,0,0.2540298136845571,0.8494371780156189,4.190196234478962,4,0,0.09060900668630743,0.9758238145670552,2.6812109798278607,1,,0.8442170947612786,1.0195297126671066,0.8542994629408703,1.8858401300755032,-0.0068091349350581035,0.03355704697986577,0.040268456375838924,0.40051951780397305,-0.019012558794018048
32500,s32500.csv,198,7.012,8.992,1.9800000000000013,0.98989898989899,0.0,0.0,196,0.98989898989899,280.0113694678036,301.87786000000006,9.506365649384147,0.0,0.0,0.0,0,0.0,,,,9,0,0.302136420687238,0.822418743101245,3.767911235960413,4,0,0.2318603132494073,0.8614860741081067,3.4335196800232857,2,,0.5122442290583926,0.8454933601699155,0.9062964713273474,0.5164766417365643,0.003379509817896937,0.0,0.0,0.08221554018524585,0.05951924893401327
32501,s32501.csv,29,3.212,3.492,0.2799999999999998,0.0,0.0,0.0,0,0.0,,,,1.0,0.0,0.0,29,1.0,1.7378320446556015,5.839072000000002,2.58692884979624,9,0,0.43545068277474885,0.7884982383053699,3.0945176702055632,4,0,-0.021672333460963807,1.0051622385178716,2.388734966638649,3,0.11499999999999999,,,,,,0.0,0.0,0.750866517357169,
32521,s32521.csv,198,7.012,8.992,1.9800000000000013,0.9848484848484849,0.015151515151515152,0.0,192,0.9696969696969697,504.02962800042496,1505.458890999994,8.771501046925371,1.0,0.0,0.5,99,0.5,5.08230729206404,15.617110999999994,1.9616085616782912,9,0,0.28944382443955974,0.8268542167614351,3.6596249011327604,4,0,-0.10667263458599448,1.0620044520799605,3.014973694860382,4,0.4299999999999997,0.891938917347899,1.0190356582008224,0.9019939938966745,0.6782337573441468,-0.041180203730850996,0.020202020202020204,0.020202020202020204,0.224042259251195,0.06783952259216705
32522,s32522.csv,198,7.012,8.992,1.9800000000000013,0.6060606060606061,0.04040404040404041,0.0,112,0.5656565656565656,617.1368112452163,1767.0737835,2.7533548388095213,1.0,0.0,0.010101010101010102,196,0.98989898989899,8.755721185709666,27.075270000000003,0.7782356818942588,9,0,0.4714321711017141,0.7300079647414717,2.7189550302805503,4,0,0.54890694529186,0.6727023800611689,2.638127645194096,0,,0.6407991768135832,14.7692199983416,0.3885517824526134,118.74561294100363,-0.044843951959993515,0.045454545454545456,0.06060606060606061,0.9435556738603527,0.33385180297758205
32523,s32523.csv,198,7.012,8.992,1.9800000000000013,1.0,0.020202020202020204,0.0,194,0.9797979797979798,415.3310479127062,662.0135544999995,24.70276674202797,1.0,0.0,0.9949494949494949,1,0.005050505050505051,,,,9,0,0.06936628176050953,0.961335057963487,4.110975652634591,4,0,0.1703832576454279,0.9296995134077253,3.199639357031214,3,0.7550000000000003,0.6501318391562294,1.3827699187232856,0.9348777021076852,-0.38120674369478236,-0.050311310483870726,0.0,0.0,-0.01693827509697894,-0.30063490299520396
32524,s32524.csv,198,7.012,8.992,1.9800000000000013,1.0,0.005050505050505051,0.0,197,0.9949494949494949,308.94739198354875,253.32412599999972,13.660694681570435,1.0,0.0,0.005050505050505051,197,0.9949494949494949,8.281522987311426,23.511566000000002,2.879261798152945,9,0,0.2887877573919723,0.8263152829516112,4.44057831668593,4,0,0.07899161565632401,0.9580522706382049,3.57680843820058,3,0.7550000000000003,0.5626664934052359,0.654501395339486,0.9240900696730415,-0.06914667499312244,0.008657856122038558,0.0,0.0,0.02754776909847772,-0.10919844176081601
32527,s32527.csv,144,0.542,1.982,1.44,0.5694444444444444,0.0,0.0,82,0.5694444444444444,186.24300340221825,636.7301895000002,6.450378552231153,0.0,0.0,0.0,0,0.0,,,,9,0,0.8975237889412353,0.3055786909841459,5.605242524220079,4,0,0.9835389455395266,0.13301801224379545,3.0521293610438263,3,0.22999999999999998,0.7998103863270356,1.3960774699199385,0.6042590012394413,23.358394290280113,-0.13431598840816972,0.1527777777777778,0.1527777777777778,0.74564343862901,0.30804947228457336
32570,s32570.csv,29,3.212,3.492,0.2799999999999998,0.0,0.0,0.0,0,0.0,,,,1.0,0.0,0.034482758620689655,28,0.9655172413793104,3.3498127761141716,10.558055999999993,1.949939422845989,9,0,0.1082981193777875,0.9120006449264602,3.6013034016549894,4,0,0.09898861419056096,0.9742479661217501,3.6965194726257526,0,,,,,,,0.0,0.06896551724137931,0.6146124988267065,
32597,s32597.csv,149,3.012,4.492,1.48,1.0,0.013422818791946308,0.0,147,0.9865771812080537,162.50106120742072,296.0882879999999,4.238867146544774,0.7785234899328859,0.0,0.33557046979865773,66,0.4429530201342282,43.23159712128177,102.469435,5.369990632107061,9,0,0.15712182117295562,0.8862354984366408,3.353473618152655,4,0,0.276234443583705,0.8605465474988218,3.079573317866937,1,,0.8171232876712315,1.4129876466758535,0.8966536554878636,0.3130428457099397,-0.015443326366756677,0.0,0.013422818791946308,0.308193816324139,-0.011233282652592238
32598,s32598.csv,137,4.002,5.472,1.4700000000000006,0.8029197080291971,0.0,0.0,110,0.8029197080291971,166.7728055224543,425.757767,3.4974569548620758,0.32116788321167883,0.0,0.0,44,0.32116788321167883,6.513821091083986,16.249099,2.6699285601381706,9,0,0.7803049844520893,0.4329153703800554,3.14741721128319,4,0,0.9212867269124442,0.2668500313907015,5.090156931516704,10,0.08000000000000007,0.8048531025102631,3.4248348453675104,0.7891085936975738,3.250453699283975,0.03824322473097594,0.072992700729927,0.08029197080291971,0.6573778368988734,0.11698394841602183
32612,s32612.csv,88,4.002,4.872,0.8700000000000001,0.7045454545454546,0.022727272727272728,0.0,60,0.6818181818181818,428.1718555682183,1118.0808639999998,7.650192607394726,1.0,0.0,0.9886363636363636,1,0.011363636363636364,,,,9,0,0.4144495026122019,0.7304237591938337,1.9862544813500167,4,0,0.8928756145808721,0.30757505511528926,6.434855852321653,1,,0.8885141893629797,2.8744087758906396,0.7106793385931944,3.5342503936077208,-0.01889943335139506,0.09090909090909091,0.09090909090909091,0.5475464026782728,-0.010989100697741333
32613,s32613.csv,87,4.002,4.862,0.8600000000000003,0.7126436781609196,0.011494252873563218,0.0,61,0.7011494252873564,328.08195804801016,693.94815,3.151490643372325,1.0,0.0,0.9885057471264368,1,0.011494252873563218,,,,9,0,0.6262090920098119,0.5462826475826982,2.5489398566627144,4,0,0.8608813442734339,0.36978322789004214,6.831950522215535,1,,0.8195198114879325,2.2964810648644045,0.6976809097029502,4.387186318797063,-0.02748672470371745,0.2413793103448276,0.2413793103448276,0.545147070283488,-0.2527205569318142
32614,s32614.csv,88,4.002,4.872,0.8700000000000001,0.8181818181818182,0.03409090909090909,0.0,69,0.7840909090909091,380.22628315698614,895.2261819999985,6.437253619502769,0.8636363636363636,0.0,0.011363636363636364,75,0.8522727272727273,11.907099414751187,36.77217499999999,1.6530301945506451,9,0,0.6912034300679522,0.4506619043952551,2.596031194292122,4,0,0.8201138960673373,0.41814406954899075,5.527238327467815,1,,0.922479268694276,2.665039517484261,0.7300461485431039,3.630995433682171,-0.1813094157607705,0.19318181818181818,0.19318181818181818,0.8355772686311131,-0.03949888552290092
32615,s32615.csv,91,4.002,4.902,0.9000000000000004,0.7582417582417582,0.04395604395604396,0.0,65,0.7142857142857143,364.852812793438,1158.6521519999985,9.639735573791048,0.8791208791208791,0.0,0.01098901098901099,79,0.8681318681318682,77.56936920368761,55.931077,1.88877768111628,9,0,0.6442395627854042,0.5228867971636458,2.7033801792302214,4,0,0.8408237346759906,0.38600060539283965,6.053012249498815,1,,0.825039098528292,3.2819431406020163,0.7096722119459296,4.727921611862621,0.12953881511375254,0.15384615384615385,0.15384615384615385,0.757232314277232,0.06501601119278069
32623,s32623.csv,146,0.522,1.982,1.46,0.5958904109589042,0.00684931506849315,0.0,86,0.589041095890411,348.2435807034444,1211.24089,16.231377904698522,0.863013698630137,0.0,0.0,126,0.863013698630137,19.256854734137633,32.2926725,1.179279004385593,9,0,0.8762559847981124,0.3456620067628782,4.325117341984385,4,4,1.0,0.0,,8,0.06000000000000005,0.5485950064753187,2.948959234311669,0.6346650363831524,13.422720659549029,0.2523348171696437,0.2945205479452055,0.2945205479452055,0.7691719980660489,0.3988146519375434
32653,s32653.csv,447,3.012,7.492,4.48,1.0,0.0,0.0,447,1.0,65.94091424060315,200.68685699999992,3.332430523921244,0.7718120805369127,0.0,0.116331096196868,293,0.6554809843400448,31.65854405258995,43.03091199999999,1.154227743653223,9,0,0.26671847048069347,0.8316087877561955,3.779854135763506,4,0,0.11921137031645665,0.9441197522850023,3.4787224853868346,8,0.1299999999999999,0.530627678346355,1.0523178283694028,0.9154005767564092,6.1683243439747,-0.010227245454205895,0.011185682326621925,0.011185682326621925,0.27931296022402213,0.07882577241652604
32654,s32654.csv,447,3.012,7.492,4.48,0.8523489932885906,0.0022371364653243847,0.0,380,0.8501118568232662,252.04371452390146,454.46178900000007,6.9228724054547355,0.0,0.0,0.0,0,0.0,,,,9,0,0.05263520557415577,0.9733387723479986,3.4934613792568316,4,0,0.13248991907600846,0.9174036853753507,3.3036241847931302,8,0.3000000000000007,0.7442368963578417,0.7314446034143859,0.9543568491409274,0.014288074333921319,-0.043300876827593135,0.0,0.0,0.16094691723651935,-0.17810106195433387
32657,s32657.csv,447,3.012,7.492,4.48,1.0,0.0022371364653243847,0.0,446,0.9977628635346756,219.44462211209967,326.738735,6.950030569399378,0.9865771812080537,0.0,0.2214765100671141,342,0.7651006711409396,8.911800969056051,27.572149999999993,2.879642819647952,9,0,0.057271596885661157,0.9756788361495408,4.318741612525985,4,0,0.33856659886062973,0.824944975429537,3.28957608665379,4,0.7899999999999996,0.5938836884239067,1.1678355099360778,0.8743858195619302,5.919579800063424,8.21581516994626e-05,0.0447427293064877,0.049217002237136466,0.37050597199509766,0.009661195910255799
32658,s32658.csv,447,3.012,7.492,4.48,0.9910514541387024,0.0,0.0,443,0.9910514541387024,212.51714246214456,434.2055319999999,3.5864340545531963,1.0,0.0,0.5369127516778524,207,0.46308724832214765,11.033391117384355,34.20746199999999,1.2501737285549275,9,0,0.09255447293014818,0.9516247032967362,3.9461505264823624,4,0,0.4924062540084523,0.7129798011018059,3.1152107928086004,7,0.7399999999999998,0.4515415636789398,0.9119012697211675,0.7032791562749948,32.61293776860764,0.03198619155630928,0.087248322147651,0.09172259507829977,0.7540688417285922,-0.042544174486503876
32661,s32661.csv,447,3.012,7.492,4.48,0.9977628635346756,0.0022371364653243847,0.0,445,0.9955257270693513,204.10525494615413,499.2576959999995,4.032211063868059,0.9552572706935123,0.0,0.1610738255033557,355,0.7941834451901566,25.089280660916263,28.862787000000004,3.104646919288183,9,0,0.009259148827052852,0.996472476468985,3.444530301580227,4,0,0.2982474321515657,0.8266742821920564,3.837840567454162,3,1.4999999999999998,0.7840909090909092,0.5737461420336292,0.9047348941963891,3.7068395509463135,-0.05193737276492649,0.042505592841163314,0.058165548098434,0.47483458481879026,0.10157599001470641
32662,s32662.csv,297,2.912,5.892,2.9800000000000004,0.8653198653198653,0.003367003367003367,0.0,256,0.8619528619528619,161.12849521134578,498.06924749999996,1.5066377054023004,1.0,0.0,0.5353535353535354,138,0.46464646464646464,19.94888828680589,65.20556300000001,1.4652262453302822,9,0,0.8346677422926617,0.3974085388396191,3.0077682530343894,4,0,0.9547772401110628,0.2118559829011596,2.13093182694403,5,0.915,0.37582506398455406,0.5408014627898321,0.8512067739104925,7.86717248331426,0.008588497296216059,0.03367003367003367,0.03367003367003367,0.5054433335836597,0.01039759612216353
32663,s32663.csv,297,2.912,5.892,2.9800000000000004,0.8686868686868687,0.013468013468013467,0.0,254,0.8552188552188552,331.6734905265577,966.3408495,3.01312924855411,0.9932659932659933,0.0,0.010101010101010102,292,0.9831649831649831,19.799798469253535,62.53008049999997,2.5118413269027604,9,0,0.16592839343737548,0.9142899877350225,4.370358194891768,4,0,0.9298044432515584,0.2748632109690886,2.6489351684516356,4,1.0,0.34148262511951594,0.8340855935242324,0.8535738133682435,6.031492175671242,-0.06116749389303114,0.15488215488215487,0.15488215488215487,0.6917380535000957,0.0856272396616723
32669,s32669.csv,149,3.012,4.492,1.48,0.9932885906040269,0.0,0.0,148,0.9932885906040269,424.6263990821658,1036.0201800000004,23.134865660777418,0.6845637583892618,0.0,0.006711409395973154,101,0.6778523489932886,26.65738800767431,80.9966,0.8187860652231581,9,0,0.022540313817901406,0.9948487469162758,4.444851684148276,4,0,0.1827929389326317,0.9084738506822132,3.522681284720942,1,,0.6505225592658693,0.9675620435107979,0.9254846000048151,-0.5330349254280689,-0.0781531935397952,0.0,0.0,0.42798749168850786,0.18474279040552277
32715,s32715.csv,151,3.512,5.022,1.5100000000000002,0.7350993377483444,0.006622516556291391,0.0,110,0.7284768211920529,101.01836686472541,311.45023549999996,2.0316732398435886,0.0,0.0,0.0,0,0.0,,,,9,0,0.25118769335018765,0.8286144892116138,4.3346792346251695,4,0,0.686544928178946,0.5373530704489355,3.3748287648459154,1,,0.6238676318510862,4.14903178634315,0.937294430581886,-0.789458077520002,-0.01157680496225116,0.0,0.0,0.6459859925382608,-0.2288023644565383
32718,s32718.csv,645,3.512,9.992,6.48,0.993798449612403,0.004651162790697674,0.0,638,0.9891472868217054,213.81713267519632,353.81524049999996,2.594399146020469,1.0,0.0,0.7705426356589147,148,0.22945736434108527,36.23392299588839,16.509798499999995,3.4919087237929847,9,0,0.40811232622839255,0.7691071407216498,3.916563636656146,4,0,0.7581662209483635,0.4657863717623716,3.3433951762216254,8,0.9999999999999996,0.3199827987255411,2.187467865414109,0.8527743425919279,13.41137940554644,-0.06296490453282912,0.24031007751937986,0.24031007751937986,0.9136384371577421,-0.08844306599782226
32745,s32745.csv,347,3.512,6.992,3.48,0.9971181556195965,0.008645533141210375,0.0,343,0.9884726224783862,406.343388188215,550.2955299999998,10.729972374241264,0.9048991354466859,0.0,0.011527377521613832,310,0.8933717579250721,45.52460501963597,57.95915400000001,3.8102370872026246,9,0,0.12839994233230598,0.9314475913613764,3.8446704841965995,4,0,0.1316484745760327,0.9256737699875404,3.4287154064066114,4,0.010000000000000675,0.3046267979063342,0.38358901638270204,0.9294249489055012,0.8060215178990562,-0.029914925435347593,0.011527377521613832,0.011527377521613832,0.5688338123473576,-0.0033104665523548764
32748,s32748.csv,347,3.512,6.992,3.48,0.7146974063400576,0.008645533141210375,0.0,245,0.7060518731988472,534.2550754825842,1744.0792999999987,9.61834701805675,0.0,0.0,0.0,0,0.0,,,,9,0,0.43677073042866466,0.7474210537799237,3.6516641758132886,4,0,0.11393213724805831,0.937416199848676,3.638625501297864,4,0.9999999999999996,0.3845870884679043,0.43785116324887485,0.948300352692908,0.12230654142865283,0.032282139942370225,0.0,0.0,0.46069801101103947,-0.08424190985513645
32751,s32751.csv,149,7.012,8.492,1.4800000000000013,0.47651006711409394,0.013422818791946308,0.0,69,0.46308724832214765,490.02083612442624,1283.6309419999989,12.74676674823936,1.0,0.0,0.9932885906040269,1,0.006711409395973154,,,,9,0,0.18771467183034338,0.9043487024781763,3.868191069527378,4,0,-0.026979569926902387,1.001415237353977,2.655642049076489,1,,0.6206662134602289,1.3312956799193838,0.8595691718826343,1.221408353244431,-0.0014618860283177326,0.0,0.0,0.22959584591567445,-0.028522371487155532
